id,num,tekst,type
2,122,,1
6,122,"<div>Vanuit de oude Griekse teksten lijkt de oorspronkelijke betekenis een <i>lange tijd</i>, met name <i>de tijd van een leven </i>te zijn geweest. Deze betekenis heeft zich in de loop van eeuwen uitgebreid zodat het gebruikt werd voor <i>lange (wereld)tijdperken</i>. 'Eindeloze eeuwigheid' behoort in deze teksten niet de basisbetekenis van het woord.</div>",5
4,122,"<div>In de oude Griekse teksten werd <span class=""ncv-GH z-a""><span class=""translit"">aiōn</span><span class=""Greek"">αιων</span></span> gebruikt om een lange tijd aan te duiden, maar dan met name de tijd van een leven. Bij Homerus (8e eeuw v.Chr.) werd het woord gebruikt als een synoniem voor <a class=""ghw"" name=""G_l_927""><span class=""ncv-GH""><span class=""translit"">bios</span><span class=""Greek"">βιος</span></span></a>, dat <i>leven</i> (of <i>levensonderhoud</i>) betekent. Demosthenes (4e eeuw v.Chr.) zette de ""toekomstige <span class=""ncv-GH z-a""><span class=""translit"">aiōn</span><span class=""Greek"">αιων</span></span>"" tegenover <a class=""ghw"" name=""G_i_17797""><span class=""ncv-GH""><span class=""translit"">progonōn</span><span class=""Greek"">προγονων</span></span></a>, de <i>voorouders</i>, zodat daar <span class=""ncv-GH z-a""><span class=""translit"">aiōn</span><span class=""Greek"">αιων</span></span> op een toekomstige tijd/generatie wijst. In de loop van de tijd breidde de betekenis zich uit om ook op langere onbepaalde stukken tijd te wijzen, de tijden vanaf het begin van de wereld tot die in de verre toekomst.</div><br><div>Eindeloze eeuwigheid is een filosofisch concept dat je slechts terugvindt bij een enkel Grieks werk, mogelijk in het werk <i>Timaeus</i> van Plato, maar verder hoort dus in de oude Griekse teksten, bij de Griekse filosofen en andere Griekse schrijvers voor en tijdens het ontstaan van het NT 'eindeloze eeuwigheid' niet tot de betekenis van het woord, zie bijv. het onderzoek van H.M.Keizers, '<i>Life Time Entirety - A study of</i> <span class=""ncv-GH z-a""><span class=""translit"">aiōn</span><span class=""Greek"">αιων</span></span> <i>in Greek Literature and Philosophy, the Septuagint and Philo</i>'.</div>",3
7,122,"<div>Iets van de oorspronkelijke betekenis van <span class=""ncv-GH z-a""><span class=""translit"">aiōn</span><span class=""Greek"">αιων</span></span>, de tijd van een leven, is mogelijk nog te zien in een enkele tekst (bijv. <a class=""l"">Joh 13:8</a> en <a class=""l"">1Kor 8:13</a>, '<i>nooit in mijn leven</i>'), maar het woord wordt vrijwel uitsluitend gebruikt om de langere (wereld)tijdperken aan te duiden, zowel de huidige (<a class=""l"">Gal 1:4</a>), als die in het verre verleden (bijv. <a class=""l"">Luk 1:70</a>), maar met name over de toekomstige tijden. Ook uitdrukkingen als <a class=""ghw"" name=""G_i_199""><span class=""ncv-GH""><span class=""translit"">eis</span><span class=""Greek"">εις</span></span></a> <a class=""ghw"" name=""G_i_15""><span class=""ncv-GH""><span class=""translit"">tous</span><span class=""Greek"">τους</span></span></a> <span class=""ncv-GH z-a""><span class=""translit"">aiōnas</span><span class=""Greek"">αιωνας</span></span>,<i> tot in de <a class=""mw"">eonen</a></i>, wijzen op de toekomstige tijdperken, zoals we de uitdrukking ook in de Septuagint en het Hebreeuws vinden.</div><br><div>Er is veel discussie over de lengte de tijd die het woord <span class=""ncv-GH z-a""><span class=""translit"">aiōn</span><span class=""Greek"">αιων</span></span> aanduidt. In loop van de kerkgeschiedenis is de overheersende mening geworden dat het woord duidt op eindeloze eeuwigheid, maar dit filosofische concept is niet de betekenis die we vinden in de oude Griekse teksten, Griekse filosofen of de Septuagint. Ook in het NT is het duidelijk dat het woord op een weliswaar lange, maar eindige tijd slaat. Zo vinden we in de Griekse Schrift teksten die duidelijk spreken over ‘voor eonische tijden’ (<a class=""l"">2Tim 1:9</a>), ‘tijdens eonische tijden verzwegen, maar nu’ (<a class=""l"">Rom 16:25</a>), ‘voor de <a class=""mw"">eonen</a>‘ (<a class=""l"">1Kor 2:7</a>) of de ‘afsluiting van de <a class=""mw"">eonen</a>‘ (<a class=""l"">Heb 9:26</a>). Daarnaast worden verschillende dingen 'eeuwig' genoemd die duidelijk niet eindeloos zijn (zie, ook voor 'eeuwig leven' en 'eeuwige God', <a class=""ghw"" name=""G_l_123""><span class=""ncv-GH""><span class=""translit"">aiōnion</span><span class=""Greek"">αιωνιον</span></span></a>).</div><br><div>Sommigen accepteren dan ook dat het soms op een tijdelijke periode duidt, maar houden vast dat het soms toch 'eindeloos' moet betekenen. Vanuit de ontwikkeling van het woord in het Grieks is hier geen aanleiding voor, en het is de vraag of het woord ergens in het NT zo gebruikt wordt dat we genoodzaakt zijn toch 'eindeloos' erin te lezen. De meeste voorbeelden die gegeven worden berusten op misverstanden. </div><br><div>Zo wordt gezegd dat het enkelvoud wellicht inderdaad op een tijdperk slaat, maar het meervoud eindeloze tijd beschrijft. Het meervoud van tijdperk is tijdperken, niet eindeloze tijd. Ook wordt gewezen op de vertaling 'tot in alle eeuwigheid', echter, daar staat letterlijk 'tot in de <a class=""mw"">eon</a>(en)', en 'alle eeuwigheid' is een interpretatie van de vertalers, niet de betekenis van het woord. Dan wordt gewezen op constructies zoals 'tot in de <a class=""mw"">eonen</a> van de <a class=""mw"">eonen</a>', wat toch eindeloos zou betekenen. Dit is echter een Hebreeuws stijlfiguur, vergelijkbaar met 'Koning der koningen', de <i>hoogste/belangrijkste Koning</i>, en wijst dus niet op de duur van de <a class=""mw"">eonen</a>, maar wijst ze aan als de belangrijkste <a class=""mw"">eonen</a>. Zie ook <div class=""zoek-oc"" name=""1611"">Eeuwig en eeuwigheid</div> </div><br><div>Om het woord zo neutraal mogelijk te vertalen, zonder de bagage van de traditie maar ook zonder er te veel invulling aan te geven, is gekozen om het woord met '<a class=""mw"">eon</a>' te vertalen, wat volgens van Dale wijst op een 'zeer lange tijd' of een 'tijdperk'.</div>",6
8,122,,2
10,123,,1
11,123,,2
9,123,"<div>Het woord <span class=""ncv-GH z-a""><span class=""translit"">aiōnion</span><span class=""Greek"">αιωνιον</span></span> is het bijvoeglijk naamwoord van <a class=""ghw"" name=""G_l_122""><span class=""ncv-GH""><span class=""translit"">aiōn</span><span class=""Greek"">αιων</span></span></a>, en geeft aan dat iets 'gedurende/voor de duur van de <a class=""mw"">eon</a>(en)' er is. Om dit zo neutraal mogelijk te vertalen zonder te veel invulling of traditionele bagage, is voor '<a class=""mw"">eonisch</a>' gekozen, van '<a class=""mw"">eon</a>', wat op een 'zeer lange tijd' of 'tijdperk' slaat.</div>",0
1,122,"<div>Het woord <span class=""ncv-GH z-a""><span class=""translit"">aiōn</span><span class=""Greek"">αιων</span></span> omschrijft een lange, onbepaalde tijd, oorspronkelijk meestal een mensenleven, in het NT vooral een langer (wereld)tijdperk. Om dit zo neutraal mogelijk te vertalen zonder te veel invulling of traditionele bagage, is voor '<a class=""mw"">eon</a>' gekozen, wat op een 'zeer lange tijd' of 'tijdperk' slaat.</div>",0
12,123,"<div>In de oude Griekse teksten werd <a class=""ghw"" name=""G_l_122""><span class=""ncv-GH""><span class=""translit"">aiōn</span><span class=""Greek"">αιων</span></span></a> gebruikt om een lange tijd aan te duiden, maar dan met name de tijd van een leven. In de loop van de tijd breidde de betekenis zich uit om ook op langere onbepaalde stukken tijd te wijzen, de tijden vanaf het begin van de wereld tot die in de verre toekomst. Voor de 4e eeuw v.Chr. komt het bijvoeglijk naamwoord <span class=""ncv-GH z-a""><span class=""translit"">aiōnion</span><span class=""Greek"">αιωνιον</span></span> nauwelijks voor, maar wordt in de Hellenistische tijd vaker gebruikt.</div>",3
14,123,"<div>In de oude Griekse teksten wordt het bijvoeglijk naamwoord <span class=""ncv-GH z-a""><span class=""translit"">aiōnion</span><span class=""Greek"">αιωνιον</span></span> nauwelijks gebruikt, in tegenstelling tot <a class=""ghw"" name=""G_l_122""><span class=""ncv-GH""><span class=""translit"">aiōn</span><span class=""Greek"">αιων</span></span></a>, waar het vanaf geleid is. Vanuit de oude Griekse teksten lijkt de oorspronkelijke betekenis van <a class=""ghw"" name=""G_l_122""><span class=""ncv-GH""><span class=""translit"">aiōn</span><span class=""Greek"">αιων</span></span></a>  een <i>lange tijd</i>, met name <i>de tijd van een leven </i>te zijn geweest. Deze betekenis heeft zich in de loop van eeuwen uitgebreid zodat het gebruikt werd voor <i>lange (wereld)tijdperken</i>.</div>",5
5,122,"<div>Het woord <span class=""ncv-GH z-a""><span class=""translit"">aiōn</span><span class=""Greek"">αιων</span></span> komt enkele honderden keren in de Septuagint voor, en is daar bijna altijd de vertaling van het Hebreeuwse woord <span class=""Hebrew"">עולם</span> (olam), en komt dan vooral voor in constructies met voorzetsels, zoals <a class=""ghw"" name=""G_i_199""><span class=""ncv-GH""><span class=""translit"">eis</span><span class=""Greek"">εις</span></span></a> <a class=""ghw"" name=""G_i_15""><span class=""ncv-GH""><span class=""translit"">tous</span><span class=""Greek"">τους</span></span></a> <span class=""ncv-GH z-a""><span class=""translit"">aiōnas</span><span class=""Greek"">αιωνας</span></span>, <i>tot in de <a class=""mw"">eonen</a></i>, constructies die we ook in het NT vaak tegenkomen als over de toekomende tijdperken gesproken wordt.</div><br><div>Het Hebreeuwse woord <span class=""Hebrew"">עולם</span> (olam) heeft dezelfde betekenissen als <span class=""ncv-GH z-a""><span class=""translit"">aiōn</span><span class=""Greek"">αιων</span></span>  in de oude Griekse teksten tot het NT te vinden zijn. Ook het Hebreeuwse woord spreekt over een lange tijd, soms van een leven (bijv. <a class=""l"">Exo 21:6</a>; <a class=""l"">1Sam 13:13</a>), andere keren van voorbije tijden of toekomstige tijden of tijdperken (bijv. <a class=""l"">Deu 32:7</a>). Ook beloften die vaak als onveranderlijk en eindeloos worden voorgesteld kunnen beter in deze termen worden uitgelegd. Verschillende passages (bijv. <a class=""l"">1Sam 2:30</a>; <a class=""l"">3:13-14</a>) laten zien dat zulke 'eeuwige beloften' wellicht eerder uitgelegd moeten worden als een waarheid gedurende het leven van de persoon aan wie het beloofd wordt. Dit ontkent niet dat de beloften ook daarvoor en daarna nog geldig blijven, maar legt een ander accent.</div><br><div>Veel dingen die in het OT volgens onze vertalingen ""eeuwig"" of ""eindeloos"" zouden zijn, en met  <span class=""Hebrew"">עולם</span> (olam) aangeduid worden, blijken uiteindelijk tijdelijk te zijn. <span>Zo lezen we dat het heiligdom (Eze. 37,26,28), haar bedieningen (<a class=""l"">Ex. 30:21</a>; <a class=""l"">Lev. 6:18,22</a>), het priesterschap (<a class=""l"">Ex. 29:9</a>; <a class=""l"">40:15</a>; <a class=""l"">Num.25:13</a>; <a class=""l"">Psa.110:4</a>) en de offers (<a class=""l"">Ex.29:28</a>; <a class=""l"">Lev.7:34,36</a>; <a class=""l"">10:15</a>; <a class=""l"">17:7</a>; <a class=""l"">Num.18:8,11,19</a>) eeuwig of ""eindeloos"" zijn, terwijl we weten dat <a class=""l"">Openbaringen 21:22</a> geeft dat er geen tempel meer is op de nieuwe hemel en nieuwe aarde en wordt door Hebreeën verteld dat de inzettingen zullen verdwijnen, <a class=""l"">Heb 7:18</a>. Verder is het eerste verbond volgens <a class=""l"">lev 24:8</a> van (lees:voor) de olam maar komt er volgens <a class=""l"">Jeremia 31:31-34</a> een nieuw verbond. Volgens <a class=""l"">Prediker 1:4</a> is de aarde voor ""eeuwig"", maar er komt een nieuwe en de oude zal vergaan (<a class=""l"">Psalm 102:26</a>). Ook zal er smaad zijn over Israël voor ""eeuwig"" (<a class=""l"">Jer 23:40</a>), maar aan die smaad zal eens niet meer gedacht worden (<a class=""l"">Jes 54:4</a>). In het OT blijft dus de betekenis van lange tijdperken overeind.</span></div><br><div>Pas in Rabbijnse literatuur, die na het NT ontstaan is, vinden we dat de betekenis van <span class=""Hebrew"">עולם</span> (olam) afzwakt tot de betekenis 'wereld'. Het is daarom onwaarschijnlijk dat deze betekenis via het Hebreeuws ook in het NT te vinden zou zijn. Ook in het NT is <span class=""ncv-GH z-a""><span class=""translit"">aiōn</span><span class=""Greek"">αιων</span></span>  nog bovenal een tijdswoord.</div>",4
13,123,"<div>Het woord <a class=""ghw"" name=""G_l_122""><span class=""ncv-GH""><span class=""translit"">aiōn</span><span class=""Greek"">αιων</span></span></a> komt enkele honderden keren in de Septuagint voor, en is daar bijna altijd de vertaling van het Hebreeuwse woord <span class=""Hebrew"">עולם</span> (olam). Ook het Hebreeuwse woord spreekt over een lange tijd, soms van een leven (bijv. <a class=""l"">Exo 21:6</a>; <a class=""l"">1Sam 13:13</a>), andere keren van voorbije tijden of toekomstige tijden of tijdperken (bijv. <a class=""l"">Deu 32:7</a>). Ook beloften die vaak als onveranderlijk en eindeloos worden voorgesteld kunnen beter in deze termen worden uitgelegd. Verschillende passages (bijv. <a class=""l"">1Sam 2:30</a>; <a class=""l"">3:13-14</a>) laten zien dat zulke 'eeuwige beloften' wellicht eerder uitgelegd moeten worden als een waarheid gedurende het leven van de persoon aan wie het beloofd wordt. Dit ontkent niet dat de beloften ook daarvoor en daarna nog geldig blijven, maar legt een ander accent. Ook vele andere zaken die in onze vertalingen ""eeuwig"" genoemd worden, blijken uitiendelijk tijdelijk te zijn, zoals het verbond, het priesterschap, de aarde etc. (zie <a class=""ghw"" name=""G_l_122""><span class=""ncv-GH""><span class=""translit"">aiōn</span><span class=""Greek"">αιων</span></span></a>). Zo blijft de </div><br><div>Wanneer het Hebreeuwse woord bijvoeglijk gebruikt wordt, zoals in <a class=""l"">Gen 9:16</a> waar 'verbond van (de) <a class=""mw"">eon</a>(en)' een '<a class=""mw"">eonisch</a> verbond' betekent, dan vertaalt de Septuagint dit in het Grieks met het bijvoeglijk naamwoord <span class=""ncv-GH""><span class=""translit"">aiōnion</span><span class=""Greek"">αιωνιον</span></span>.</div>",4
3,10000,"<div>Het woord <a class=""ghw"" name=""G_l_122""><span class=""ncv-GH""><span class=""translit"">aiōn</span><span class=""Greek"">αιων</span></span></a> (en het ervan afgeleide <a class=""ghw"" name=""G_l_123""><span class=""ncv-GH""><span class=""translit"">aiōnion</span><span class=""Greek"">αιωνιον</span></span></a>) heeft als stam ON-INDIEN-ZIJNDE. Het woord wordt vaak gelinkt aan <a class=""ghw"" name=""G_l_52""><span class=""ncv-GH""><span class=""translit"">aei</span><span class=""Greek"">αει</span></span></a>, <i>steeds</i>, dat stam ON-INDIEN heeft, en in de meeste vertalingen vertaald wordt met <i>altijd</i>, maar de precieze relatie tussen de vorm en de betekenis blijft onder wetenschappers een punt van discussie. </div><br><div>Er wordt wel eens geprobeerd vanuit de bovenstaande vermeende opbouw van het woord de betekenis ervan te achterhalen, door net als voor het Hebreeuwse <span class=""Hebrew"">עולם</span> (olam) naar een soort 'onzichbare/verborgen tijd' te redeneren. Vanwege de onduidelijkheid over de relaties met andere woorden en precieze betekenis van de elementen waaruit het woord bestaat samen is dit echter af te raden. De betekenis wordt het best zichtbaar door het gebruik in oude Griekse teksten, de Septuagint en het NT te onderzoeken.</div><br><div>Dan blijkt <a class=""ghw"" name=""G_l_122""><span class=""ncv-GH""><span class=""translit"">aiōn</span><span class=""Greek"">αιων</span></span></a> te slaan op een lange, onbepaalde tijd, oorspronkelijk meestal een mensenleven, in het NT meestal een langer (wereld)tijdperk. Met het bijvoeglijk naamwoord <a class=""ghw"" name=""G_l_123""><span class=""ncv-GH""><span class=""translit"">aiōnion</span><span class=""Greek"">αιωνιον</span></span></a> wordt aangegeven dat iets 'gedurende/voor de duur van de eon(en)' er is.</div>",2
17,2327,,1
18,10001,"<div>Naast het woord <span class=""ncv-GH z-a""><span class=""translit"">eteron</span><span class=""Greek"">ετερον</span></span>, met stam VERSCHILLEND, zijn er ook nog enkele samengestelde woorden in het NT te vinden. Zo hebben we het bijwoord <a class=""ghw"" name=""G_l_2328""><span class=""ncv-GH""><span class=""translit"">heterōs</span><span class=""Greek"">ετερως</span></span></a>, met trefwoord <i>verschillend</i>, <a class=""ghw"" name=""G_l_2326""><span class=""ncv-GH""><span class=""translit"">heteroglōssos</span><span class=""Greek"">ετερογλωσσος</span></span></a>, <i>van een andere taal</i>, <a class=""ghw"" name=""G_l_2325""><span class=""ncv-GH""><span class=""translit"">heterodidaskaleō</span><span class=""Greek"">ετεροδιδασκαλεω</span></span></a>, met stam VERSCHILLEND-LEREN en trefwoord <i>anders leren</i>, en <a class=""ghw"" name=""G_l_2329""><span class=""ncv-GH""><span class=""translit"">heterozugeō</span><span class=""Greek"">ετεροζυγεω</span></span></a>, <i>ongelijk gejukt zijn</i>. Bij de laatste twee woorden is de extra nuance van <span class=""ncv-GH z-a""><span class=""translit"">eteron</span><span class=""Greek"">ετερον</span></span>, dat het niet slechts anders maar echt verschillend is, duidelijk aanwezig. Voor <a class=""ghw"" name=""G_l_2326""><span class=""ncv-GH""><span class=""translit"">heteroglōssos</span><span class=""Greek"">ετερογλωσσος</span></span></a>, zie onder 'NT'.</div>",2
21,2327,"<div>Het woord <span class=""ncv-GH z-a""><span class=""translit"">eteron</span><span class=""Greek"">ετερον</span></span> heeft in de oude Griekse teksten twee gebruiken. Het wordt gebruikt om in een paar één van de twee aan te wijzen, of meer algemeen als <i>ander</i>. Al wordt het vaak als synoniem gebruikt voor <a class=""ghw"" name=""G_l_209""><span class=""ncv-GH""><span class=""translit"">allo</span><span class=""Greek"">αλλο</span></span></a>, dat ook <i>ander</i> betekent, het heeft een andere nuance, dat er een verschil tussen de twee zit, ze niet van dezelfde klasse zijn. Dit verschil in nuance is in de tekst echter niet altijd duidelijk.<span class=""ncv-GH z-a""><span class=""Greek""></span></span></div>",5
20,2327,"<div>In de Septuagint vertaald <span class=""ncv-GH z-a""><span class=""translit"">eteron</span><span class=""Greek"">ετερον</span></span> vaak het Hebreeuwse <span class=""Hebrew"">אחר</span> (achér), dat ook <i>ander</i> betekent, maar dan vooral op plekken waar de originele betekenis van <span class=""ncv-GH z-a""><span class=""translit"">eteron</span><span class=""Greek"">ετερον</span></span> tevoorschijn komt. Zo wordt het gebruikt voor 'de andere [vrouw, van de twee]' in <a class=""l"">1Kon 3:22</a>, of om aan te geven dat Noach nog zeven <i>andere</i> (extra) dagen wacht. Vaak komt het voor als er verwezen wordt naar <i>andere</i> goden, waar zonder meer de nuance van een verschil, behorend tot een andere klasse (hier vergeleken met de echte God) tot zijn recht komt. <a class=""ghw"" name=""G_l_209""><span class=""ncv-GH""><span class=""translit"">allo</span><span class=""Greek"">αλλο</span></span></a> wordt dan ook niet daarvoor gebruikt.</div>",4
19,2327,"<div>Bij de eerste voorkomens van <span class=""ncv-GH z-a""><span class=""translit"">eteron</span><span class=""Greek"">ετερον</span></span> in de Griekse literatuur vinden we het woord vooral als verwezen wordt naar één van een paar. Zo vinden we het bij Herodotus in de uitdrukking <span class=""ncv-GH z-a""><span class=""translit"">tēn eterēn pulēn</span><span class=""Greek"">την ετερην πυλην</span></span>, 'één van de [twee] poorten'. Maar vanaf het begin is ook de andere betekenis, <i>ander,</i> zichtbaar in het gebruik. Bij Homerus lezen we al '<span class=""ncv-GH z-a""><span class=""translit"">eteron men ... eteras de</span><span class=""Greek"">ετερον μεν ... ετερας δε</span></span>', 'het ene [deel van de wijngaard] ... maar anderen'. Bij dit gebruik wordt er een verschil verondersteld t.o.v. hetgeen het mee vergeleken wordt. Hierin wijkt het ook af van <a class=""ghw"" name=""G_l_209""><span class=""ncv-GH""><span class=""translit"">allo</span><span class=""Greek"">αλλο</span></span></a>, dat eveneens met <i>ander</i> vertaald wordt. In de praktijk worden beide woorden echter vaak als synoniemen gebruikt.</div>",3
16,2327,"<div>Het woord <span class=""ncv-GH z-a""><span class=""translit"">eteron</span><span class=""Greek"">ετερον</span></span> heeft als stam VERSCHILLEND, maar wordt meestal vertaald met ander, en is vaak een synoniem voor <a class=""ghw"" name=""G_l_209""><span class=""ncv-GH""><span class=""translit"">allo</span><span class=""Greek"">αλλο</span></span></a>, dat ook ander betekent. Al is het niet overal zichtbaar, <span class=""ncv-GH z-a""><span class=""translit"">eteron</span><span class=""Greek"">ετερον</span></span> heeft een andere nuance, en duidt meer een verschil aan tussen twee dingen, dat iets van een andere klasse of soort is. Vandaar het trefwoord <i>andersoortig</i>.</div>",0
23,2327,,2
25,209,,1
28,209,"<div>In de Septuagint komt het woord <span class=""ncv-GH z-a""><span class=""translit"">allo</span><span class=""Greek"">αλλο</span></span> ook regelmatig voor, maar kent daar geen opvallend gebruik. Twee opvallende samenstellingen die we in de Septuagint tegenkomen zijn <a class=""ghw"" name=""G_l_211""><span class=""ncv-GH""><span class=""translit"">allophulon</span><span class=""Greek"">αλλοφυλον</span></span></a> en <a class=""ghw"" name=""G_l_210""><span class=""ncv-GH""><span class=""translit"">allogenēs</span><span class=""Greek"">αλλογενης</span></span></a>, dat respectievelijk [van een] <i>andere stam</i> en <i>vreemde</i> betekent. Het eerste woord komt eerder in oude Griekste teksten nog niet voor, het laatste wordt vaak gebruikt om het woord <span class=""Hebrew"">פלשתי</span> (phelisti) te vertalen, beter bekend als <i>Filistijn</i>.</div>",4
29,209,"<div>Het woord komt in de oude Griekse teksten en de Septuagint al voor, maar kent daar geen opmerkelijk of ander gebruik dan in het NT.</div>",5
24,209,"<div>Het woord <span class=""ncv-GH z-a""><span class=""translit"">allo</span><span class=""Greek"">αλλο</span></span>, stam VERANDER, betekent ander, en komt in gebruik erg overeen met ons woord ander/anders.</div>",0
27,209,"<div>In de oude Griekse teksten komt het woord ook voor, maar wordt niet anders gebruikt dan in het NT.</div>",3
30,209,"<div>In het NT wordt <span class=""ncv-GH z-a""><span class=""translit"">allo</span><span class=""Greek"">αλλο</span></span> gewoon in de standaard betekenis gebruikt, <i>ander</i>. Het heeft geen bijzondere betekenis, maar wordt wel gebruikt in enkele belangrijke passages. Zo wordt het gebruikt om naar 'de ander/anderen' te wijzen (<a class=""l"">1Kor 9:2,12</a>), in Johannes naar 'de andere discipel' (<a class=""l"">Joh 18:15-16</a>; <a class=""l"">20:3,4,8</a>), of juist om aan te geven dat er 'geen ander' is, als het gaat om God, Christus of het evangelie (<a class=""l"">Mar 12:32</a>; <a class=""l"">Joh 15:24</a>; <a class=""l"">Hand 4:12</a>; <a class=""l"">1Kor 3:11</a>; <a class=""l"">Gal 1:6,7</a>).</div><br><div>Opmerkelijk is de relatie met <a class=""ghw"" name=""G_l_2327""><span class=""ncv-GH""><span class=""translit"">heteron</span><span class=""Greek"">ετερον</span></span></a>, dat vaak als synoniem van  wordt gezien en als zodanig wordt gebruikt. Voor een bespreking van het verschil tussen de woorden en een bespreking van <a class=""l"">Gal 2:6,7</a>, zie <a class=""ghw"" name=""G_l_2327""><span class=""ncv-GH""><span class=""translit"">heteron</span><span class=""Greek"">ετερον</span></span></a>.</div>",6
31,353,"<div>In het NT duidt <span class=""ncv-GH z-a""><span class=""translit"">anathema</span><span class=""Greek"">αναθεμα</span></span> op een ban/banvloek, iets dat gewijd wordt aan de destructie. Het heeft als stam OPWAARTS-PLAATS-effect en als trefwoord <i>ban</i>.</div>",0
32,353,,1
33,10003,"<div>Naast het woord <a class=""ghw"" name=""G_l_353""><span class=""ncv-GH""><span class=""translit"">anathema</span><span class=""Greek"">αναθεμα</span></span></a>, met stam OPWAARTS-PLAATS-effect en trefwoord <i>ban</i>, en de oudere spelling <a class=""ghw"" name=""G_l_354""><span class=""ncv-GH""><span class=""translit"">anathēma</span><span class=""Greek"">αναθημα</span></span></a> met trefwoord <i>gelofteoffer</i>, vinden we in het NT ook nog het werkwoord, <a class=""ghw"" name=""G_l_355""><span class=""ncv-GH""><span class=""translit"">anathematizō</span><span class=""Greek"">αναθεματιζω</span></span></a>, dat <i>iets in de ban doen</i> betekent. Daarnaast kent het NT nog een woordfamilie waar de tegengestelde prepositie gebruikt wordt, <a class=""ghw"" name=""G_l_2854""><span class=""ncv-GH""><span class=""translit"">katathema</span><span class=""Greek"">καταθεμα</span></span></a>, maar wat <i>verdoemen</i> betekent, en daarmee in betekenis dicht in de buurt zit.</div>",2
35,353,"<div>Het woord  komen we in de Septuagint tegen als vertaling van het Hebreeuwse <span class=""Hebrew"">חרם</span> (chérèm), dat  gebruikt wordt om iets dat aan God gewijd is aan te duiden. Soms duidt het op iets dat gewijd is aan de priester voor zijn gebruik (<a class=""l"">Num 18:14</a>; <a class=""l"">Eze 44:29</a>), maar meestal is de betekenis negatief, en is het <i>gewijd aan de destructie</i>. Wat zo onder een vloek gekomen is, is aan God overgelaten en kan niet meer door een losser vrijgekocht worden (<a class=""l"">Lev 27:28,29</a>).</div><br><div>Met deze religieuze achtergrond vinden we dat de Kanaanieten vervloekt worden (<a class=""l"">Deut 7:1-6</a>; <a class=""l"">20:16-18</a>; <a class=""l"">Joz 6:17,20</a>), en lezen we het in de profeten in gevallen waar Gods verontwaardiging over andere volken uitgesproken wordt (bijv. <a class=""l"">Jes 34:2</a>; <a class=""l"">Jer 50:21</a>; <a class=""l"">Zach 14:11</a>). Ook zij die een banvloek niet respecteren kwamen zelf onder de vloek te liggen (<a class=""l"">Deut 7:26</a>; <a class=""l"">Joz 7:1,11-13,25</a>; <a class=""l"">1Kon 20:42</a>).</div>",4
36,353,"<div>Het woord <span class=""ncv-GH z-a""><span class=""translit"">anathema</span><span class=""Greek"">αναθεμα</span></span> of het verwante <a class=""ghw"" name=""G_l_354""><span class=""ncv-GH""><span class=""translit"">anathēma</span><span class=""Greek"">αναθημα</span></span></a> komen we vanaf de 5e eeuw tegen in oude Griekse teksten, met de oorspronkelijke betekenis<i> iets dat</i> [ergens] <i>opgelegd is</i>, dat zich uitbreidde tot <i>iets dat aan God gewijd is</i>. Pas in de Septuagint krijgt het woord zijn overheersende negatieve betekenis, dat iets gewijd is aan de destructie, onder een banvloek gelegd wordt.</div>",5
37,353,"<div>In het NT vinden we <span class=""ncv-GH z-a""><span class=""translit"">anathema</span><span class=""Greek"">αναθεμα</span></span> in de betekenis die het in de Septuagint draagt: dat iets gewijd is aan de destructie, iets onder een banvloek gelegd wordt. Met uitzondering van <a class=""l"">Hand 23:14</a> komt het woord alleen bij Paulus voor, die het gebruikt in de betekenis van de Septuagint. Zo wordt wie een ander evangelie verkondigt (<a class=""l"">Gal 1:8,9</a>) of wie de Heer Jezus niet lief heeft (<a class=""l"">1Kor 16:22</a>) vervloekt. In <a class=""l"">Rom 9:3</a> wenst Paulus zelf vervloekt te zijn als het zijn broeders zou kunnen redden, en in <a class=""l"">1Kor 12:3</a> lezen we dat niemand Jezus kan vervloeken onder leiding van Gods <a class=""mw"">geest</a>. </div><br><div>Alleen in <a class=""l"">Hand 23:14</a> zou gezegd kunnen worden het woord in de meer oorspronkelijke betekenis gebruikt wordt, als de Joden samenzweren tegen Paulus en zich daaraan met een eed binden. Het was echter niet ongebruikelijk in die tijd zich ergens aan te verbinden met een eed, waarin een vloek werd uitgesproken als ze niet zouden doen wat ze gezworen hadden.</div>",6
34,353,"<div>De vorm <span class=""ncv-GH z-a""><span class=""translit"">anathema</span><span class=""Greek"">αναθεμα</span></span> komt niet voor de 5e eeuw voor in de oude Griekse teksten, en werd daarna tot de Hellenistische tijd niet vaak gebruikt. De oudere en meer algemenere vorm <a class=""ghw"" name=""G_l_354""><span class=""ncv-GH""><span class=""translit"">anathēma</span><span class=""Greek"">αναθημα</span></span></a>, van <span class=""ncv-GH z-a""><span class=""translit"">anatithēmi</span><span class=""Greek"">ανατιθημι</span></span>, <i>opzetten</i> of [ergens] <i>op leggen</i>, dat in eerste instantie <i>iets</i> [ergens] <i>opgelegd, opgezet</i> betekent, maar ook voor het algemenere <i>versiersel</i> gebruikt kan worden, werd vaker gebruikt om te wijzen op een offergave die in een tempel opgezet was, waardoor de betekenis werd uitgebreid naar <i>gewijd aan [een] god</i>.</div>",3
38,542,,0
39,542,,1
40,542,,2
41,542,,3
42,542,,4
43,542,,5
44,542,,6
45,1010,"<div>Oorspronkelijk betekende <span class=""ncv-GH z-a""><span class=""translit"">kharis</span><span class=""Greek"">χαρις</span></span> vooral <i>iets dat welzijn of welbevinden brengt</i>, zoals vriendelijkheid, goedheid etc., door uitbreiding <i>gift</i>. In het NT vinden we deze betekenis ook, maar bij Paulus wijst het woord speciaal op de onverdiende gunst van God, dat Hij ons geroepen, gered en gerechtvaardigd heeft. Dit leidt tot het trefwoord <i>genade</i>.</div>",0
46,1010,,1
49,1010,"<div>In de Septuagint vertaald <span class=""ncv-GH z-a""><span class=""translit"">kharis</span><span class=""Greek"">χαρις</span></span> vooral het Hebreeuwse woord <span class=""Hebrew"">חן</span> (chén), dat <i><a class=""mw"">genade</a></i>, <i>gunst</i> of <i>vriendelijkheid</i> betekent. In de betekenis <a class=""mw"">genade</a> wordt het woord vaak gebruikt om het te beschrijven als de sterkere de zwakkere te hulp komt. Zo lezen we vaak '<a class=""mw"">genade</a>/gunst vinden in iemands ogen'. Ook wordt het gebruikt voor de handeling iemand aanvaardbaar te maken voor de andere partij (<a class=""l"">Gen 32:5</a>; <a class=""l"">39:4</a>; <a class=""l"">50:4</a>; <a class=""l"">Deut 24:1</a>; <a class=""l"">Rut 2:2</a>; <a class=""l"">1Sam 1:18</a>; <a class=""l"">Est 8:5</a>). Slechts zelden wordt het woord gebruikt voor het handelen van God (bijv. <a class=""l"">Gen 6:8</a>; <a class=""l"">2Sam 15:25</a>; <a class=""l"">Spreuk 3:34</a>).</div>",4
48,1010,"<div>Al vanaf de oudst beschikbare Griekse teksten is het woord <span class=""ncv-GH z-a""><span class=""translit"">kharis</span><span class=""Greek"">χαρις</span></span> terug te vinden. Dit woord, afgeleid van het werkwoord <a class=""ghw"" name=""G_l_989""><span class=""ncv-GH""><span class=""translit"">khairō</span><span class=""Greek"">χαιρω</span></span></a>, en wees waarschijnlijk op <i>iets dat welzijn of welbevinden brengt</i>, zoals vriendelijkheid, goedheid etc.,  en door uitbreiding ook de gift van datgene.  Daarmee is het nauw verwant met <a class=""ghw"" name=""G_l_1005""><span class=""ncv-GH""><span class=""translit"">khara</span><span class=""Greek"">χαρα</span></span></a>, dat meer het <i>ervaren van dit welzijn of welbevinden</i> betekende. Ook in de oude Griekse teksten vinden we al <span class=""ncv-GH z-a""><span class=""translit"">kharis</span><span class=""Greek"">χαρις</span></span> in combinatie met <a class=""ghw"" name=""G_l_1404""><span class=""ncv-GH""><span class=""translit"">ekhō</span><span class=""Greek"">εχω</span></span></a>, <i>hebben</i>, in de betekenis <i>dank</i>, of in de context van aanbidding van een god, <i>dankoffer</i>.</div>",3
50,1010,"<div>In de oude Griekse teksten betekent <span class=""ncv-GH z-a""><span class=""translit"">kharis</span><span class=""Greek"">χαρις</span></span> <i>iets dat welzijn of welbevinden brengt</i>, zoals vriendelijkheid, goedheid etc., door uitbreiding <i>gift</i>. In de Septuagint vertaald het <span class=""Hebrew"">חן</span> (chén), dat <i><a class=""mw"">genade</a></i>, <i>gunst</i> of <i>vriendelijkheid</i> betekent. In het OT wordt het woord nog vooral gebruikt in de relatie tussen mensen, niet vaak over Gods handelen.</div>",5
47,10004,"<div>De woorden <a class=""ghw"" name=""G_l_1010""><span class=""ncv-GH""><span class=""translit"">kharis</span><span class=""Greek"">χαρις</span></span></a>, <i><a class=""mw"">genade</a></i> en <a class=""ghw"" name=""G_l_1005""><span class=""ncv-GH""><span class=""translit"">khara</span><span class=""Greek"">χαρα</span></span></a>, <i>vreugde</i>, hebben beide stamvorm VREUGDE, zijn nauw verwant aan elkaar. <a class=""ghw"" name=""G_l_1010""><span class=""ncv-GH""><span class=""translit"">kharis</span><span class=""Greek"">χαρις</span></span></a> wijst in eerste instantie op dat wat vreugde of welzijn brengt, <a class=""ghw"" name=""G_l_1005""><span class=""ncv-GH""><span class=""translit"">khara</span><span class=""Greek"">χαρα</span></span></a> op de vreugde of het welzijn zelf. Al kan <a class=""ghw"" name=""G_l_1010""><span class=""ncv-GH""><span class=""translit"">kharis</span><span class=""Greek"">χαρις</span></span></a> door uitbreiding ook op <i>gave</i> duiden, daarvoor wordt met name <a class=""ghw"" name=""G_l_1011""><span class=""ncv-GH""><span class=""translit"">kharisma</span><span class=""Greek"">χαρισμα</span></span></a>, VREUGDE-effect, <i>genadegave</i>, gebruikt. Een vorm van <a class=""ghw"" name=""G_l_1010""><span class=""ncv-GH""><span class=""translit"">kharis</span><span class=""Greek"">χαρις</span></span></a>, namelijk <a class=""ghw"" name=""G_l_1009""><span class=""ncv-GH""><span class=""translit"">kharin</span><span class=""Greek"">χαριν</span></span></a>  (4e naamval enkelvoud), wordt gebruikt in de betekenis<i> ten gunste van</i>.</div><br><div>Bij het woord horen nog enkele werkwoorden: <a class=""ghw"" name=""G_l_989""><span class=""ncv-GH""><span class=""translit"">khairō</span><span class=""Greek"">χαιρω</span></span></a>, VERHEUGEN, <i>(zich) verheugen</i>; <a class=""ghw"" name=""G_l_1013""><span class=""ncv-GH""><span class=""translit"">kharizomai</span><span class=""Greek"">χαριζομαι</span></span></a>, VREUGDE-doen, <i><a class=""mw"">genade</a> schenken</i> en <a class=""ghw"" name=""G_l_1012""><span class=""ncv-GH""><span class=""translit"">kharitoō</span><span class=""Greek"">χαριτοω</span></span></a>, VREUGDE-maken, <i>begenadigen</i>. Daarnaast is er nog <a class=""ghw"" name=""G_l_14""><span class=""ncv-GH""><span class=""translit"">akhariston</span><span class=""Greek"">αχαριστον</span></span></a>, ON-VERHEUGd, <i>ondankbaar</i>. Zie ook <a class=""ghw"" name=""G_l_4986""><span class=""ncv-GH""><span class=""translit"">sugkhairō</span><span class=""Greek"">συγχαιρω</span></span></a>, SAMEN-VERHEUGEN, <i>zich samen verheugen</i>, en de woordfamilie van <a class=""ghw"" name=""G_l_1982""><span class=""ncv-GH""><span class=""translit"">eukharisteō</span><span class=""Greek"">ευχαριστεω</span></span></a>, WEL-VERHEUGEN, <i>danken</i>, wat ook met <a class=""ghw"" name=""G_l_1010""><span class=""ncv-GH""><span class=""translit"">kharis</span><span class=""Greek"">χαρις</span></span></a> en <a class=""ghw"" name=""G_l_1404""><span class=""ncv-GH""><span class=""translit"">ekhō</span><span class=""Greek"">εχω</span></span></a> uitgedrukt kan worden.</div>",2
52,989,"<div>Het woord <span class=""ncv-GH z-a""><span class=""translit"">khairō</span><span class=""Greek"">χαιρω</span></span> betekent <i>verheugen</i>, en wordt ook gebruikt als groet.</div>",0
53,989,,1
54,989,,2
56,989,"<div>In de Septuagint heeft <span class=""ncv-GH z-a""><span class=""translit"">khairō</span><span class=""Greek"">χαιρω</span></span> niet duidelijk één Hebreeuwse woord dat het altijd vertaald. Het wordt gebruikt als vertaling van <span class=""Hebrew"">שמח</span> (sámach), verheugen, vrolijk zijn, en <span class=""Hebrew"">גיל</span> (gil), <i>juichen, verheugen,</i> maar deze woorden worden respectievelijk vaker met <span class=""ncv-GH z-a""><span class=""translit"">euphrainō</span><span class=""Greek"">ευφραινω</span></span>, <i>vrolijk zijn</i>, en <a class=""ghw"" name=""G_l_56""><span class=""ncv-GH""><span class=""translit"">agalliaō</span><span class=""Greek"">αγαλλιαω</span></span></a>, <i>juichen</i>, vertaald.</div>",4
57,989,"<div>In oude Griekse teksten en in de Septuagint betekende <span class=""ncv-GH z-a""><span class=""translit"">khairō</span><span class=""Greek"">χαιρω</span></span> al <i>verheugen, blij zijn</i>, en wordt het eveneens gebruikt in wensen en groeten.</div>",5
58,989,"<div>Ook in het NT is de hoofdbetekenis van <span class=""ncv-GH z-a""><span class=""translit"">khairō</span><span class=""Greek"">χαιρω</span></span> <i>verheugen</i>. Naast het gebruik in alledaagse situaties, is met name het verheugen <span>om de verwachting die voor ons ligt</span>, ook in een periode van lijden, een prominent thema. Dit vinden we al in de evangeliën (<a class=""l"">Mat 5:12</a>). Zijn boodschap over het koninkrijk zou ook met vreugde aangenomen worden (<a class=""l"">Luk 19:6</a>) en vreugde geven (<a class=""l"">Mat 13:20</a>; <a class=""l"">Luk 2:10,11</a>). Maar dit thema, vreugde in lijden, vinden we bovenal bij Paulus. Relatief gezien komt het woord met name veel voor in Filippenzen, waar juist ook het thema van lijden prominent aanwezig is. We zouden ons, ondanks het lijden, altijd verheugen (<a class=""l"">Fil 4:4</a>).</div><br><div>Verder vinden we in het NT het woord, net als in oude Griekse teksten, gebruikt als groet (o.a. <a class=""l"">Mat 28:9</a>; <a class=""l"">Luk 1:28</a>; <a class=""l"">Hand 15:23</a>; <a class=""l"">Rom 16:3-16</a>).</div>",6
60,1462,,1
61,10005,"<div>Van het woord <a class=""ghw"" name=""G_l_1462""><span class=""ncv-GH""><span class=""translit"">eirēnē</span><span class=""Greek"">ειρηνη</span></span></a>, VREDE en trefwoord <i>vrede</i>, zijn enkele woorden afgeleid: het werkwoord <a class=""ghw"" name=""G_l_1463""><span class=""ncv-GH""><span class=""translit"">eirēneuō</span><span class=""Greek"">ειρηνευω</span></span></a>, IN-VREDE-zijn, trefwoord <i>vrede houden</i>, en <a class=""ghw"" name=""G_l_1464""><span class=""ncv-GH""><span class=""translit"">eirēnikon</span><span class=""Greek"">ειρηνικον</span></span></a>, VREED-ZAAM, trefwoord <i>vreedzaam</i>. Zie ook woordgroep <a class=""ghw"" name=""G_l_1465""><span class=""ncv-GH""><span class=""translit"">eirēnopoieō</span><span class=""Greek"">ειρηνοποιεω</span></span></a>, VREDE-DOEN, <i>vrede maken</i>.</div>",2
62,1462,"<div>Het woord <span class=""ncv-GH z-a""><span class=""translit"">eirēnē</span><span class=""Greek"">ειρηνη</span></span> komt bij Homerus al een paar keer voor, altijd om de toestand van de samenleving aan te duiden die tegenovergesteld was aan oorlog, of ontstond na afloop van een oorlog. Later werd het ook algemener gebruikt voor de toestand van orde en recht waar voorspoed uit voortkwam. Door uitbreiding kon het woord ook duiden op vrede tussen mensen, en bij de Stoïcijnen werd het woord voor het eerst gebruikt voor innerlijke rust.</div>",3
64,1462,"<div>De oorspronkelijke betekenis van <span class=""ncv-GH z-a""><span class=""translit"">eirēnē</span><span class=""Greek"">ειρηνη</span></span> in de oude Griekse teksten is vrede in tegenstelling tot oorlog. Later werd het ook gebruikt voor een toestand van recht en orde. Door uitbreiding werd het woord ook gebruikt voor vrede tussen mensen of innerlijke vrede. In de Septuagint krijgt het woord als vertaling van <span class=""Hebrew"">שלום</span> (shálóm) een andere nadruk. Dan wordt het woord vooral gebruik voor voorspoed, welzijn, en vaker voor vrede tussen mensen en innerlijke vrede. Vooral wordt het dan gebruikt voor de vrede die God belooft en geeft.</div>",5
63,1462,"<div>In de Septuagint vertaald <span class=""ncv-GH z-a""><span class=""translit"">eirēnē</span><span class=""Greek"">ειρηνη</span></span> vrijwel altijd het Hebreeuwse woord <span class=""Hebrew"">שלום</span> (shálóm). Al kan het Hebreeuwse woord ook gebruikt woorden voor vrede in tegenstelling tot oorlog (<a class=""l"">1Sam 7:14</a>), dit is niet de hoofdbetekenis van het woord. De belangrijkste betekenis is die van <i>voorspoed</i>, <i>welzijn</i> (<a class=""l"">Lev 26:6</a>; <a class=""l"">Deut 23:7</a>) wat door uitbreiding gelinkt kan worden aan <i>veiligheid</i> en <i>gezondheid</i>.</div><br><div>In de Septuagint is <span class=""ncv-GH z-a""><span class=""translit"">eirēnē</span><span class=""Greek"">ειρηνη</span></span> het standaard vertaalwoord geworden van  <span class=""Hebrew"">שלום</span> (shálóm), ook op plekken waar de betekenis van het Hebreeuwse woord beter met een ander Grieks woord vertaald had kunnen worden. Zo heeft <span class=""ncv-GH z-a""><span class=""translit"">eirēnē</span><span class=""Greek"">ειρηνη</span></span> in de Septuagint nieuwe betekenissen gekregen, bijvoorbeeld dat het duidt op gezondheid (mogelijk vanuit de context in <a class=""l"">Psa 38:3</a>), welzijn, en vaker dan in de oude Griekse teksten op vrede tussen mensen (<a class=""l"">1Kron 12:17</a>), innerlijke vrede of rust (<a class=""l"">Psa 4:8</a>; <a class=""l"">Gen 15:15</a>). Ook wordt het gebruikt als wens en groet (<a class=""l"">Richt 6:23</a>; <a class=""l"">2Kon 5:22</a>).</div><br><div>In het OT wordt vrede een belangrijk theologisch concept. Omdat de echte vrede van God komt (bijv. <a class=""l"">Psalm 29:11</a>), wordt het vaak gelinkt aan redding, en op enkele plekken ook aan de <a class=""mw"">genade</a> en liefde van God (bijv. <a class=""l"">Jer 16:5</a>). Ook in de profeten is de belofte dat God vrede zal geven prominent aanwezig (bijv. <a class=""l"">Jes 9:5-6</a>).</div>",4
65,1462,"<div>Het woord  komt in alle boeken van het NT voor, met uitzondering van 1Johannes. Het wordt gebruikt in het brede betekenisveld dat het in de Septuagint heeft verkregen. Het kan wel gebruikt worden voor vrede in tegenstelling tot oorlog (<a class=""l"">Luk 14:32</a>), maar wordt vooral gebruikt voor welzijn, voorspoed of veiligheid (<a class=""l"">Hand 9:31</a>), in groeten naast <a class=""ghw"" name=""G_l_1010""><span class=""ncv-GH""><span class=""translit"">kharis</span><span class=""Greek"">χαρις</span></span></a>, <i><a class=""mw"">genade</a></i> (o.a. <a class=""l"">Rom 1:7</a>; <a class=""l"">1Kor 1:3</a>; <a class=""l"">2Kor 1:2</a>; <a class=""l"">Gal 1:3</a>; <a class=""l"">Open 1:4</a>; <a class=""l"">2Joh 1:3</a>), als gave van God, behorend bij de redding (<a class=""l"">Rom 5:1</a>; <a class=""l"">Kol 1:20</a>), of een eigenschap van God (<a class=""l"">Rom 15:33</a>; <a class=""l"">1Kor 14:33</a>), innerlijke vrede en vrede onder elkaar (<a class=""l"">Mark 9:50</a>; <a class=""l"">Hand 7:26</a>; <a class=""l"">Gal 5:22</a>; <a class=""l"">Efe 4:3</a>; <a class=""l"">Heb 11:31</a>). In <a class=""l"">1Kor 7:15</a> en <a class=""l"">1Kor 14:33</a> wordt onder vrede orde verstaan, tegenover wanorde. De breedte van vrede als onderdeel van redding zien we als het woord gekoppeld wordt aan <a class=""mw"">genade</a> (zie hierboven), aan liefde (<a class=""l"">2Kor 13:11</a>) en aan leven (<a class=""l"">Rom 8:6</a>).</div><br><div>Ook in het NT is vrede een belangrijk theologisch concept. Het komt voor in de aankondiging van de Messias (<a class=""l"">Luk 1:79</a>; <a class=""l"">2:14</a>). Er wordt zelfs gesproken over het 'evangelie van de vrede' (<a class=""l"">Efe 6:15</a>, zie <a class=""l"">Hand 10:36</a>; <a class=""l"">Efe 2:17</a>). Deze vrede komt door Christus (o.a. <a class=""l"">Rom 5:1</a>; <a class=""l"">Kol 1:20</a>). Deze vrede kunnen we in ons dagelijks leven ervaren (<a class=""l"">Fil 4:7</a>).</div><br><div>Het Nederlandse woord <i>vrede</i> kan eveneens breed ingezet worden, en is daarmee een uitstekend vertaalwoord voor <span class=""ncv-GH z-a""><span class=""translit"">eirēnē</span><span class=""Greek"">ειρηνη</span></span>.</div>",6
59,1462,"<div>Het woord <span class=""ncv-GH z-a""><span class=""translit"">eirēnē</span><span class=""Greek"">ειρηνη</span></span> kan duiden op vrede (na oorlog), maar ook gebruikt worden voor innerlijke vrede, rust, vrede onderling, welzijn, voorspoed en wordt gebruikt als wens en groet. Al deze nuances passen bij het trefwoord <i>vrede</i>.</div>",0
67,4,"<div>Het woord <span class=""ncv-GH z-a""><span class=""translit"">abba</span><span class=""Greek"">αββα</span></span> komt oorspronkelijk uit het <a class=""mw"">Aramees</a>, van de vorm is een combinatie van het woord vader, <span class=""Hebrew"">אב</span> (ab), en het lidwoord als suffix <span class=""Hebrew"">-א</span> (-á) erachter (bepaalde of nadrukkelijke vorm). Dit woord is later, toen het <a class=""mw"">Aramees</a> het Hebreeuws als spreektaal begon te verdringen, ook in de Hebreeuwse taal zelf opgenomen, naast vele andere Aramese invloeden.</div><br><div>Dat de vorm een voorbeeld zou zijn van kindertaal, vergelijkbaar met ons pappa, en ook alleen door kinderen tegen hun vader gezegd zou zijn, daarvoor is geen bewijs. De vorm is een correcte grammaticale vorm in het <a class=""mw"">Aramees</a> en het werd weliswaar ook door kinderen gebruikt, maar was volgens Joodse geschriften ook een geschikte titel om geleerden mee aan te spreken, vergelijkbaar met <a class=""ghw"" name=""G_l_4650""><span class=""ncv-GH""><span class=""translit"">rabbi</span><span class=""Greek"">ραββι</span></span></a>. Wel is het zo dat in Joodse geschriften verder nergens God wordt aangesproken met <span class=""ncv-GH z-a""><span class=""translit"">abba</span><span class=""Greek"">αββα</span></span>.</div>",1
68,4,,2
69,4,,3
70,4,,4
71,4,,5
72,4,"<div>Het woord <span class=""ncv-GH z-a""><span class=""translit"">abba</span><span class=""Greek"">αββα</span></span> komt in het NT maar 3 maal voor (<a class=""l"">Mark 14:36</a>; <a class=""l"">Rom 8:15</a>; <a class=""l"">Gal 4:6</a>). Telkens is wordt er God mee aangeroepen in gebed. Met uitzondering van de uitroep aan het kruis (<a class=""l"">Mar 15:34</a>), lijkt Jezus God altijd te hebben aangesproken als Zijn Vader, en in het gebed in Getsemane vinden we in het Markus evangelie ook het woord <span class=""ncv-GH z-a""><span class=""translit"">abba</span><span class=""Greek"">αββα</span></span>, waar andere evangeliën het overzetten naar het Griekse <a class=""ghw"" name=""G_l_3968""><span class=""ncv-GH""><span class=""translit"">patēr</span><span class=""Greek"">πατηρ</span></span></a>, <i>vader</i>. In latere Griekse schriften komt het woord <span class=""ncv-GH z-a""><span class=""translit"">abba</span><span class=""Greek"">αββα</span></span> alleen voor als er geciteerd uit een van de 3 teksten uit het NT waar het woord voorkomt, maar het gebruik om God in gebed als Vader aan te spreken is wel wijdverspreid.</div>",6
66,4,"<div>Het woord <span class=""ncv-GH z-a""><span class=""translit"">abba</span><span class=""Greek"">αββα</span></span> komt van uit <a class=""mw"">Aramees</a>, van het woord <i>vader</i> en het lidwoord erachter. Om te laten zien dat het een <a class=""mw"">Aramees</a> woord overgezet in het Grieks is, is als trefwoord ook <i>abba</i> en niet <i>vader</i> gekozen.</div>",0
73,3873,"<div>Het woord <span class=""ncv-GH z-a""><span class=""translit"">parakaleō</span><span class=""Greek"">παρακαλεω</span></span>, LANGSBIJ-ROEPen, kent twee gebruiken. Het wordt gebruikt voor zowel <i>aanspreken</i>, <i>aanmoedigen</i> als voor <i>vertroosten</i>. Voor het trefwoord is gekozen voor aanspreken, maar in de vertaling wordt soms afgeweken naar de andere betekenis.</div>",0
74,3873,,1
75,10006,"<div>Bij het werkwoord <a class=""ghw"" name=""G_l_3873""><span class=""ncv-GH""><span class=""translit"">parakaleō</span><span class=""Greek"">παρακαλεω</span></span></a>, met stam LANGSBIJ-ROEPen en trefwoord <i>aanspreken</i>, wat ook <i>vertroosten</i> kan betekenen, afgeleid van <a class=""ghw"" name=""G_l_2702""><span class=""ncv-GH""><span class=""translit"">kaleō</span><span class=""Greek"">καλεω</span></span></a>, roepen,  hoort het zelfstandig naamwoord <a class=""ghw"" name=""G_l_3877""><span class=""ncv-GH""><span class=""translit"">paraklēsis</span><span class=""Greek"">παρακλησις</span></span></a>, LANGSBIJ-ROEPing, trefwoord <i>vertroosting</i>, maar kan ook <i>aanmoediging</i> betekenen, en <a class=""ghw"" name=""G_l_3878""><span class=""ncv-GH""><span class=""translit"">paraklētos</span><span class=""Greek"">παρακλητος</span></span></a>, LANGSBIJ-ROEPer, dat trefwoord <i>trooster</i> heeft, maar eigenlijk altijd gebruikt wordt als <i>pleitbezorger</i> in juridische zin.</div>",2
76,3873,"<div>In de oude Griekse teksten verschilt het woord <span class=""ncv-GH z-a""><span class=""translit"">parakaleō</span><span class=""Greek"">παρακαλεω</span></span> vaak weinig van het woord waar het van afgeleid is, <a class=""ghw"" name=""G_l_2702""><span class=""ncv-GH""><span class=""translit"">kaleō</span><span class=""Greek"">καλεω</span></span></a>, dat <i>roepen</i> betekent, maar ook gebruikt wordt in de betekenis <i>oproepen</i>, <i>sommeren</i>. <span class=""ncv-GH z-a""><span class=""translit"">parakaleō</span><span class=""Greek"">παρακαλεω</span></span> heeft deze betekenis ook, maar in alle voorkomens is de nuance van 'erbij, er naast' in de betekenis te herkennen. Zo werd het woord in juridische context gebruikt om getuigen op te roepen, eigenlijk dus 'roepen erbij te komen'. Ook kon het aangeven dat mensen opgeroepen werden de betrokken personen te helpen, wat wijst op 'naast iemand komen staan'. </div><br><div>Deze betekenis heeft zich uitgebreid tot <i>aanmoedigen</i>, wat weer overlap heeft met simpel <i>vragen</i> (iemand <i>aanmoedigen</i> iets te doen is iemand <i>vragen</i> iets te doen). Zo werd het woord ook gebruikt als goden werden aangeroepen. In latere teksten werd een enkele keer het woord ook gevonden om te omschrijven als iemand vertroost werd in het lijden, maar daar zit altijd een ondertoon van aanmoedigen in: aanmoedigen juist ook in het lijden het juiste gedrag te vertonen.</div>",3
78,3873,"<div>Het woord <span class=""ncv-GH z-a""><span class=""translit"">parakaleō</span><span class=""Greek"">παρακαλεω</span></span> betekent vanaf zijn eerste voorkomen zowel <i>oproepen</i> als <i>aanmoedigen</i>. Pas in de Septuagint wordt ook het gebruik van het woord in de betekenis <i>vertroosten</i>, en dan vooral in lijden, veel gangbaarder.</div>",5
77,3873,"<div>In de Septuagint wordt <span class=""ncv-GH z-a""><span class=""translit"">parakaleō</span><span class=""Greek"">παρακαλεω</span></span> vaak in zijn normale betekenis gebruikt, als <i>oproepen, uitnodigen </i>(<a class=""l"">Exo 15:13</a>) en als <i>bemoedigen</i> (<a class=""l"">Deut 3:28</a>). Maar veel vaker dan in andere Griekse teksten wordt het woord gebruikt in de betekenis vertroosten (<a class=""l"">Gen 37:25</a>; <a class=""l"">Jes 40:1</a>), vaak als vertaling van het Hebreeuwse woord <span class=""Hebrew"">נחם</span> (nácham), <i>troosten,</i> maar (in de <i>nif'al</i>, de reflexief) ook <i>medelijden hebben</i> kan betekenen (<a class=""l"">Richt 2:18</a>). Zo verschuift in de Septuagint de betekenis van het Griekse woord een beetje.</div>",4
79,3873,"<div>In het NT wordt het woord <span class=""ncv-GH z-a""><span class=""translit"">parakaleō</span><span class=""Greek"">παρακαλεω</span></span> zowel in de oorspronkelijke betekenissen gebruikt, als oproepen, uitnodigen (<a class=""l"">Hand 28:14,20</a>) en aanmoedigen, aanspreken (<a class=""l"">Luk 3:18</a>; <a class=""l"">Hand 2:40</a>; <a class=""l"">Rom 12:1</a>; <a class=""l"">Fil 4:2</a>; <a class=""l"">1Thes 4:1</a>), als ook in de betekenissen die in de Septuagint pas gangbaar zijn geworden, het vertroosten in lijden (<a class=""l"">Mat 5:4</a>; <a class=""l"">Rom 15:4</a>; <span><a class=""l"">2Kor 1:3-7</a>). </span>Met name in de evangeliën betekent het woord ook gebruikt in de betekenis <i>vragen</i> (<a class=""l"">Mat 8:5</a>; <a class=""l"">18:29</a>; <a class=""l"">Luk 15:28</a>), en dan met name de zwakkeren die Jezus om hulp komen vragen, maar ook het vertroosten komt erin terug (<a class=""l"">Mat 5:4</a>).</div>",6
82,1512,,2
84,1512,"<div>In de Septuagint vertaald het woord <span class=""ncv-GH z-a""><span class=""translit"">ekklēsia</span><span class=""Greek"">εκκλησια</span></span> nagenoeg altijd het Hebreeuwse woord <span class=""Hebrew"">קהל</span> (káhal), of een afgeleide daarvan. In enkele passages wijst het woord naar een verzameling van gewapende mannen (<a class=""l"">Richt 20:2</a>; <a class=""l"">1Sam 17:47</a>), die mogelijk heel Israel representeren op dat moment, maar vaak wordt het woord gebruikt om naar heel Israel te verwijzen, met name als ze zich verzamelen voor God (bijv. <a class=""l"">Exo 12:6</a>; <a class=""l"">Lev 4:14</a>; <a class=""l"">Num 10:7</a>; <a class=""l"">Deut 10:4</a>; <a class=""l"">1Kon 8:14</a>). In deze teksten wijst het woord naar het volk van <a class=""mw"">Jahweh</a>, dat opgeroepen wordt en zich moet houden aan de wetten en het verbond. In tegenstelling tot de oude Griekse teksten heeft het woord in de Septuagint dus duidelijk een religieuze en nauwelijks een politieke lading.</div><br><div>In de latere Hebreeuwse boeken wordt het Hebreeuwse woord breder gebruikt. Het kan nog steeds in de striktere religieuze zin gebruikt worden (<a class=""l"">1Kon 12:3</a>), maar ook voor het verzamelen van een leger, ook voor buurlanden (bijv. <a class=""l"">Eze 17:17</a>), al wordt het Hebreeuws dan ook met een ander Grieks woord vertaald. In Kronieken wordt het Hebreeuwse woord gebruikt voor de bijeenkomst van de leiders van Israel (<a class=""l"">1Kron 13:2</a>; <a class=""l"">29:10</a>), maar ook voor bijeenkomsten van het volk om God te offeren en te dienen (<a class=""l"">2Kron 20:5,14</a>; <a class=""l"">30:2,4</a>).</div><br><div>Zo verwijst het Griekse <span class=""ncv-GH z-a""><span class=""translit"">ekklēsia</span><span class=""Greek"">εκκλησια</span></span> in de Septuagint op het verzamelde volk voor God (<a class=""l"">Deut 9:10</a>), soms ook politieke samenkomsten (<a class=""l"">Ezra 10:8</a>) en op de verzameling van het volk om God te dienen en te offeren. In nagenoeg alle gevallen wordt gezegd of gesuggereerd dat het de bijeenkomst is van Gods volk, in reactie op Zijn oproep, en daarmee heeft het woord een hele andere nadruk dan in de oude Griekse teksten.</div>",4
83,1512,"<div>In oude Griekse teksten duidde <span class=""ncv-GH z-a""><span class=""translit"">ekklēsia</span><span class=""Greek"">εκκλησια</span></span> eenvoudig op een <i>bijeenkomst</i>, en dan met name op de bijeenkomst van volwaardige burgers van een bepaalde stad om politieke zaken te bespreken en te besluiten, zoals wetgeving, aanstellen van mensen in leidinggevende posities etc. Zo'n bijeenkomst begon met gebed en offers aan de goden, waarna alle burgers het recht hadden te spreken en onderwerpen in te brengen. Door te stemmen en met advies van experts werden dan politieke besluiten genomen. Zo werd de democratie in de Griekse steden uitgeoefend. Wat uitzonderlijk is, is dat in de oude Griekse teksten <span class=""ncv-GH z-a""><span class=""translit"">ekklēsia</span><span class=""Greek"">εκκλησια</span></span> altijd bleef verwijzen naar deze politieke bijeenkomsten. Slechts in een drietal uitzonderingen lijkt het woord te zijn gebruikt voor een zakenbijeenkomst van een bepaalde cult. Verder is het woord nooit voor religieuze groepen gebruikt.</div>",3
85,1512,"<div>In oude Griekse teksten wees <span class=""ncv-GH z-a""><span class=""translit"">ekklēsia</span><span class=""Greek"">εκκλησια</span></span> vooral op de politieke bijeenkomst van volwaardige burgers in de Griekse steden om te overleggen en beslissingen te maken. In de Septuagint wordt het woord heel anders gebruikt, en wijst het vooral op de verzameling van Gods volk, vaak in antwoord op Zijn oproep, en heeft het woord een meer religieuze lading.</div>",5
86,1512,"<div>Het woord <span class=""ncv-GH z-a""><span class=""translit"">ekklēsia</span><span class=""Greek"">εκκλησια</span></span> komt in het NT maar twee maal in de evangeliën voor. Dit komt omdat de volgelingen van Jezus voor zijn kruisiging vrijwel nooit zo genoemd werden. Pas als na de kruisiging en opstanding de apostelen het goede bericht in het land en aan de natiën brengen, lezen we over <span class=""ncv-GH z-a""><span class=""translit"">ekklēsias</span><span class=""Greek"">εκκλησιασ</span></span>. <span>In de twee teksten uit Mattheüs (<a class=""l"">Mat 16:18-19</a>; <a class=""l"">18:17</a>), die af lijken te wijken van de normale lijn, heeft het woord nog niet de betekenis zoals in de brieven van Paulus, maar ligt meer in lijn met de Septuagint, een bijeenkomst van gelovigen uit het volk voor God, al zou <a class=""l"">Mat 16:18</a> al meer vooruitkijkend naar de latere uitgeroepen <a class=""mw"">gemeente</a> opgevat kunnen worden. In handelingen wijst het woord op de gelovigen die steeds op een bepaalde plaats samenkomen (bijv. <a class=""l"">Hand 5:1</a>; <a class=""l"">13:1</a>; <a class=""l"">14:23</a>). In <a class=""l"">Hand 19:32,39,40</a> vinden we het woord gebruikt in de oorspronkelijke Griekse betekenis, die van de bijeenkomst van de burgers om politieke zaken en algemene kwesties te bespreken.</span></div><br><div>Paulus gebruikt het woord om de diverse groepen te benoemen die ontstaan zijn door zijn evangelie en die hij later aanschrijft of nogmaals bezoekt. Volgens Paulus is het God die roept (<a class=""l"">Rom 8:29,30</a>), en hij spreekt de gelovigen dan ook aan met <a class=""ghw"" name=""G_i_3529""><span class=""ncv-GH""><span class=""translit"">klētoi</span><span class=""Greek"">κλητοι</span></span></a>, de geroepenen. Als deze geroepenen samenkwamen was er sprake van een <span class=""ncv-GH z-a""><span class=""translit"">ekklēsia</span><span class=""Greek"">εκκλησια</span></span>. Maar bij Paulus zien we al dat het woord niet beperkt was tot de samenkomst. De groep kon als zodanig worden aangesproken, ook als ze niet speciaal bij elkaar waren. Wel gebruikt hij het woord meestal om naar lokale <a class=""mw"">gemeenten</a> te verwijzen, zoals de <a class=""mw"">gemeente</a> van Korinte (<a class=""l"">1Kor 1:2</a>) of de <a class=""mw"">gemeente</a> van de Thessalonicenzen (<a class=""l"">1Thes 1:1</a>), soms over een samenkomst in een enkel huis (<a class=""l"">File 1:2</a>; <a class=""l"">1Kor 16:19</a>; <a class=""l"">Rom 16:5</a>; <a class=""l"">Kol 4:15</a>). Maar een enkele keer lezen we over de 'hele <a class=""mw"">gemeente</a>' (<span><a class=""l"">Rom 16:23</a>; </span><a class=""l"">1Kor 14:23</a>).</div><br><div>De betekenis uit het OT, dat het woord verwijst naar het 'volk van God', of in ieder geval een groep gelovigen die samenkomen in reactie op Gods oproep, is deels zeker terug te zien in het gebruik van het woord bij Paulus. Het is de <span class=""ncv-GH z-a""><span class=""translit"">ekklēsia</span><span class=""Greek"">εκκλησια</span></span> van God (<a class=""l"">1Kor 1:2</a>; <a class=""l"">11:16,22</a>; <a class=""l"">2Kor 1:1</a>; <a class=""l"">Gal 1:13</a>; <a class=""l"">1Thes 2:14</a>; <a class=""l"">2Thes 1:4</a>). Alleen in <a class=""l"">Rom 16:16</a> lezen we van de <span class=""ncv-GH z-a""><span class=""translit"">ekklēsia</span><span class=""Greek"">εκκλησια</span></span> van Christus.</div><br><div>Om aan al deze nuances recht te doen is voor het trefwoord <i>uitgeroepen <a class=""mw"">gemeente</a></i> gekozen.</div>",6
80,1512,"<div>Het woord <span class=""ncv-GH z-a""><span class=""translit"">ekklēsia</span><span class=""Greek"">εκκλησια</span></span>, UIT-geROEPen, wees oorspronkelijk op de politieke bijeenkomsten in Griekse steden, maar in de Septuagint wijst het vooral op de verzameling van Gods volk, vaak in antwoord op Zijn oproep. Het NT zet deze lijn verder, en gebruikt het om te wijzen op gelovigen die in een bepaalde plaats samen komen, en uiteindelijk ook af en toe op alle gelovigen samen. Het trefwoord voor dit woord is dan ook <i>uitgeroepen <a class=""mw"">gemeente</a></i>.</div>",0
81,1512,"<div>Het woord <span class=""ncv-GH z-a""><span class=""translit"">ekklēsia</span><span class=""Greek"">εκκλησια</span></span>, UIT-geROEPen, met trefwoord <i>uitgeroepen <a class=""mw"">gemeente</a></i>, is afgeleid van het werkwoord <span class=""ncv-GH z-a""><span class=""translit"">ekkaleō</span><span class=""Greek"">εκκαλεω</span></span>, UIT-ROEPen, dat <i>roepen</i> of <i>uitroepen</i> betekent. Dat kan suggereren dat <span class=""ncv-GH z-a""><span class=""translit"">ekklēsia</span><span class=""Greek"">εκκλησια</span></span> duidt op een groep die ergens uit geroepen zijn, bijvoorbeeld uit alle inwoners van een stad, maar oorspronkelijk lijkt deze betekenis niet of nauwelijks aanwezig in het gebruik van het woord, en ook bij <span class=""ncv-GH z-a""><span class=""translit"">ekkaleō</span><span class=""Greek"">εκκαλεω</span></span> is het gebruik in de betekenis <i>iemand ergens uit roepen</i> zeldzaam. <span class=""ncv-GH z-a""><span class=""translit"">ekklēsia</span><span class=""Greek"">εκκλησια</span></span> betekende dan ook meestal eenvoudig <i>bijeenkomst</i>. In oude Griekse teksten wees het vooral op de politieke bijeenkomst van volwaardige burgers. In het NT klinkt in het woord vooral de betekenis door die het in de Septuagint heeft door. </div>",1
87,2003,"<div>Het woord <span class=""ncv-GH z-a""><span class=""translit"">eulogeō</span><span class=""Greek"">ευλογεω</span></span>, WEL-LEG(zeg)GEN, heeft als trefwoord <i>zegenen</i>, maar kan ook gebruikt worden in de meer oorspronkelijke betekenis, goed spreken over iemand, iemand <i>prijzen</i>.</div>",0
89,10007,,2
94,3997,"<div>Het woord <span class=""ncv-GH z-a""><span class=""translit"">peithō</span><span class=""Greek"">πειθω</span></span>, OVERTUIGEN, betekent <i>overtuigen</i>, maar in de mediale vorm wordt dit <i>overtuigd zijn</i>, dus <i>vertrouwen op</i> of <i>gehoorzamen</i>.</div>",0
93,2003,"<div>Het woord <span class=""ncv-GH z-a""><span class=""translit"">eulogeō</span><span class=""Greek"">ευλογεω</span></span> betekent in het NT in de meeste gevallen, net als in de oude Griekse teksten, goed spreken over, <i>prijzen.</i> Zo wordt God geloofd in lofzangen (<a class=""l"">Luk 1:64</a>), al is dat meestal met het woord <a class=""ghw"" name=""G_l_2004""><span class=""ncv-GH""><span class=""translit"">eulogēton</span><span class=""Greek"">ευλογητον</span></span></a> (<a class=""l"">Luk 1:68</a>; <a class=""l"">2Kor 1:3</a>; <a class=""l"">Efe 1:3</a>). Ook werd, naar Joodse gewoonten, de maaltijd of het brood gezegend (<a class=""l"">Mat 26:26</a>), al wordt hiervoor ook het woord <a class=""ghw"" name=""G_l_1982""><span class=""ncv-GH""><span class=""translit"">eukharisteō</span><span class=""Greek"">ευχαριστεω</span></span></a>, <i>danken</i>, gebruikt (<a class=""l"">Mar 8:6-7</a>). Uit die vergelijkbare passages blijkt ook opnieuw dat het zegenen ook God prijzen of danken kan betekenen.</div><br><div>Het gebruik uit de Septuagint waarin mensen anderen zegenen vinden we ook in het NT (<a class=""l"">Luk 6:27-28</a>; <a class=""l"">Rom 12:14</a>), en we  Jezus die zegent (<a class=""l"">Mark 10:16</a>). De collecte voor de <a class=""mw"">heiligen</a> noemt Paulus ook een zegen (<a class=""l"">2Kor 9:5</a>). Maar ook vinden we God die zegent (<a class=""l"">Efe 1:3</a>). Zo zijn alle betekenissen uit de oude Griekse teksten en de Septuagint ook in het NT te ontdekken.</div>",6
88,2003,,1
90,2003,"<div>Het woord <span class=""ncv-GH z-a""><span class=""translit"">eulogeō</span><span class=""Greek"">ευλογεω</span></span> komt vanaf de 5e eeuw v.Chr. voor in de Griekse teksten, en betekent dan <i>goed spreken over</i>, <i>prijzen</i>. Meestal worden mensen geprezen, maar een enkele keer een god. In een enkel voorkomen is het een god die 'goed spreekt' over een mens. Dit laatste gebruik ligt dicht tegen de betekenis <i>zegenen</i> aan, maar dit is dus maar in een enkel voorkomen.</div>",3
91,2003,"<div>In de Septuagint vertaald het woord <span class=""ncv-GH z-a""><span class=""translit"">eulogeō</span><span class=""Greek"">ευλογεω</span></span> meestal het Hebreeuwse woord <span class=""Hebrew"">ברך</span> (bárak). Dit Hebreeuwse woord kan ook <i>prijzen</i> betekenen (<a class=""l"">Gen 24:48</a>), maar ook iemand iets goeds wensen, iets goeds over iemand uitspreken <span>(<a class=""l"">Gen 24:60</a>)</span>, iemand een gunst verlenen (<a class=""l"">Gen 24:1</a>; <a class=""l"">Deut 12:15</a>), ofwel <i>zegenen</i>.</div><br><div>Met name in Genesis zien we dat mensen elkaar kunnen zegenen (<a class=""l"">Gen 14:18-20</a>; <a class=""l"">26:29</a>; <a class=""l"">27:27</a>), en aan het uitspreken van de zegen ook daadwerkelijk zegen ontleend kan worden. De zegen is niet terug te trekken of te verbreken (zie bijv. <a class=""l"">Gen 27:33-37</a>). Dit zegenen staat tegenover vervloeken, waaraan eenzelfde soort kracht gegeven wordt. In zijn algemeenheid lijkt iedereen zo een ander te kunnen zegenen of vervloeken, maar uit het verhaal van Bileam (Num 22-24) zou opgemaakt kunnen worden dat Gods kracht en toestemming nodig is om te zegenen en te vervloeken.</div><br><div>Maar vaker is het God die mensen zegent (o.a. <a class=""l"">Gen 12:1-3</a>; <a class=""l"">24:1,34-36</a>). Het is een centraal concept in Gods handelen met Zijn volk. Bij het geven van de wet hoorden zegen en vervloeking voor zij die wel of juist niet de wet volgden (Lev 26; Deut 28). De zegen gaat dan over aardse zaken: welvaart, overvloed, vrede en veiligheid. In een enkele tekst zien we het woord in zijn beide betekenissen terugkomen, als er wederkerigheid is, en God geprezen wordt voor dat wat Hij voor die persoon gedaan heeft (<a class=""l"">Psa 28:6</a>).</div>",4
92,2003,"<div>In de oude Griekse teksten betekende <span class=""ncv-GH z-a""><span class=""translit"">eulogeō</span><span class=""Greek"">ευλογεω</span></span> iemand <i>prijzen</i>. In de Septuagint wordt de betekenis uitgebreid naar iemand <i>zegenen</i> (tegenover iemand vervloeken), en met name God die mensen zegent, mensen gunsten verleent.</div>",5
95,3997,,1
96,3997,,2
98,3997,"<div>In de Septuagint vertaald <span class=""ncv-GH z-a""><span class=""translit"">peithō</span><span class=""Greek"">πειθω</span></span> diverse Hebreeuwse woorden, maar het vaakst <span class=""Hebrew"">בטח</span> (bátach), dat <i>vertrouwen</i> betekent (<a class=""l"">Psa 25:2</a>; <a class=""l"">Spreu 3:5</a>). In een tiental gevallen vertaald het woord het Hebreeuwse woord <span class=""Hebrew"">חסה</span> (chásah), dat <i>schuilen</i> betekent (<a class=""l"">Deut 32:37</a>; <a class=""l"">2Sam 22:3</a>; <a class=""l"">Psa 2:12</a>). Vaak gaat het dan over het vertrouwen of hopen op de God van Israël, wat onderscheiden moet worden van het hopen op mensen en afgoden (<a class=""l"">Psa 118:8</a>; <a class=""l"">Jes 17:8</a>; <a class=""l"">Jer 7:4</a>).</div>",4
97,3997,"<div>Het woord <span class=""ncv-GH z-a""><span class=""translit"">peithō</span><span class=""Greek"">πειθω</span></span> was mogelijk in een voorloper van het Grieks gebouwd op dezelfde stam als <a class=""ghw"" name=""G_l_4254""><span class=""ncv-GH""><span class=""translit"">pisteuō</span><span class=""Greek"">πιστευω</span></span></a>, <i><a class=""mw"">geloven</a></i>, <i>vertrouwen</i>, dat ook in betekenis nauw verwant is. Oorspronkelijk lijkt <span class=""ncv-GH z-a""><span class=""translit"">peithō</span><span class=""Greek"">πειθω</span></span> <i>vertrouwen (op) </i>te hebben betekend, maar vanaf de eerste voorkomens vinden we vooral een causatieve betekenis: iemand ergens op doen vertrouwen of iemand iets doen <a class=""mw"">geloven</a>, <i>overtuigen</i>. De oorspronkelijke betekenis is dan juist weer terug te vinden in de mediale vorm, <a class=""ghw"" name=""G_i_12968""><span class=""ncv-GH""><span class=""translit"">peithomai</span><span class=""Greek"">πειθομαι</span></span></a>, dat <i>overtuigd zijn</i> of <i>gehoorzamen</i> betekent.</div>",3
99,3997,"<div>In de oude Griekse teksten betekende <span class=""ncv-GH z-a""><span class=""translit"">peithō</span><span class=""Greek"">πειθω</span></span> vooral <i>overtuigen,</i> en in de mediale vorm <i>overtuigd zijn</i> of <i>vertrouwen</i>. In de Septuagint wordt dit woord vooral gebruikt in de betekenis <i>vertrouwen</i>.</div>",5
100,3997,"<div>Het woord <span class=""ncv-GH z-a""><span class=""translit"">peithō</span><span class=""Greek"">πειθω</span></span> betekent in het NT een aantal keer simpelweg <i>overtuigen </i>(<a class=""l"">Hand 12:20</a>; <a class=""l"">14:19</a>; <a class=""l"">19:26</a>). Zo overtuigden de Joodse leger de toehoorders bij Pilatus om voor Barabbas te kiezen (<a class=""l"">Mat 27:20</a>). Vaak lijkt het werkwoord een zogenaamde conatieve betekenis te hebben, dat iemand een ander <i>probeert</i> te overtuigen, maar dit niet altijd lukt (bijv. <a class=""l"">Hand 18:4</a>; <a class=""l"">19:8,9</a>; <a class=""l"">28:23</a>; <a class=""l"">2Kor 5:11</a>).</div><br><div>De mediale en passieve vormen van het werkwoord dragen de betekenis overtuigd zijn/worden, <i>vertrouwen</i> op (<a class=""l"">Hand 17:4</a>). Dat wijst soms op een stellige overtuiging (<a class=""l"">Rom 8:38</a>; <a class=""l"">14:14</a>; <a class=""l"">2Tim 1:5</a>; <a class=""l"">Heb 6:9</a>). In een aantal gevallen komt de betekenis dicht in de buurt van <i>gehoorzamen</i> (<a class=""l"">Rom 2:8</a>; <a class=""l"">Gal 5:7</a>; <a class=""l"">Jak 3:3</a>).</div><br><div>Waar het gecombineerd wordt met het voorzetsel 'in' of 'op', betekent het woord <i>vertrouwen</i> (op), bijv. in <a class=""l"">Mat 26:43</a>; <a class=""l"">Luk 18:9</a>; <a class=""l"">2Kor 1:9</a>; <a class=""l"">2:3</a>; <a class=""l"">2Thes 3:4</a>, of <i>vertrouwen stellen</i> (in), wat we alleen in <a class=""l"">Fil 3:3-4</a> tegen komen. </div>",6
101,2188,"<div>Het woord <span class=""ncv-GH z-a""><span class=""translit"">graphē</span><span class=""Greek"">γραφη</span></span>, komt van <a class=""ghw"" name=""G_l_2189""><span class=""ncv-GH""><span class=""translit"">graphō</span><span class=""Greek"">γραφω</span></span></a>, <i>schrijven,</i> en wordt uitsluitend gebruikt om te verwijzen naar de Schrift, meestal het OT, al zijn er enkele aanwijzingen dat ook het NT tot de Schrift gerekend mag worden. Als trefwoord is dan ook <i>schrift</i> gekozen.</div>",0
102,2188,"<div>Het woord <span class=""ncv-GH z-a""><span class=""translit"">graphē</span><span class=""Greek"">γραφη</span></span>, SCHRIFT, met trefwoord <i>schrift</i>, komt van <a class=""ghw"" name=""G_l_2189""><span class=""ncv-GH""><span class=""translit"">graphō</span><span class=""Greek"">γραφω</span></span></a>, SCHRIJVEN, met trefwoord <i>schrijven</i>.</div>",1
103,2188,,2
104,2188,"<div>Het woord <a class=""ghw"" name=""G_l_2189""><span class=""ncv-GH""><span class=""translit"">graphō</span><span class=""Greek"">γραφω</span></span></a>, <i>schrijven</i>, vinden we al in de oudste Griekse teksten met de betekenis <i>krassen</i>. Zo lezen we daar over een speer die op een stuk bot krast, en tekens die op een tablet gekrast werden. In de eeuwen erna wordt het woord ook vaak gebruikt in de betekenis <i>tekenen</i>, <i>schetsen</i>. De betekenis schrijven komt pas voor bij Herodotus (5e eeuw v.Chr.), waar gesproken wordt over 'schrijven op een rol'.</div><br><div>Het woord <span class=""ncv-GH z-a""><span class=""translit"">graphē</span><span class=""Greek"">γραφη</span></span>, <i>schrift</i>, betekende in eerste instantie dan ook <i>tekening, afbeelding</i>, maar duidt ook al vroeg op wat geschreven is (Thucydides, 5e eeuw v.Chr.). In Juridische context kan het woord slaan op de wetten, of een specifiek deel van de wet.</div>",3
106,2188,"<div>In oude Griekse teksten betekende <a class=""ghw"" name=""G_l_2189""><span class=""ncv-GH""><span class=""translit"">graphō</span><span class=""Greek"">γραφω</span></span></a> oorspronkelijk krassen, tekenen schetsen, en later pas schrijven. Zo betekende <span class=""ncv-GH z-a""><span class=""translit"">graphē</span><span class=""Greek"">γραφη</span></span> oorspronkelijk ook tekening, afbeelding, maar later duidde het ook op dat wat geschreven is. In de Septuagint komt het vooral in die laatste betekenis voor.</div>",5
105,2188,"<div>In de Septuagint vertalen <a class=""ghw"" name=""G_l_2189""><span class=""ncv-GH""><span class=""translit"">graphō</span><span class=""Greek"">γραφω</span></span></a> en de afgeleide Griekse woorden vaak een vorm van het Hebreeuwse woord <span class=""Hebrew"">כתב</span> (kátab), <i>schrijven</i>. <span class=""ncv-GH z-a""><span class=""translit"">graphē</span><span class=""Greek"">γραφη</span></span> wordt gebruikt om te verwijzen naar het schrift op de tafelen van de wet (<a class=""l"">Exo 32:16</a>), geschreven brieven (<a class=""l"">2Kron 2:11</a>), een set geschreven instructies (<a class=""l"">2Kron 35:4</a>), een familieregister (<a class=""l"">Neh 7:64</a>). Daarmee heeft het inderdaad de algemen betekenis van dat wat geschreven is. Aangezien uiteraard pas na het OT de canon van de boeken van het OT is ontstaan, ontwikkeld het gebruik van het woord schrift voor de Bijbel of het OT zich pas later.</div>",4
107,2188,"<div>In het NT wordt het woord <span class=""ncv-GH z-a""><span class=""translit"">graphē</span><span class=""Greek"">γραφη</span></span> uitsluitend gebruikt om naar de Schrift te verwijzen (bijv. <a class=""l"">Gal 4:30</a>; <a class=""l"">2Tim 3:16</a>; <a class=""l"">2Pet 1:20</a>), uiteraard meestal het OT<span>, of naar een specifiek gedeelte (bijv. <a class=""l"">Mark 12:10</a>; <a class=""l"">Luk 4:21</a>; <a class=""l"">Joh 13:18</a>; <a class=""l"">Hand 1:16</a>; <a class=""l"">Rom 11:2</a>; <a class=""l"">Jak 2:23</a>)</span>. Voor het verwijzen naar de hele Schrift wordt meestal het meervoud gebruikt (de schriften, <a class=""l"">Mat 21:42</a>; <a class=""l"">Mar 12:24</a>; <a class=""l"">Luk 24:27</a>; <a class=""l"">Joh 5:39</a>; <a class=""l"">Hand 17:2</a>; <a class=""l"">Rom 15:4</a>; <a class=""l"">2Pet 3:16</a>). Een enkele keer wordt de Schrift persoonlijk gemaakt en geciteerd, alsof God zelf geciteerd wordt (<a class=""l"">Rom 4:3</a>; <a class=""l"">Gal 4:30</a>; <a class=""l"">1Tim 5:18</a>; <a class=""l"">Jak 2:23</a>). Andere personificaties met de Schrift vinden we bij Paulus, waar we lezen dat de Schrift tevoren zag (<a class=""l"">Gal 3:8</a>), of dat de Schrift allen in ongehoorzaamheid opsloot (<a class=""l"">Gal 3:22</a>, maar vergelijk <a class=""l"">Rom 11:32</a>, waar God het onderwerp is). Met name in de evangeliën lezen we vaak dat de Schrift(en) vervuld werden door de beschreven gebeurtenis (<a class=""l"">Mat 26:24</a>; <a class=""l"">Mar 14:49</a>; <a class=""l"">Luk 4:21</a>; <a class=""l"">Joh 13:18</a>; <a class=""l"">Hand 1:16</a>; <a class=""l"">Jak 2:23</a>).</div><br><div>De vraag kan nog gesteld worden, zeker met het oog op een tekst als <a class=""l"">2Tim 3:16</a>, waar de inspiratie van de Schrift besproken wordt, of met Schrift niet alleen het OT bedoeld wordt. Aangezien er nog geen NT bestond toen de brieven geschreven werden, is het logisch dat vrijwel alle voorkomens van 'de Schrift(en)' naar het OT verwijzen. Er zijn echter aanwijzingen dat ook de boeken van het NT tot 'de Schrift' gerekend kunnen worden. In <a class=""l"">1Tim 5:18</a> wordt <a class=""l"">Deut 25:4</a> geciteerd als 'de Schrift' met gelijk erachteraan op gelijke hoogte een gezegde van Jezus (<a class=""l"">Luk 10:7</a>). Petrus rekent Paulus' brieven ook tot 'de schriften' (let op 'overige schriften' in <a class=""l"">2Pet 3:15-17</a>). Zie voetnoten bij <a class=""dl"" name=""VOETNOTEN_55003016"">2Tim 3:16</a>.</div>",6
109,5305,"<div>Het woord <span class=""ncv-GH z-a""><span class=""translit"">theopneustos</span><span class=""Greek"">θεοπνευστος</span></span> heeft stam PLAATS-er-geBLAZEN, en betekent letterlijk <i>Godgeademd</i>.</div>",1
110,5305,,2
111,5305,"<div>In oude Griekse teksten vinden we <span class=""ncv-GH z-a""><span class=""translit"">theopneustos</span><span class=""Greek"">θεοπνευστος</span></span> sporadisch al terug. Het betekent letterlijk <i>door [een] god geademd</i>, maar het idee is dat van inspiratie. De <span class=""ncv-GH z-a""><span class=""translit"">pnoē</span><span class=""Greek"">πνοη</span></span> van god, de <i>wind</i> van god, vinden we bij Euripides, ook in de betekenis <i>inspiratie van god</i>.</div>",3
112,5305,,4
113,5305,"<div>Het woord komt een enkele keer in de oude Griekse teksten voor, met de betekenis geïnspireerd door God.</div>",5
114,5305,"<div>In het NT komen we het woord <span class=""ncv-GH z-a""><span class=""translit"">theopneustos</span><span class=""Greek"">θεοπνευστος</span></span> alleen in <a class=""l"">2Tim 3:16</a> tegen, als we lezen dat 'Heel de schrift' <span class=""ncv-GH z-a""><span class=""translit"">theopneustos</span><span class=""Greek"">θεοπνευστος</span></span> is, letterlijk <i>door God geademd.</i> Er kan discussie ontstaan wat er precies met geïnspireerd bedoeld wordt en wat we onder 'Heel de schrift' moeten verstaan, zie daarvoor de voetnoten bij <a class=""dl"" name=""VOETNOTEN_55003016"">2Tim 3:16</a>.</div>",6
108,5305,"<div>Het woord <span class=""ncv-GH z-a""><span class=""translit"">theopneustos</span><span class=""Greek"">θεοπνευστος</span></span> heeft als stam PLAATS-er-geBLAZEN, en betekent letterlijk <i>Godgeademd,</i> met het idee van geïnspireerd door God.</div>",0
15,123,"<div>Iets van de oorspronkelijke betekenis van <a class=""ghw"" name=""G_l_122""><span class=""ncv-GH""><span class=""translit"">aiōn</span><span class=""Greek"">αιων</span></span></a>, de tijd van een leven, is mogelijk nog te zien in een enkele tekst (bijv. <a class=""l"">Joh 13:8</a> en <a class=""l"">1Kor 8:13</a>, '<i>nooit in mijn leven</i>'), maar het woord wordt vrijwel uitsluitend gebruikt om de langere (wereld)tijdperken aan te duiden. </div><br><div>Het bijvoeglijk naamwoord <span class=""ncv-GH z-a""><span class=""translit"">aiōnion</span><span class=""Greek"">αιωνιον</span></span> komt vrijwel altijd voor in passages over toekomstige beloften, het 'eeuwige leven' of juist 'eeuwige straf' (bijv. <a class=""l"">Mat 18:8</a>; <a class=""l"">25:46</a>). Er is dan ook veel discussie over de vraag of het woord een eindeloze tijd aanduidt. Zo vinden we in de Griekse Schrift teksten die duidelijk spreken over ‘voor eonische tijden’ (<a class=""l"">2Tim 1:9</a>), ‘tijdens eonische tijden verzwegen, maar nu’ (<a class=""l"">Rom 16:25</a>), en worden er verschillende dingen 'eeuwig' genoemd die toch tijdelijk blijken te zijn (zie <a class=""ghw"" name=""G_l_122""><span class=""ncv-GH""><span class=""translit"">aiōn</span><span class=""Greek"">αιων</span></span></a>).</div><br><div>Als ook vanuit de oude Griekse teksten blijkt het woord niet de betekenis ""eindeloos"" had, dan rijst de vraag of hier in het NT ook wel aanleiding toe is. Velen erkennen dat het woord niet altijd ""eindeloos"" betekent, maar staan er op dat dit soms wel zo is. Bijvoorbeeld als we lezen over ""eeuwig leven"", dat kan toch niet stoppen. Of wat te denken van ""eeuwige God"" (<span><a class=""l"">Rom 16:26</a>)</span>? Hier zit echter een redenatie fout in.</div><br><div><span><span>We lezen bijvoorbeeld in <a class=""l"">Rom 16:25</a> en <a class=""l"">2Tim 1:9</a> over 'eonische tijden'. </span>Als een <a class=""ghw"" name=""G_l_122""><span class=""ncv-GH""><span class=""translit"">aiōn</span><span class=""Greek"">αιων</span></span></a> een tijdperk aangeeft, of dit nu zo lang als een mensenleven is, zo lang als een wereldtijdperk, of toch eeuwig, in alle gevallen zegt <span class=""ncv-GH z-a""><span class=""translit"">aiōnion</span><span class=""Greek"">αιωνιον</span></span> iets over de duur van de 'tijden'. <span>Het gaat over 'tijden' voor de duur van of gedurende de <a class=""mw"">eon</a>(en). <span>Maar als we bijvoorbeeld ergens zouden lezen 'Gods barmhartigheid gedurende/voor de duur van mijn leven', dan zou niemand problemen met die uitdrukking hebben en niemand zou beweren dat omdat mijn leven eindig is, Gods barmhartigheid eindig moet zijn. Evenzo <span>betekent '<a class=""mw"">aionisch</a> leven' dus 'leven voor de duur van/gedurende de <a class=""mw"">aion</a>(en)', maar <i>beperkt</i> het leven dus <i>niet</i> tot de duur van de <a class=""mw"">aion</a>(en), maar gaat specifiek over het leven <i>gedurende</i> de <a class=""mw"">aion</a>(en). En zo gaat 'eonische God' over God tijdens de <a class=""mw"">eonen</a>, de tijdperken (of zelfs tijdens ons leven, zie onder kopje Buitenbijbelse bronnen/Septuagint). Als zodanig is het de vraag of, als we nergens in het NT aanleiding vinden om <a class=""ghw"" name=""G_l_122""><span class=""ncv-GH""><span class=""translit"">aiōn</span><span class=""Greek"">αιων</span></span></a> en <span class=""ncv-GH z-a""><span class=""translit"">aiōnion</span><span class=""Greek"">αιωνιον</span></span> als eindeloos te zien, de betekenis die uit de oude Griekse teksten en de Septuagint naar voren komt, die van een lang tijdperk, niet evengoed past op alle voorkomens in het NT. Zie ook <div class=""zoek-oc"" name=""1611"">Eeuwig en eeuwigheid</div> </span></span></span><br></span></div><div><span><span><span><span><br></span></span></span></span></div><div><span><span><span><span>Om het woord zo neutraal mogelijk te vertalen, zonder de bagage van de traditie maar ook zonder er te veel invulling aan te geven, is gekozen om het woord met '<a class=""mw"">eonisch</a>' te vertalen, waarbij een '<a class=""mw"">eon</a>' volgens van Dale wijst op een 'zeer lange tijd' of een 'tijdperk'.<br></span></span></span></span></div>",6
115,209,,2
26,10002,"<div>Het woord <a class=""ghw"" name=""G_l_209""><span class=""ncv-GH""><span class=""translit"">allo</span><span class=""Greek"">αλλο</span></span></a>  met stam VERANDER komt voor in een grote woordfamilie in veel vormen en met vele samenstellingen, waaronder <a class=""ghw"" name=""G_l_202""><span class=""ncv-GH""><span class=""translit"">alla</span><span class=""Greek"">αλλα</span></span></a>, <i>maar</i>, <a class=""ghw"" name=""G_l_214""><span class=""ncv-GH""><span class=""translit"">allotrion</span><span class=""Greek"">αλλοτριον</span></span></a>, <i>andermans/vreemd</i>, maar ook in de belangrijke woordgroep  van <a class=""ghw"" name=""G_l_2794""><span class=""ncv-GH""><span class=""translit"">katallassō</span><span class=""Greek"">καταλλασσω</span></span></a>, <a class=""mw""><i>verzoenen</i></a>.</div>",2
116,353,,2
55,989,"<div>Al vanaf de oudst beschikbare Griekse teksten vinden we het werkwoord <span class=""ncv-GH z-a""><span class=""Greek"">χαιρω</span></span>, dat bij Homerus waarschijnlijk <i>verheugen, blij zijn</i> betekende. Van dit werkwoord is het bekende woord <a class=""ghw"" name=""G_l_1010""><span class=""ncv-GH""><span class=""translit"">kharis</span><span class=""Greek"">χαρις</span></span></a> afgeleid,  dat waarschijnlijk <span>wees</span> op <i>iets dat welzijn of welbevinden brengt. </i>Naast verheugen kon <a class=""ghw"" name=""G_l_989""><span class=""ncv-GH""><span class=""translit"">khairō</span><span class=""Greek"">χαιρω</span></span></a> ook gebruikt worden om iemand juist de vreugde toe te wensen, en daardoor ook als groet. Vanaf de vroege klassieke periode werd <a class=""ghw"" name=""G_i_11705""><span class=""ncv-GH""><span class=""translit"">khairein</span><span class=""Greek"">χαιρειν</span></span></a> dan ook de standaard groet in brieven.</div>",3
117,1010,,2
51,1010,"<div>In het NT komt <span class=""ncv-GH z-a""><span class=""translit"">kharis</span><span class=""Greek"">χαρις</span></span> veruit het vaakst voor in de brieven van Paulus. In de evangeliën komt het enkele keren voor in Lukas en Johannes, maar is afwezig in Markus en Mattheus. Waar het voorkomt in Lukas en Johannes betekent het niet 'onverdiende gunst (van God)', maar wordt het gebruikt in de betekenis die we ook in de Septuagint vinden: <a class=""mw"">genade</a>/gunst in iemands ogen vinden (<a class=""l"">Luk 1:30</a>), het goed doen voor de armen en zwakken (<a class=""l"">Luk 6:32-34</a>), of zoals in de oude Griekse teksten 'dank brengen' (<a class=""l"">Luk 17:9</a>). In <a class=""l"">Joh 1:14-17</a> vinden we de enige voorkomens in Johannes, en het is daar de vraag of het als 'onverdiende gunst' gezien moet worden of, meer in overeenstemming met de rest van het boek, als het goed doen voor de armen en zwakken. In Handelingen gaat dit gebruik van <span class=""ncv-GH z-a""><span class=""translit"">kharis</span><span class=""Greek"">χαρις</span></span> op dezelfde voet verder.</div><br><div>In de brieven van Paulus krijgt <span class=""ncv-GH z-a""><span class=""translit"">kharis</span><span class=""Greek"">χαρις</span></span> een specifieke betekenis, door te wijzen op het reddingswerk van Jezus Christus aan het kruis, Zijn opstanding en alle huidige en toekomstige gevolgen daarvan. Dit gebruik past in de betekenis in oude Griekse teksten en de Septuagint, als datgene wat welzijn of welbevinden brengt, een gunst, of iets dat God voor ons zwakken gedaan heeft, maar bovenal zet Paulus het woord in directe tegenstelling met eigen werken en de wet. Een begin van deze gedachte vinden we al in <a class=""l"">Joh 1:17</a> en <a class=""l"">Hand 15:10-11</a>, maar gezien de andere uitspraken in de evangeliën en van Petrus zijn die uitspraken niet absolute tegenstellingen. Bij Paulus vinden we het idee volledig uitgewerkt en sluiten beiden elkaar volkomen uit (o.a. <a class=""l"">Rom 11:6</a>; <a class=""l"">Gal 2:21</a>).</div><br><div>De wet gaf een weg om door perfect te leven <a class=""mw"">rechtvaardig</a> te worden, en zo jezelf te redden, maar dit bleek voor mensen onmogelijk (<a class=""l"">Gal 3:10-12</a>). Waar echter de <a class=""mw"">zonde</a> toenam, daar is de <a class=""mw"">genade</a> meer dan overvloedig geworden (<a class=""l"">Rom 5:20,21</a>; zie ook <a class=""l"">Rom 6:1</a>). Zo benadrukt Paulus de betekenis het <span>onverdiende karakter van de </span>gunst (zie <a class=""l"">Rom 3:24</a>). Dit is hoe wij ondertussen het woord <a class=""mw"">genade</a> kennen, al was dit dus niet deel van de oorspronkelijke betekenis van het woord.</div><br><div>Verder vinden we <span class=""ncv-GH z-a""><span class=""translit"">kharis</span><span class=""Greek"">χαρις</span></span> nog tegengesteld aan wereldse wijsheid (<a class=""l"">2Kor 1:12</a>). Ook wordt het woord gebruikt om 'dank' of 'dankbaarheid' uit te drukken in diverse passages (o.a. <a class=""l"">Rom 6:17</a>; <a class=""l"">1Kor 15:57</a>; <a class=""l"">2Kor 2:14</a>). In <a class=""l"">1Kor 16:3</a> en <a class=""l"">2Kor 8:6</a> wordt het woord gebruikt om op de gift van de Korinthiërs aan de armen in Jeruzalem te wijzen.</div>",6
118,1462,,2
119,2003,,2
22,2327,"<div>Net als in de oude Griekse teksten wordt in het NT <span class=""ncv-GH z-a""><span class=""translit"">eteron</span><span class=""Greek"">ετερον</span></span> vaak als synoniem voor <a class=""ghw"" name=""G_l_209""><span class=""ncv-GH""><span class=""translit"">allo</span><span class=""Greek"">αλλο</span></span></a> gebruikt, en is er geen verschil in betekenis te bespeuren. Dit beeld wordt versterkt door het feit dat het woord in een aantal brieven vrij vaak voorkomt, maar in 19 brieven in het NT, waaronder langere brieven zoals Johannes, Marcus en Openbaring, niet of slechts een enkele keer. Dit lijkt erop te wijzen dat het gebruik gebonden is aan persoonlijke voorkeur, geen sterk afwijkende betekenis tegenover <a class=""ghw"" name=""G_l_209""><span class=""ncv-GH""><span class=""translit"">allo</span><span class=""Greek"">αλλο</span></span></a>.</div><br><div>Er zijn echter wel wat plekken waar <span class=""ncv-GH z-a""><span class=""translit"">eteron</span><span class=""Greek"">ετερον</span></span> duidelijk verschilt van <a class=""ghw"" name=""G_l_209""><span class=""ncv-GH""><span class=""translit"">allo</span><span class=""Greek"">αλλο</span></span></a> in betekenis, bijv. in <a class=""ghw"" name=""G_i_497""><span class=""ncv-GH""><span class=""translit"">tē</span><span class=""Greek"">τη</span></span></a>  <a class=""ghw"" name=""G_i_8024""><span class=""ncv-GH""><span class=""translit"">hetera</span><span class=""Greek"">ετερα</span></span></a>  'op de volgende [dag]' (<a class=""l"">Hand 20:15</a>; <a class=""l"">27:3</a>), vaak worden ze afwisselend gebruikt. Ook <a class=""ghw"" name=""G_l_209""><span class=""ncv-GH""><span class=""translit"">allo</span><span class=""Greek"">αλλο</span></span></a> wordt gebruikt voor 'de ander [in een paar]' (<a class=""l"">Mat 5:39</a>; <a class=""l"">12:13</a>; <a class=""l"">Joh 5:32</a>), beiden worden gebruikt om naar de 'anderen' te wijzen (vergelijk bijv. <a class=""l"">Mat 20:3</a> met <a class=""l"">Luk 10:1</a>) en in de opsomming van de geloofsvoorbeelden in Hebreeën worden beide woorden afgewisseld (<a class=""l"">Heb 11:35-36</a>).</div><br><div>In enkele verzen is het gebruik van <span class=""ncv-GH z-a""><span class=""translit"">eteron</span><span class=""Greek"">ετερον</span></span> of het verschil met <a class=""ghw"" name=""G_l_209""><span class=""ncv-GH""><span class=""translit"">allo</span><span class=""Greek"">αλλο</span></span></a> van bijzonder belang. Zo lezen we in <a class=""l"">Gal 1:6,7</a> over 'een <i>andersoortig</i> (<span class=""ncv-GH z-a""><span class=""translit"">eteron</span><span class=""Greek"">ετερον</span></span>) evangelie, dat geen <i>ander</i> (<a class=""ghw"" name=""G_l_209""><span class=""ncv-GH""><span class=""translit"">allo</span><span class=""Greek"">αλλο</span></span></a>) is'. Hier lijkt doelbewust voor beide woorden gekozen en is waarschijnlijk de nuance van <span class=""ncv-GH z-a""><span class=""translit"">eteron</span><span class=""Greek"">ετερον</span></span> – verwijzend naar een verschillend iets, niet van dezelfde klasse – die in de oude Griekse teksten zichtbaar was ook hier bedoeld. Anderen, met het gebruik van beide woorden als synoniem op de meeste ander plaatsen in hun achterhoofd, stellen een andere vertaling voor: 'een ander evangelie, dat geen ander is, tenzij sommigen jullie verwarren ...' De uiteindelijke betekenis van <a class=""l"">Gal 1:6,7</a> is in beide gevallen echter hetzelfde.</div><br><div>In <a class=""l"">Hand 2:4</a> lezen we dat de discipelen gingen spreken in een andere (<span class=""ncv-GH z-a""><span class=""translit"">eteron</span><span class=""Greek"">ετερον</span></span>) taal. Was dit slechts een <i>andere</i> (menselijke) taal, of echt een <i>andersoortige</i> (niet menselijke)? Dat sommigen dachten dat ze gevuld met wijn spraken (<a class=""l"">Hand 2:13</a>) lijkt op een <i>andersoortige</i> taal te verwijzen, maar anderen hoorden ze juist in hun eigen taal spreken (<a class=""l"">Hand 2:7-8</a>), wat eerder naar <i>ander</i> wijst. In <a class=""l"">1Kor 14:21</a> gebruikt Paulus het woord <a class=""ghw"" name=""G_l_2326""><span class=""ncv-GH""><span class=""translit"">heteroglōssos</span><span class=""Greek"">ετερογλωσσος</span></span></a>, spreken <i>in een andere taal</i>, naar de vertaling van de Septuagint van <a class=""l"">Jes 28:11</a>. Ook in de context van het OT wordt daar geduid op een andere menselijke taal.</div>",6
120,3673,,0
121,3673,,1
122,3673,,2
123,3673,,3
124,3673,,4
125,3673,,5
126,3673,,6
127,1,,0
128,1,,1
129,1,,2
130,1,,3
131,1,,4
132,1,,5
133,1,,6
