parsT,pars,vv,aspect,tijd,toestand,vorm,modus,persoon,naamval,getal,geslacht,extra
A-APF,A-APF,A,,,,,,,A,P,F,
A-APF-C,A-APF-C,A,,,,,,,A,P,F,C
A-APF-S,A-APF-S,A,,,,,,,A,P,F,S
A-APM,A-APM,A,,,,,,,A,P,M,
A-APM-C,A-APM-C,A,,,,,,,A,P,M,C
A-APM-S,A-APM-S,A,,,,,,,A,P,M,S
A-APN,A-APN,A,,,,,,,A,P,N,
A-APN-C,A-APN-C,A,,,,,,,A,P,N,C
A-APN-S,A-APN-S,A,,,,,,,A,P,N,S
A-ASF,A-ASF,A,,,,,,,A,S,F,
A-ASF-C,A-ASF-C,A,,,,,,,A,S,F,C
A-ASF-N,A-ASF-N,A,,,,,,,A,S,F,N
A-ASF-S,A-ASF-S,A,,,,,,,A,S,F,S
A-ASM,A-ASM,A,,,,,,,A,S,M,
A-ASM-C,A-ASM-C,A,,,,,,,A,S,M,C
A-ASM-N,A-ASM-N,A,,,,,,,A,S,M,N
A-ASM-S,A-ASM-S,A,,,,,,,A,S,M,S
A-ASN,A-ASN,A,,,,,,,A,S,N,
A-ASN-C,A-ASN-C,A,,,,,,,A,S,N,C
A-ASN-N,A-ASN-N,A,,,,,,,A,S,N,N
A-ASN-S,A-ASN-S,A,,,,,,,A,S,N,S
A-DPF,A-DPF,A,,,,,,,D,P,F,
A-DPF-S,A-DPF-S,A,,,,,,,D,P,F,S
A-DPM,A-DPM,A,,,,,,,D,P,M,
A-DPM-C,A-DPM-C,A,,,,,,,D,P,M,C
A-DPM-S,A-DPM-S,A,,,,,,,D,P,M,S
A-DPN,A-DPN,A,,,,,,,D,P,N,
A-DPN-S,A-DPN-S,A,,,,,,,D,P,N,S
A-DSF,A-DSF,A,,,,,,,D,S,F,
A-DSF-C,A-DSF-C,A,,,,,,,D,S,F,C
A-DSF-S,A-DSF-S,A,,,,,,,D,S,F,S
A-DSM,A-DSM,A,,,,,,,D,S,M,
A-DSM-C,A-DSM-C,A,,,,,,,D,S,M,C
A-DSM-N,A-DSM-N,A,,,,,,,D,S,M,N
A-DSM-S,A-DSM-S,A,,,,,,,D,S,M,S
A-DSN,A-DSN,A,,,,,,,D,S,N,
A-DSN-C,A-DSN-C,A,,,,,,,D,S,N,C
A-DSN-N,A-DSN-N,A,,,,,,,D,S,N,N
A-DSN-S,A-DSN-S,A,,,,,,,D,S,N,S
A-GPF,A-GPF,A,,,,,,,G,P,F,
A-GPF-S,A-GPF-S,A,,,,,,,G,P,F,S
A-GPM,A-GPM,A,,,,,,,G,P,M,
A-GPM-C,A-GPM-C,A,,,,,,,G,P,M,C
A-GPM-S,A-GPM-S,A,,,,,,,G,P,M,S
A-GPN,A-GPN,A,,,,,,,G,P,N,
A-GPN-C,A-GPN-C,A,,,,,,,G,P,N,C
A-GPN-S,A-GPN-S,A,,,,,,,G,P,N,S
A-GSF,A-GSF,A,,,,,,,G,S,F,
A-GSF-C,A-GSF-C,A,,,,,,,G,S,F,C
A-GSF-S,A-GSF-S,A,,,,,,,G,S,F,S
A-GSM,A-GSM,A,,,,,,,G,S,M,
A-GSM-C,A-GSM-C,A,,,,,,,G,S,M,C
A-GSM-N,A-GSM-N,A,,,,,,,G,S,M,N
A-GSM-S,A-GSM-S,A,,,,,,,G,S,M,S
A-GSN,A-GSN,A,,,,,,,G,S,N,
A-GSN-N,A-GSN-N,A,,,,,,,G,S,N,N
A-GSN-S,A-GSN-S,A,,,,,,,G,S,N,S
A-NPF,A-NPF,A,,,,,,,N,P,F,
A-NPF-C,A-NPF-C,A,,,,,,,N,P,F,C
A-NPF-S,A-NPF-S,A,,,,,,,N,P,F,S
A-NPM,A-NPM,A,,,,,,,N,P,M,
A-NPM-C,A-NPM-C,A,,,,,,,N,P,M,C
A-NPM-S,A-NPM-S,A,,,,,,,N,P,M,S
A-NPN,A-NPN,A,,,,,,,N,P,N,
A-NPN-C,A-NPN-C,A,,,,,,,N,P,N,C
A-NPN-S,A-NPN-S,A,,,,,,,N,P,N,S
A-NSF,A-NSF,A,,,,,,,N,S,F,
A-NSF-C,A-NSF-C,A,,,,,,,N,S,F,C
A-NSF-N,A-NSF-N,A,,,,,,,N,S,F,N
A-NSF-S,A-NSF-S,A,,,,,,,N,S,F,S
A-NSM,A-NSM,A,,,,,,,N,S,M,
A-NSM-ATT,A-NSM-ATT,A,,,,,,,N,S,M,ATT
A-NSM-C,A-NSM-C,A,,,,,,,N,S,M,C
A-NSM-N,A-NSM-N,A,,,,,,,N,S,M,N
A-NSM-S,A-NSM-S,A,,,,,,,N,S,M,S
A-NSN,A-NSN,A,,,,,,,N,S,N,
A-NSN-C,A-NSN-C,A,,,,,,,N,S,N,C
A-NSN-N,A-NSN-N,A,,,,,,,N,S,N,N
A-NSN-S,A-NSN-S,A,,,,,,,N,S,N,S
A-NUI,A-NUI,A-NUI,,,,,,,,,,
A-VPM,A-VPM,A,,,,,,,V,P,M,
A-VPM-C,A-VPM-C,A,,,,,,,V,P,M,C
A-VSF,A-VSF,A,,,,,,,V,S,F,
A-VSM,A-VSM,A,,,,,,,V,S,M,
A-VSM-S,A-VSM-S,A,,,,,,,V,S,M,S
ADV,ADV,ADV,,,,,,,,,,
ADV-C,ADV-C,ADV,,,,,,,,,,C
ADV-I,ADV-I,ADV,,,,,,,,,,I
ADV-K,ADV-K,ADV,,,,,,,,,,K
ADV-N,ADV-N,ADV,,,,,,,,,,N
ADV-S,ADV-S,ADV,,,,,,,,,,S
ARAM,ARAM,ARAM,,,,,,,,,,
C-APM,C-APM,C,,,,,,,A,P,M,
C-DPM,C-DPM,C,,,,,,,D,P,M,
C-DPN,C-DPN,C,,,,,,,D,P,N,
C-GPM,C-GPM,C,,,,,,,G,P,M,
C-GPN,C-GPN,C,,,,,,,G,P,N,
COND,COND,COND,,,,,,,,,,
COND-K,COND-K,COND,,,,,,,,,,K
CONJ,CONJ,CONJ,,,,,,,,,,
CONJ-N,CONJ-N,CONJ,,,,,,,,,,N
D-APF,D-APF,D,,,,,,,A,P,F,
D-APM,D-APM,D,,,,,,,A,P,M,
D-APM-K,D-APM-K,D,,,,,,,A,P,M,K
D-APN,D-APN,D,,,,,,,A,P,N,
D-ASF,D-ASF,D,,,,,,,A,S,F,
D-ASM,D-ASM,D,,,,,,,A,S,M,
D-ASM-K,D-ASM-K,D,,,,,,,A,S,M,K
D-ASN,D-ASN,D,,,,,,,A,S,N,
D-DPF,D-DPF,D,,,,,,,D,P,F,
D-DPM,D-DPM,D,,,,,,,D,P,M,
D-DPN,D-DPN,D,,,,,,,D,P,N,
D-DSF,D-DSF,D,,,,,,,D,S,F,
D-DSM,D-DSM,D,,,,,,,D,S,M,
D-DSN,D-DSN,D,,,,,,,D,S,N,
D-GPF,D-GPF,D,,,,,,,G,P,F,
D-GPM,D-GPM,D,,,,,,,G,P,M,
D-GPN,D-GPN,D,,,,,,,G,P,N,
D-GSF,D-GSF,D,,,,,,,G,S,F,
D-GSM,D-GSM,D,,,,,,,G,S,M,
D-GSN,D-GSN,D,,,,,,,G,S,N,
D-NPF,D-NPF,D,,,,,,,N,P,F,
D-NPM,D-NPM,D,,,,,,,N,P,M,
D-NPM-K,D-NPM-K,D,,,,,,,N,P,M,K
D-NPN,D-NPN,D,,,,,,,N,P,N,
D-NPN-K,D-NPN-K,D,,,,,,,N,P,N,K
D-NSF,D-NSF,D,,,,,,,N,S,F,
D-NSM,D-NSM,D,,,,,,,N,S,M,
D-NSM-K,D-NSM-K,D,,,,,,,N,S,M,K
D-NSN,D-NSN,D,,,,,,,N,S,N,
F-1APM,F-1APM,F,,,,,,1,A,P,M,
F-1ASM,F-1ASM,F,,,,,,1,A,S,M,
F-1DPM,F-1DPM,F,,,,,,1,D,P,M,
F-1DSM,F-1DSM,F,,,,,,1,D,S,M,
F-1GPM,F-1GPM,F,,,,,,1,G,P,M,
F-1GSM,F-1GSM,F,,,,,,1,G,S,M,
F-2APF,F-2APF,F,,,,,,2,A,P,F,
F-2APM,F-2APM,F,,,,,,2,A,P,M,
F-2ASM,F-2ASM,F,,,,,,2,A,S,M,
F-2DPF,F-2DPF,F,,,,,,2,D,P,F,
F-2DPM,F-2DPM,F,,,,,,2,D,P,M,
F-2DSM,F-2DSM,F,,,,,,2,D,S,M,
F-2GPM,F-2GPM,F,,,,,,2,G,P,M,
F-2GSM,F-2GSM,F,,,,,,2,G,S,M,
F-3APF,F-3APF,F,,,,,,3,A,P,F,
F-3APM,F-3APM,F,,,,,,3,A,P,M,
F-3ASF,F-3ASF,F,,,,,,3,A,S,F,
F-3ASM,F-3ASM,F,,,,,,3,A,S,M,
F-3DPM,F-3DPM,F,,,,,,3,D,P,M,
F-3DSF,F-3DSF,F,,,,,,3,D,S,F,
F-3DSM,F-3DSM,F,,,,,,3,D,S,M,
F-3GPF,F-3GPF,F,,,,,,3,G,P,F,
F-3GPM,F-3GPM,F,,,,,,3,G,P,M,
F-3GPN,F-3GPN,F,,,,,,3,G,P,N,
F-3GSF,F-3GSF,F,,,,,,3,G,S,F,
F-3GSM,F-3GSM,F,,,,,,3,G,S,M,
F-3GSN,F-3GSN,F,,,,,,3,G,S,N,
HEB,HEB,HEB,,,,,,,,,,
I-APF,I-APF,I,,,,,,,A,P,F,
I-APM,I-APM,I,,,,,,,A,P,M,
I-ASF,I-ASF,I,,,,,,,A,S,F,
I-ASM,I-ASM,I,,,,,,,A,S,M,
I-ASN,I-ASN,I,,,,,,,A,S,N,
I-DPM,I-DPM,I,,,,,,,D,P,M,
I-DSF,I-DSF,I,,,,,,,D,S,F,
I-DSM,I-DSM,I,,,,,,,D,S,M,
I-DSN,I-DSN,I,,,,,,,D,S,N,
I-GPM,I-GPM,I,,,,,,,G,P,M,
I-GPN,I-GPN,I,,,,,,,G,P,N,
I-GSF,I-GSF,I,,,,,,,G,S,F,
I-GSM,I-GSM,I,,,,,,,G,S,M,
I-GSN,I-GSN,I,,,,,,,G,S,N,
I-NPM,I-NPM,I,,,,,,,N,P,M,
I-NPN,I-NPN,I,,,,,,,N,P,N,
I-NSF,I-NSF,I,,,,,,,N,S,F,
I-NSM,I-NSM,I,,,,,,,N,S,M,
I-NSN,I-NSN,I,,,,,,,N,S,N,
INJ,INJ,INJ,,,,,,,,,,
K-APM,K-APM,K,,,,,,,A,P,M,
K-APN,K-APN,K,,,,,,,A,P,N,
K-ASM,K-ASM,K,,,,,,,A,S,M,
K-ASN,K-ASN,K,,,,,,,A,S,N,
K-DSN,K-DSN,K,,,,,,,D,S,N,
K-NPF,K-NPF,K,,,,,,,N,P,F,
K-NPM,K-NPM,K,,,,,,,N,P,M,
K-NPN,K-NPN,K,,,,,,,N,P,N,
K-NSF,K-NSF,K,,,,,,,N,S,F,
K-NSM,K-NSM,K,,,,,,,N,S,M,
K-NSN,K-NSN,K,,,,,,,N,S,N,
N-APF,N-APF,N,,,,,,,A,P,F,
N-APF-S,N-APF-S,N,,,,,,,A,P,F,S
N-APM,N-APM,N,,,,,,,A,P,M,
N-APN,N-APN,N,,,,,,,A,P,N,
N-APN-S,N-APN-S,N,,,,,,,A,P,N,S
N-ASF,N-ASF,N,,,,,,,A,S,F,
N-ASF-S,N-ASF-S,N,,,,,,,A,S,F,S
N-ASM,N-ASM,N,,,,,,,A,S,M,
N-ASM-S,N-ASM-S,N,,,,,,,A,S,M,S
N-ASN,N-ASN,N,,,,,,,A,S,N,
N-DPF,N-DPF,N,,,,,,,D,P,F,
N-DPM,N-DPM,N,,,,,,,D,P,M,
N-DPM-S,N-DPM-S,N,,,,,,,D,P,M,S
N-DPN,N-DPN,N,,,,,,,D,P,N,
N-DSF,N-DSF,N,,,,,,,D,S,F,
N-DSM,N-DSM,N,,,,,,,D,S,M,
N-DSN,N-DSN,N,,,,,,,D,S,N,
N-GPF,N-GPF,N,,,,,,,G,P,F,
N-GPM,N-GPM,N,,,,,,,G,P,M,
N-GPN,N-GPN,N,,,,,,,G,P,N,
N-GSF,N-GSF,N,,,,,,,G,S,F,
N-GSM,N-GSM,N,,,,,,,G,S,M,
N-GSN,N-GSN,N,,,,,,,G,S,N,
N-LI,N-LI,N-LI,,,,,,,,,,
N-NPF,N-NPF,N,,,,,,,N,P,F,
N-NPM,N-NPM,N,,,,,,,N,P,M,
N-NPM-S,N-NPM-S,N,,,,,,,N,P,M,S
N-NPN,N-NPN,N,,,,,,,N,P,N,
N-NSF,N-NSF,N,,,,,,,N,S,F,
N-NSM,N-NSM,N,,,,,,,N,S,M,
N-NSM-C,N-NSM-C,N,,,,,,,N,S,M,C
N-NSN,N-NSN,N,,,,,,,N,S,N,
N-OI,N-OI,N-OI,,,,,,,,,,
N-PRI,N-PRI,N-PRI,,,,,,,,,,
N-VPF,N-VPF,N,,,,,,,V,P,F,
N-VPM,N-VPM,N,,,,,,,V,P,M,
N-VPN,N-VPN,N,,,,,,,V,P,N,
N-VSF,N-VSF,N,,,,,,,V,S,F,
N-VSM,N-VSM,N,,,,,,,V,S,M,
N-VSN,N-VSN,N,,,,,,,V,S,N,
P-1AP,P-1AP,P,,,,,,1,A,P,,
P-1AS,P-1AS,P,,,,,,1,A,S,,
P-1AS-K,P-1AS-K,P,,,,,,1,A,S,,K
P-1DP,P-1DP,P,,,,,,1,D,P,,
P-1DS,P-1DS,P,,,,,,1,D,S,,
P-1DS-K,P-1DS-K,P,,,,,,1,D,S,,K
P-1GP,P-1GP,P,,,,,,1,G,P,,
P-1GS,P-1GS,P,,,,,,1,G,S,,
P-1NP,P-1NP,P,,,,,,1,N,P,,
P-1NS,P-1NS,P,,,,,,1,N,S,,
P-1NS-K,P-1NS-K,P,,,,,,1,N,S,,K
P-2AP,P-2AP,P,,,,,,2,A,P,,
P-2AS,P-2AS,P,,,,,,2,A,S,,
P-2DP,P-2DP,P,,,,,,2,D,P,,
P-2DS,P-2DS,P,,,,,,2,D,S,,
P-2GP,P-2GP,P,,,,,,2,G,P,,
P-2GS,P-2GS,P,,,,,,2,G,S,,
P-2NP,P-2NP,P,,,,,,2,N,P,,
P-2NS,P-2NS,P,,,,,,2,N,S,,
P-APF,P-APF,P,,,,,,,A,P,F,
P-APM,P-APM,P,,,,,,,A,P,M,
P-APN,P-APN,P,,,,,,,A,P,N,
P-ASF,P-ASF,P,,,,,,,A,S,F,
P-ASM,P-ASM,P,,,,,,,A,S,M,
P-ASN,P-ASN,P,,,,,,,A,S,N,
P-DPF,P-DPF,P,,,,,,,D,P,F,
P-DPM,P-DPM,P,,,,,,,D,P,M,
P-DPN,P-DPN,P,,,,,,,D,P,N,
P-DSF,P-DSF,P,,,,,,,D,S,F,
P-DSM,P-DSM,P,,,,,,,D,S,M,
P-DSN,P-DSN,P,,,,,,,D,S,N,
P-GPF,P-GPF,P,,,,,,,G,P,F,
P-GPM,P-GPM,P,,,,,,,G,P,M,
P-GPN,P-GPN,P,,,,,,,G,P,N,
P-GSF,P-GSF,P,,,,,,,G,S,F,
P-GSM,P-GSM,P,,,,,,,G,S,M,
P-GSN,P-GSN,P,,,,,,,G,S,N,
P-NPM,P-NPM,P,,,,,,,N,P,M,
P-NPN,P-NPN,P,,,,,,,N,P,N,
P-NSF,P-NSF,P,,,,,,,N,S,F,
P-NSM,P-NSM,P,,,,,,,N,S,M,
P-NSN,P-NSN,P,,,,,,,N,S,N,
PREP,PREP,PREP,,,,,,,,,,
PRT,PRT,PRT,,,,,,,,,,
PRT-I,PRT-I,PRT,,,,,,,,,,I
PRT-N,PRT-N,PRT,,,,,,,,,,N
Q-APF,Q-APF,Q,,,,,,,A,P,F,
Q-APM,Q-APM,Q,,,,,,,A,P,M,
Q-APN,Q-APN,Q,,,,,,,A,P,N,
Q-ASF,Q-ASF,Q,,,,,,,A,S,F,
Q-ASN,Q-ASN,Q,,,,,,,A,S,N,
Q-DSN,Q-DSN,Q,,,,,,,D,S,N,
Q-GPN,Q-GPN,Q,,,,,,,G,P,N,
Q-NPF,Q-NPF,Q,,,,,,,N,P,F,
Q-NPM,Q-NPM,Q,,,,,,,N,P,M,
Q-NSM,Q-NSM,Q,,,,,,,N,S,M,
Q-NSN,Q-NSN,Q,,,,,,,N,S,N,
R-APF,R-APF,R,,,,,,,A,P,F,
R-APM,R-APM,R,,,,,,,A,P,M,
R-APN,R-APN,R,,,,,,,A,P,N,
R-ASF,R-ASF,R,,,,,,,A,S,F,
R-ASM,R-ASM,R,,,,,,,A,S,M,
R-ASN,R-ASN,R,,,,,,,A,S,N,
R-DPF,R-DPF,R,,,,,,,D,P,F,
R-DPM,R-DPM,R,,,,,,,D,P,M,
R-DPN,R-DPN,R,,,,,,,D,P,N,
R-DSF,R-DSF,R,,,,,,,D,S,F,
R-DSM,R-DSM,R,,,,,,,D,S,M,
R-DSN,R-DSN,R,,,,,,,D,S,N,
R-GPF,R-GPF,R,,,,,,,G,P,F,
R-GPM,R-GPM,R,,,,,,,G,P,M,
R-GPN,R-GPN,R,,,,,,,G,P,N,
R-GSF,R-GSF,R,,,,,,,G,S,F,
R-GSM,R-GSM,R,,,,,,,G,S,M,
R-GSN,R-GSN,R,,,,,,,G,S,N,
R-GSN-ATT,R-GSN-ATT,R,,,,,,,G,S,N,ATT
R-NPF,R-NPF,R,,,,,,,N,P,F,
R-NPM,R-NPM,R,,,,,,,N,P,M,
R-NPN,R-NPN,R,,,,,,,N,P,N,
R-NSF,R-NSF,R,,,,,,,N,S,F,
R-NSM,R-NSM,R,,,,,,,N,S,M,
R-NSN,R-NSN,R,,,,,,,N,S,N,
S-1APF,S-1APF,S,,,,,,1,A,P,F,
S-1APM,S-1APM,S,,,,,,1,A,P,M,
S-1APN,S-1APN,S,,,,,,1,A,P,N,
S-1ASF,S-1ASF,S,,,,,,1,A,S,F,
S-1ASM,S-1ASM,S,,,,,,1,A,S,M,
S-1ASN,S-1ASN,S,,,,,,1,A,S,N,
S-1DPF,S-1DPF,S,,,,,,1,D,P,F,
S-1DPM,S-1DPM,S,,,,,,1,D,P,M,
S-1DPN,S-1DPN,S,,,,,,1,D,P,N,
S-1DSF,S-1DSF,S,,,,,,1,D,S,F,
S-1DSM,S-1DSM,S,,,,,,1,D,S,M,
S-1DSN,S-1DSN,S,,,,,,1,D,S,N,
S-1GPF,S-1GPF,S,,,,,,1,G,P,F,
S-1GPN,S-1GPN,S,,,,,,1,G,P,N,
S-1GSF,S-1GSF,S,,,,,,1,G,S,F,
S-1NPF,S-1NPF,S,,,,,,1,N,P,F,
S-1NPM,S-1NPM,S,,,,,,1,N,P,M,
S-1NPN,S-1NPN,S,,,,,,1,N,P,N,
S-1NSF,S-1NSF,S,,,,,,1,N,S,F,
S-1NSM,S-1NSM,S,,,,,,1,N,S,M,
S-1NSN,S-1NSN,S,,,,,,1,N,S,N,
S-2APF,S-2APF,S,,,,,,2,A,P,F,
S-2APM,S-2APM,S,,,,,,2,A,P,M,
S-2APN,S-2APN,S,,,,,,2,A,P,N,
S-2ASF,S-2ASF,S,,,,,,2,A,S,F,
S-2ASN,S-2ASN,S,,,,,,2,A,S,N,
S-2DPF,S-2DPF,S,,,,,,2,D,P,F,
S-2DPM,S-2DPM,S,,,,,,2,D,P,M,
S-2DSF,S-2DSF,S,,,,,,2,D,S,F,
S-2DSM,S-2DSM,S,,,,,,2,D,S,M,
S-2GPF,S-2GPF,S,,,,,,2,G,P,F,
S-2GSF,S-2GSF,S,,,,,,2,G,S,F,
S-2NPF,S-2NPF,S,,,,,,2,N,P,F,
S-2NPM,S-2NPM,S,,,,,,2,N,P,M,
S-2NPN,S-2NPN,S,,,,,,2,N,P,N,
S-2NSM,S-2NSM,S,,,,,,2,N,S,M,
S-2NSN,S-2NSN,S,,,,,,2,N,S,N,
T-APF,T-APF,T,,,,,,,A,P,F,
T-APM,T-APM,T,,,,,,,A,P,M,
T-APN,T-APN,T,,,,,,,A,P,N,
T-ASF,T-ASF,T,,,,,,,A,S,F,
T-ASM,T-ASM,T,,,,,,,A,S,M,
T-ASN,T-ASN,T,,,,,,,A,S,N,
T-DPF,T-DPF,T,,,,,,,D,P,F,
T-DPM,T-DPM,T,,,,,,,D,P,M,
T-DPN,T-DPN,T,,,,,,,D,P,N,
T-DSF,T-DSF,T,,,,,,,D,S,F,
T-DSM,T-DSM,T,,,,,,,D,S,M,
T-DSN,T-DSN,T,,,,,,,D,S,N,
T-GPF,T-GPF,T,,,,,,,G,P,F,
T-GPM,T-GPM,T,,,,,,,G,P,M,
T-GPN,T-GPN,T,,,,,,,G,P,N,
T-GSF,T-GSF,T,,,,,,,G,S,F,
T-GSM,T-GSM,T,,,,,,,G,S,M,
T-GSN,T-GSN,T,,,,,,,G,S,N,
T-NPF,T-NPF,T,,,,,,,N,P,F,
T-NPM,T-NPM,T,,,,,,,N,P,M,
T-NPN,T-NPN,T,,,,,,,N,P,N,
T-NSF,T-NSF,T,,,,,,,N,S,F,
T-NSM,T-NSM,T,,,,,,,N,S,M,
T-NSN,T-NSN,T,,,,,,,N,S,N,
V-2AAI-1P,V-NNAI-1P,V,2A,N,N,A,I,1,,P,,
V-2AAI-1S,V-NNAI-1S,V,2A,N,N,A,I,1,,S,,
V-2AAI-2P,V-NNAI-2P,V,2A,N,N,A,I,2,,P,,
V-2AAI-2S,V-NNAI-2S,V,2A,N,N,A,I,2,,S,,
V-2AAI-3P,V-NNAI-3P,V,2A,N,N,A,I,3,,P,,
V-2AAI-3P-ATT,V-NNAI-3P-ATT,V,2A,N,N,A,I,3,,P,,ATT
V-2AAI-3S,V-NNAI-3S,V,2A,N,N,A,I,3,,S,,
V-2AAM-2P,V-NNAM-2P,V,2A,N,N,A,M,2,,P,,
V-2AAM-2S,V-NNAM-2S,V,2A,N,N,A,M,2,,S,,
V-2AAM-3P,V-NNAM-3P,V,2A,N,N,A,M,3,,P,,
V-2AAM-3S,V-NNAM-3S,V,2A,N,N,A,M,3,,S,,
V-2AAN,V-NNAN,V,2A,N,N,A,N,,,,,
V-2AAO-3P,,V,2A,,,A,O,3,,P,,
V-2AAO-3S,,V,2A,,,A,O,3,,S,,
V-2AAP-APF,V-NNAP-APF,V,2A,N,N,A,P,,A,P,F,
V-2AAP-APM,V-NNAP-APM,V,2A,N,N,A,P,,A,P,M,
V-2AAP-ASF,V-NNAP-ASF,V,2A,N,N,A,P,,A,S,F,
V-2AAP-ASM,V-NNAP-ASM,V,2A,N,N,A,P,,A,S,M,
V-2AAP-ASN,V-NNAP-ASN,V,2A,N,N,A,P,,A,S,N,
V-2AAP-DPF,V-NNAP-DPF,V,2A,N,N,A,P,,D,P,F,
V-2AAP-DPM,V-NNAP-DPM,V,2A,N,N,A,P,,D,P,M,
V-2AAP-DSF,V-NNAP-DSF,V,2A,N,N,A,P,,D,S,F,
V-2AAP-DSM,V-NNAP-DSM,V,2A,N,N,A,P,,D,S,M,
V-2AAP-GPM,V-NNAP-GPM,V,2A,N,N,A,P,,G,P,M,
V-2AAP-GSF,V-NNAP-GSF,V,2A,N,N,A,P,,G,S,F,
V-2AAP-GSM,V-NNAP-GSM,V,2A,N,N,A,P,,G,S,M,
V-2AAP-GSN,V-NNAP-GSN,V,2A,N,N,A,P,,G,S,N,
V-2AAP-NPF,V-NNAP-NPF,V,2A,N,N,A,P,,N,P,F,
V-2AAP-NPM,V-NNAP-NPM,V,2A,N,N,A,P,,N,P,M,
V-2AAP-NPN,V-NNAP-NPN,V,2A,N,N,A,P,,N,P,N,
V-2AAP-NSF,V-NNAP-NSF,V,2A,N,N,A,P,,N,S,F,
V-2AAP-NSM,V-NNAP-NSM,V,2A,N,N,A,P,,N,S,M,
V-2AAP-NSN,V-NNAP-NSN,V,2A,N,N,A,P,,N,S,N,
V-2AAS-1P,V-NNAS-1P,V,2A,N,N,A,S,1,,P,,
V-2AAS-1S,V-NNAS-1S,V,2A,N,N,A,S,1,,S,,
V-2AAS-2P,V-NNAS-2P,V,2A,N,N,A,S,2,,P,,
V-2AAS-2S,V-NNAS-2S,V,2A,N,N,A,S,2,,S,,
V-2AAS-3P,V-NNAS-3P,V,2A,N,N,A,S,3,,P,,
V-2AAS-3S,V-NNAS-3S,V,2A,N,N,A,S,3,,S,,
V-2ADI-1S,V-NNMI-1S,V,2A,N,N,M,I,1,,S,,
V-2ADI-2P,V-NNMI-2P,V,2A,N,N,M,I,2,,P,,
V-2ADI-2S,V-NNMI-2S,V,2A,N,N,M,I,2,,S,,
V-2ADI-3P,V-NNMI-3P,V,2A,N,N,M,I,3,,P,,
V-2ADI-3S,V-NNMI-3S,V,2A,N,N,M,I,3,,S,,
V-2ADM-2S,V-NNMM-2S,V,2A,N,N,M,M,2,,S,,
V-2ADM-3S,V-NNMM-3S,V,2A,N,N,M,M,3,,S,,
V-2ADN,V-NNMN,V,2A,N,N,M,N,,,,,
V-2ADO-1S,V-NNMO-1S,V,2A,N,N,M,O,1,,S,,
V-2ADO-3S,V-NNMO-3S,V,2A,N,N,M,O,3,,S,,
V-2ADP-APM,V-NNMP-APM,V,2A,N,N,M,P,,A,P,M,
V-2ADP-APN,V-NNMP-APN,V,2A,N,N,M,P,,A,P,N,
V-2ADP-ASF,V-NNMP-ASF,V,2A,N,N,M,P,,A,S,F,
V-2ADP-ASM,V-NNMP-ASM,V,2A,N,N,M,P,,A,S,M,
V-2ADP-ASN,V-NNMP-ASN,V,2A,N,N,M,P,,A,S,N,
V-2ADP-DPM,V-NNMP-DPM,V,2A,N,N,M,P,,D,P,M,
V-2ADP-DPN,V-NNMP-DPN,V,2A,N,N,M,P,,D,P,N,
V-2ADP-GPF,V-NNMP-GPF,V,2A,N,N,M,P,,G,P,F,
V-2ADP-GPM,V-NNMP-GPM,V,2A,N,N,M,P,,G,P,M,
V-2ADP-GSF,V-NNMP-GSF,V,2A,N,N,M,P,,G,S,F,
V-2ADP-GSM,V-NNMP-GSM,V,2A,N,N,M,P,,G,S,M,
V-2ADP-GSN,V-NNMP-GSN,V,2A,N,N,M,P,,G,S,N,
V-2ADP-NPF,V-NNMP-NPF,V,2A,N,N,M,P,,N,P,F,
V-2ADP-NPM,V-NNMP-NPM,V,2A,N,N,M,P,,N,P,M,
V-2ADP-NSM,V-NNMP-NSM,V,2A,N,N,M,P,,N,S,M,
V-2ADS-1P,V-NNMS-1P,V,2A,N,N,M,S,1,,P,,
V-2ADS-1S,V-NNMS-1S,V,2A,N,N,M,S,1,,S,,
V-2ADS-2P,V-NNMS-2P,V,2A,N,N,M,S,2,,P,,
V-2ADS-3P,V-NNMS-3P,V,2A,N,N,M,S,3,,P,,
V-2ADS-3S,V-NNMS-3S,V,2A,N,N,M,S,3,,S,,
V-2AMI-1P,V-NNMI-1P,V,2A,N,N,M,I,1,,P,,
V-2AMI-1S,V-NNMI-1S,V,2A,N,N,M,I,1,,S,,
V-2AMI-2P,V-NNMI-2P,V,2A,N,N,M,I,2,,P,,
V-2AMI-2S,V-NNMI-2S,V,2A,N,N,M,I,2,,S,,
V-2AMI-3P,V-NNMI-3P,V,2A,N,N,M,I,3,,P,,
V-2AMI-3S,V-NNMI-3S,V,2A,N,N,M,I,3,,S,,
V-2AMM-2P,V-NNMM-2P,V,2A,N,N,M,M,2,,P,,
V-2AMM-2S,V-NNMM-2S,V,2A,N,N,M,M,2,,S,,
V-2AMN,V-NNMN,V,2A,N,N,M,N,,,,,
V-2AMP-GSM,V-NNMP-GSM,V,2A,N,N,M,P,,G,S,M,
V-2AMP-NPM,V-NNMP-NPM,V,2A,N,N,M,P,,N,P,M,
V-2AMP-NSM,V-NNMP-NSM,V,2A,N,N,M,P,,N,S,M,
V-2AMS-1P,V-NNMS-1P,V,2A,N,N,M,S,1,,P,,
V-2AMS-1S,V-NNMS-1S,V,2A,N,N,M,S,1,,S,,
V-2AMS-2S,V-NNMS-2S,V,2A,N,N,M,S,2,,S,,
V-2AMS-3P,V-NNMS-3P,V,2A,N,N,M,S,3,,P,,
V-2AMS-3S,V-NNMS-3S,V,2A,N,N,M,S,3,,S,,
V-2AOI-1P,V-NNPI-1P,V,2A,N,N,P,I,1,,P,,
V-2AOI-1S,V-NNPI-1S,V,2A,N,N,P,I,1,,S,,
V-2AOI-2P,V-NNPI-2P,V,2A,N,N,P,I,2,,P,,
V-2AOI-3P,V-NNPI-3P,V,2A,N,N,P,I,3,,P,,
V-2AOI-3S,V-NNPI-3S,V,2A,N,N,P,I,3,,S,,
V-2AOM-2P,V-NNPM-2P,V,2A,N,N,P,M,2,,P,,
V-2AON,V-NNPN,V,2A,N,N,P,N,,,,,
V-2AOS-2P,V-NNPS-2P,V,2A,N,N,P,S,2,,P,,
V-2API-1P,V-NNPI-1P,V,2A,N,N,P,I,1,,P,,
V-2API-1S,V-NNPI-1S,V,2A,N,N,P,I,1,,S,,
V-2API-2P,V-NNPI-2P,V,2A,N,N,P,I,2,,P,,
V-2API-2S,V-NNPI-2S,V,2A,N,N,P,I,2,,S,,
V-2API-3P,V-NNPI-3P,V,2A,N,N,P,I,3,,P,,
V-2API-3S,V-NNPI-3S,V,2A,N,N,P,I,3,,S,,
V-2APM-2P,V-NNPM-2P,V,2A,N,N,P,M,2,,P,,
V-2APM-2S,V-NNPM-2S,V,2A,N,N,P,M,2,,S,,
V-2APM-3S,V-NNPM-3S,V,2A,N,N,P,M,3,,S,,
V-2APN,V-NNPN,V,2A,N,N,P,N,,,,,
V-2APP-ASM,V-NNPP-ASM,V,2A,N,N,P,P,,A,S,M,
V-2APP-DSN,V-NNPP-DSN,V,2A,N,N,P,P,,D,S,N,
V-2APP-GPM,V-NNPP-GPM,V,2A,N,N,P,P,,G,P,M,
V-2APP-NPF,V-NNPP-NPF,V,2A,N,N,P,P,,N,P,F,
V-2APP-NPM,V-NNPP-NPM,V,2A,N,N,P,P,,N,P,M,
V-2APP-NSF,V-NNPP-NSF,V,2A,N,N,P,P,,N,S,F,
V-2APP-NSM,V-NNPP-NSM,V,2A,N,N,P,P,,N,S,M,
V-2APP-NSN,V-NNPP-NSN,V,2A,N,N,P,P,,N,S,N,
V-2APS-1P,V-NNPS-1P,V,2A,N,N,P,S,1,,P,,
V-2APS-2P,V-NNPS-2P,V,2A,N,N,P,S,2,,P,,
V-2APS-2S,V-NNPS-2S,V,2A,N,N,P,S,2,,S,,
V-2APS-3P,V-NNPS-3P,V,2A,N,N,P,S,3,,P,,
V-2APS-3S,V-NNPS-3S,V,2A,N,N,P,S,3,,S,,
V-2FAI-3S,V-FIAI-3S,V,2F,F,I,A,I,3,,S,,
V-2FMI-3S,V-FIMI-3S,V,2F,F,I,M,I,3,,S,,
V-2FOI-1S,V-FIPI-1S,V,2F,F,I,P,I,1,,S,,
V-2FOI-3P,V-FIPI-3P,V,2F,F,I,P,I,3,,P,,
V-2FOI-3S,V-FIPI-3S,V,2F,F,I,P,I,3,,S,,
V-2FPI-1P,V-FIPI-1P,V,2F,F,I,P,I,1,,P,,
V-2FPI-2P,V-FIPI-2P,V,2F,F,I,P,I,2,,P,,
V-2FPI-2S,V-FIPI-2S,V,2F,F,I,P,I,2,,S,,
V-2FPI-3P,V-FIPI-3P,V,2F,F,I,P,I,3,,P,,
V-2FPI-3S,V-FIPI-3S,V,2F,F,I,P,I,3,,S,,
V-2LAI-3S,V-PCAI-3S,V,2L,P,C,A,I,3,,S,,
V-2RAI-1P,V-RCAI-1P,V,2R,R,C,A,I,1,,P,,
V-2RAI-1P-ATT,V-RCAI-1P-ATT,V,2R,R,C,A,I,1,,P,,ATT
V-2RAI-1S,V-RCAI-1S,V,2R,R,C,A,I,1,,S,,
V-2RAI-2P,V-RCAI-2P,V,2R,R,C,A,I,2,,P,,
V-2RAI-2P-ATT,V-RCAI-2P-ATT,V,2R,R,C,A,I,2,,P,,ATT
V-2RAI-2S,V-RCAI-2S,V,2R,R,C,A,I,2,,S,,
V-2RAI-3P,V-RCAI-3P,V,2R,R,C,A,I,3,,P,,
V-2RAI-3P-ATT,V-RCAI-3P-ATT,V,2R,R,C,A,I,3,,P,,ATT
V-2RAI-3S,V-RCAI-3S,V,2R,R,C,A,I,3,,S,,
V-2RAI-3S-ATT,V-RCAI-3S-ATT,V,2R,R,C,A,I,3,,S,,ATT
V-2RAN,V-NCAN,V,2R,N,C,A,N,,,,,
V-2RAP-APM,V-NCAP-APM,V,2R,N,C,A,P,,A,P,M,
V-2RAP-APM-ATT,V-NCAP-APM-ATT,V,2R,N,C,A,P,,A,P,M,ATT
V-2RAP-APN,V-NCAP-APN,V,2R,N,C,A,P,,A,P,N,
V-2RAP-ASF,V-NCAP-ASF,V,2R,N,C,A,P,,A,S,F,
V-2RAP-ASM,V-NCAP-ASM,V,2R,N,C,A,P,,A,S,M,
V-2RAP-ASN,V-NCAP-ASN,V,2R,N,C,A,P,,A,S,N,
V-2RAP-DSN,V-NCAP-DSN,V,2R,N,C,A,P,,D,S,N,
V-2RAP-NPM,V-NCAP-NPM,V,2R,N,C,A,P,,N,P,M,
V-2RAP-NSF,V-NCAP-NSF,V,2R,N,C,A,P,,N,S,F,
V-2RAP-NSM,V-NCAP-NSM,V,2R,N,C,A,P,,N,S,M,
V-2RAP-NSN,V-NCAP-NSN,V,2R,N,C,A,P,,N,S,N,
V-AAI-1P,V-NNAI-1P,V,A,N,N,A,I,1,,P,,
V-AAI-1S,V-NNAI-1S,V,A,N,N,A,I,1,,S,,
V-AAI-2P,V-NNAI-2P,V,A,N,N,A,I,2,,P,,
V-AAI-2S,V-NNAI-2S,V,A,N,N,A,I,2,,S,,
V-AAI-3P,V-NNAI-3P,V,A,N,N,A,I,3,,P,,
V-AAI-3S,V-NNAI-3S,V,A,N,N,A,I,3,,S,,
V-AAN,V-NNAN,V,A,N,N,A,N,,,,,
V-AAO-3P,,V,A,,,A,O,3,,P,,
V-AAO-3S,,V,A,,,A,O,3,,S,,
V-AAP-APM,V-NNAP-APM,V,A,N,N,A,P,,A,P,M,
V-AAP-APN,V-NNAP-APN,V,A,N,N,A,P,,A,P,N,
V-AAP-ASF,V-NNAP-ASF,V,A,N,N,A,P,,A,S,F,
V-AAP-ASM,V-NNAP-ASM,V,A,N,N,A,P,,A,S,M,
V-AAP-ASN,V-NNAP-ASN,V,A,N,N,A,P,,A,S,N,
V-AAP-DPM,V-NNAP-DPM,V,A,N,N,A,P,,D,P,M,
V-AAP-DSM,V-NNAP-DSM,V,A,N,N,A,P,,D,S,M,
V-AAP-GPM,V-NNAP-GPM,V,A,N,N,A,P,,G,P,M,
V-AAP-GSM,V-NNAP-GSM,V,A,N,N,A,P,,G,S,M,
V-AAP-NPF,V-NNAP-NPF,V,A,N,N,A,P,,N,P,F,
V-AAP-NPM,V-NNAP-NPM,V,A,N,N,A,P,,N,P,M,
V-AAP-NSF,V-NNAP-NSF,V,A,N,N,A,P,,N,S,F,
V-AAP-NSM,V-NNAP-NSM,V,A,N,N,A,P,,N,S,M,
V-AAP-NSN,V-NNAP-NSN,V,A,N,N,A,P,,N,S,N,
V-AAS-1P,V-NNAS-1P,V,A,N,N,A,S,1,,P,,
V-AAS-1S,V-NNAS-1S,V,A,N,N,A,S,1,,S,,
V-AAS-2P,V-NNAS-2P,V,A,N,N,A,S,2,,P,,
V-AAS-2S,V-NNAS-2S,V,A,N,N,A,S,2,,S,,
V-AAS-3P,V-NNAS-3P,V,A,N,N,A,S,3,,P,,
V-AAS-3S,V-NNAS-3S,V,A,N,N,A,S,3,,S,,
V-ADI-1P,V-NNMI-1P,V,A,N,N,M,I,1,,P,,
V-ADI-1S,V-NNMI-1S,V,A,N,N,M,I,1,,S,,
V-ADI-2P,V-NNMI-2P,V,A,N,N,M,I,2,,P,,
V-ADI-2S,V-NNMI-2S,V,A,N,N,M,I,2,,S,,
V-ADI-3P,V-NNMI-3P,V,A,N,N,M,I,3,,P,,
V-ADI-3S,V-NNMI-3S,V,A,N,N,M,I,3,,S,,
V-ADM-2P,V-NNMM-2P,V,A,N,N,M,M,2,,P,,
V-ADM-2S,V-NNMM-2S,V,A,N,N,M,M,2,,S,,
V-ADM-3P,V-NNMM-3P,V,A,N,N,M,M,3,,P,,
V-ADM-3S,V-NNMM-3S,V,A,N,N,M,M,3,,S,,
V-ADN,V-NNMN,V,A,N,N,M,N,,,,,
V-ADO-1S,,V,A,,,M,O,1,,S,,
V-ADP-APM,V-NNMP-APM,V,A,N,N,M,P,,A,P,M,
V-ADP-ASM,V-NNMP-ASM,V,A,N,N,M,P,,A,S,M,
V-ADP-DPM,V-NNMP-DPM,V,A,N,N,M,P,,D,P,M,
V-ADP-GSF,V-NNMP-GSF,V,A,N,N,M,P,,G,S,F,
V-ADP-NPM,V-NNMP-NPM,V,A,N,N,M,P,,N,P,M,
V-ADP-NSF,V-NNMP-NSF,V,A,N,N,M,P,,N,S,F,
V-ADP-NSM,V-NNMP-NSM,V,A,N,N,M,P,,N,S,M,
V-ADS-1P,V-NNMS-1P,V,A,N,N,M,S,1,,P,,
V-ADS-1S,V-NNMS-1S,V,A,N,N,M,S,1,,S,,
V-ADS-2P,V-NNMS-2P,V,A,N,N,M,S,2,,P,,
V-ADS-2S,V-NNMS-2S,V,A,N,N,M,S,2,,S,,
V-ADS-3P,V-NNMS-3P,V,A,N,N,M,S,3,,P,,
V-ADS-3S,V-NNMS-3S,V,A,N,N,M,S,3,,S,,
V-AMI-1P,V-NNMI-1P,V,A,N,N,M,I,1,,P,,
V-AMI-1S,V-NNMI-1S,V,A,N,N,M,I,1,,S,,
V-AMI-2P,V-NNMI-2P,V,A,N,N,M,I,2,,P,,
V-AMI-2S,V-NNMI-2S,V,A,N,N,M,I,2,,S,,
V-AMI-3P,V-NNMI-3P,V,A,N,N,M,I,3,,P,,
V-AMI-3S,V-NNMI-3S,V,A,N,N,M,I,3,,S,,
V-AMN,V-NNMN,V,A,N,N,M,N,,,,,
V-AMP-APM,V-NNMP-APM,V,A,N,N,M,P,,A,P,M,
V-AMP-DPM,V-NNMP-DPM,V,A,N,N,M,P,,D,P,M,
V-AMP-GPM,V-NNMP-GPM,V,A,N,N,M,P,,G,P,M,
V-AMP-GSM,V-NNMP-GSM,V,A,N,N,M,P,,G,S,M,
V-AMP-NPM,V-NNMP-NPM,V,A,N,N,M,P,,N,P,M,
V-AMP-NSF,V-NNMP-NSF,V,A,N,N,M,P,,N,S,F,
V-AMP-NSM,V-NNMP-NSM,V,A,N,N,M,P,,N,S,M,
V-AMS-1P,V-NNMS-1P,V,A,N,N,M,S,1,,P,,
V-AMS-1S,V-NNMS-1S,V,A,N,N,M,S,1,,S,,
V-AMS-2P,V-NNMS-2P,V,A,N,N,M,S,2,,P,,
V-AMS-2S,V-NNMS-2S,V,A,N,N,M,S,2,,S,,
V-AMS-3P,V-NNMS-3P,V,A,N,N,M,S,3,,P,,
V-AMS-3S,V-NNMS-3S,V,A,N,N,M,S,3,,S,,
V-ANI-3P,V-NNMI-3P,V,A,N,N,M,I,3,,P,,
V-ANI-3S,V-NNMI-3S,V,A,N,N,M,I,3,,S,,
V-ANP-NSM,V-NNMP-NSM,V,A,N,N,M,P,,N,S,M,
V-ANP-NSN,V-NNMP-NSN,V,A,N,N,M,P,,N,S,N,
V-AOI-1P,V-NNPI-1P,V,A,N,N,P,I,1,,P,,
V-AOI-1P-ATT,V-NNPI-1P-ATT,V,A,N,N,P,I,1,,P,,ATT
V-AOI-1S,V-NNPI-1S,V,A,N,N,P,I,1,,S,,
V-AOI-1S-ATT,V-NNPI-1S-ATT,V,A,N,N,P,I,1,,S,,ATT
V-AOI-2P,V-NNPI-2P,V,A,N,N,P,I,2,,P,,
V-AOI-2P-ATT,V-NNPI-2P-ATT,V,A,N,N,P,I,2,,P,,ATT
V-AOI-3P,V-NNPI-3P,V,A,N,N,P,I,3,,P,,
V-AOI-3P-ATT,V-NNPI-3P-ATT,V,A,N,N,P,I,3,,P,,ATT
V-AOI-3S,V-NNPI-3S,V,A,N,N,P,I,3,,S,,
V-AOM-2P,V-NNPM-2P,V,A,N,N,P,M,2,,P,,
V-AOM-2S,V-NNPM-2S,V,A,N,N,P,M,2,,S,,
V-AOM-3S,V-NNPM-3S,V,A,N,N,P,M,3,,S,,
V-AON,V-NNPN,V,A,N,N,P,N,,,,,
V-AOO-3S,V-NNPO-3S,V,A,N,N,P,O,3,,S,,
V-AOP-APM,V-NNPP-APM,V,A,N,N,P,P,,A,P,M,
V-AOP-DSM,V-NNPP-DSM,V,A,N,N,P,P,,D,S,M,
V-AOP-GPM,V-NNPP-GPM,V,A,N,N,P,P,,G,P,M,
V-AOP-GPN,V-NNPP-GPN,V,A,N,N,P,P,,G,P,N,
V-AOP-GSM,V-NNPP-GSM,V,A,N,N,P,P,,G,S,M,
V-AOP-NPF,V-NNPP-NPF,V,A,N,N,P,P,,N,P,F,
V-AOP-NPM,V-NNPP-NPM,V,A,N,N,P,P,,N,P,M,
V-AOP-NSF,V-NNPP-NSF,V,A,N,N,P,P,,N,S,F,
V-AOP-NSM,V-NNPP-NSM,V,A,N,N,P,P,,N,S,M,
V-AOP-NSN,V-NNPP-NSN,V,A,N,N,P,P,,N,S,N,
V-AOS-1P,V-NNPS-1P,V,A,N,N,P,S,1,,P,,
V-AOS-1S,V-NNPS-1S,V,A,N,N,P,S,1,,S,,
V-AOS-2P,V-NNPS-2P,V,A,N,N,P,S,2,,P,,
V-AOS-2S,V-NNPS-2S,V,A,N,N,P,S,2,,S,,
V-AOS-3P,V-NNPS-3P,V,A,N,N,P,S,3,,P,,
V-AOS-3S,V-NNPS-3S,V,A,N,N,P,S,3,,S,,
V-API-1P,V-NNPI-1P,V,A,N,N,P,I,1,,P,,
V-API-1S,V-NNPI-1S,V,A,N,N,P,I,1,,S,,
V-API-2P,V-NNPI-2P,V,A,N,N,P,I,2,,P,,
V-API-2S,V-NNPI-2S,V,A,N,N,P,I,2,,S,,
V-API-3P,V-NNPI-3P,V,A,N,N,P,I,3,,P,,
V-API-3S,V-NNPI-3S,V,A,N,N,P,I,3,,S,,
V-APN,V-NNPN,V,A,N,N,P,N,,,,,
V-APO-3S,V-NNPO-3S,V,A,N,N,P,O,3,,S,,
V-APP-APM,V-NNPP-APM,V,A,N,N,P,P,,A,P,M,
V-APP-APN,V-NNPP-APN,V,A,N,N,P,P,,A,P,N,
V-APP-ASF,V-NNPP-ASF,V,A,N,N,P,P,,A,S,F,
V-APP-ASM,V-NNPP-ASM,V,A,N,N,P,P,,A,S,M,
V-APP-ASN,V-NNPP-ASN,V,A,N,N,P,P,,A,S,N,
V-APP-DPN,V-NNPP-DPN,V,A,N,N,P,P,,D,P,N,
V-APP-DSF,V-NNPP-DSF,V,A,N,N,P,P,,D,S,F,
V-APP-DSM,V-NNPP-DSM,V,A,N,N,P,P,,D,S,M,
V-APP-GPF,V-NNPP-GPF,V,A,N,N,P,P,,G,P,F,
V-APP-GPM,V-NNPP-GPM,V,A,N,N,P,P,,G,P,M,
V-APP-GPN,V-NNPP-GPN,V,A,N,N,P,P,,G,P,N,
V-APP-GSF,V-NNPP-GSF,V,A,N,N,P,P,,G,S,F,
V-APP-GSM,V-NNPP-GSM,V,A,N,N,P,P,,G,S,M,
V-APP-GSN,V-NNPP-GSN,V,A,N,N,P,P,,G,S,N,
V-APP-NPM,V-NNPP-NPM,V,A,N,N,P,P,,N,P,M,
V-APP-NPN,V-NNPP-NPN,V,A,N,N,P,P,,N,P,N,
V-APP-NSF,V-NNPP-NSF,V,A,N,N,P,P,,N,S,F,
V-APP-NSM,V-NNPP-NSM,V,A,N,N,P,P,,N,S,M,
V-APP-NSN,V-NNPP-NSN,V,A,N,N,P,P,,N,S,N,
V-APS-1P,V-NNPS-1P,V,A,N,N,P,S,1,,P,,
V-APS-1S,V-NNPS-1S,V,A,N,N,P,S,1,,S,,
V-APS-2P,V-NNPS-2P,V,A,N,N,P,S,2,,P,,
V-APS-2S,V-NNPS-2S,V,A,N,N,P,S,2,,S,,
V-APS-3P,V-NNPS-3P,V,A,N,N,P,S,3,,P,,
V-APS-3S,V-NNPS-3S,V,A,N,N,P,S,3,,S,,
V-FAI-1P,V-FIAI-1P,V,F,F,I,A,I,1,,P,,
V-FAI-1S,V-FIAI-1S,V,F,F,I,A,I,1,,S,,
V-FAI-1S-ATT,V-FIAI-1S-ATT,V,F,F,I,A,I,1,,S,,ATT
V-FAI-2P,V-FIAI-2P,V,F,F,I,A,I,2,,P,,
V-FAI-2S,V-FIAI-2S,V,F,F,I,A,I,2,,S,,
V-FAI-3P,V-FIAI-3P,V,F,F,I,A,I,3,,P,,
V-FAI-3P-ATT,V-FIAI-3P-ATT,V,F,F,I,A,I,3,,P,,ATT
V-FAI-3S,V-FIAI-3S,V,F,F,I,A,I,3,,S,,
V-FAI-3S-ATT,V-FIAI-3S-ATT,V,F,F,I,A,I,3,,S,,ATT
V-FAN,,V,F,,,A,N,,,,,
V-FAP-APN,V-FIAP-APN,V,F,F,I,A,P,,A,P,N,
V-FAP-NPM,V-FIAP-NPM,V,F,F,I,A,P,,N,P,M,
V-FAP-NSM,V-FIAP-NSM,V,F,F,I,A,P,,N,S,M,
V-FAS-3P,V-FIAS-3P,V,F,F,I,A,S,3,,P,,
V-FDI-1P,V-FIMI-1P,V,F,F,I,M,I,1,,P,,
V-FDI-1S,V-FIMI-1S,V,F,F,I,M,I,1,,S,,
V-FDI-2P,V-FIMI-2P,V,F,F,I,M,I,2,,P,,
V-FDI-2P-ATT,V-FIMI-2P-ATT,V,F,F,I,M,I,2,,P,,ATT
V-FDI-2S,V-FIMI-2S,V,F,F,I,M,I,2,,S,,
V-FDI-3P,V-FIMI-3P,V,F,F,I,M,I,3,,P,,
V-FDI-3S,V-FIMI-3S,V,F,F,I,M,I,3,,S,,
V-FDN,V-FIMN,V,F,F,I,M,N,,,,,
V-FDP-ASN,V-FIMP-ASN,V,F,F,I,M,P,,A,S,N,
V-FDP-NPM,V-FIMP-NPM,V,F,F,I,M,P,,N,P,M,
V-FMI-1S,V-FIMI-1S,V,F,F,I,M,I,1,,S,,
V-FMI-2P,V-FIMI-2P,V,F,F,I,M,I,2,,P,,
V-FMI-3P,V-FIMI-3P,V,F,F,I,M,I,3,,P,,
V-FMI-3S,V-FIMI-3S,V,F,F,I,M,I,3,,S,,
V-FMN,V-FIMN,V,F,F,I,M,N,,,,,
V-FMS-3P,V-FIMS-3P,V,F,F,I,M,S,3,,P,,
V-FNI-3P,V-FIMI-3P,V,F,F,I,M,I,3,,P,,
V-FNI-3S,V-FIMI-3S,V,F,F,I,M,I,3,,S,,
V-FOI-1S,V-FIPI-1S,V,F,F,I,P,I,1,,S,,
V-FOI-3P,V-FIPI-3P,V,F,F,I,P,I,3,,P,,
V-FOI-3S,V-FIPI-3S,V,F,F,I,P,I,3,,S,,
V-FPI-1P,V-FIPI-1P,V,F,F,I,P,I,1,,P,,
V-FPI-1S,V-FIPI-1S,V,F,F,I,P,I,1,,S,,
V-FPI-2P,V-FIPI-2P,V,F,F,I,P,I,2,,P,,
V-FPI-2S,V-FIPI-2S,V,F,F,I,P,I,2,,S,,
V-FPI-3P,V-FIPI-3P,V,F,F,I,P,I,3,,P,,
V-FPI-3S,V-FIPI-3S,V,F,F,I,P,I,3,,S,,
V-FPN,,V,F,,,P,N,,,,,
V-FPP-GPN,,V,F,,,P,P,,G,P,N,
V-FXI-3S,,V,F,,,X,I,3,,S,,
V-IAI-1P,V-PIAI-1P,V,I,P,I,A,I,1,,P,,
V-IAI-1S,V-PIAI-1S,V,I,P,I,A,I,1,,S,,
V-IAI-2P,V-PIAI-2P,V,I,P,I,A,I,2,,P,,
V-IAI-2S,V-PIAI-2S,V,I,P,I,A,I,2,,S,,
V-IAI-3P,V-PIAI-3P,V,I,P,I,A,I,3,,P,,
V-IAI-3S,V-PIAI-3S,V,I,P,I,A,I,3,,S,,
V-IAI-3S-ATT,V-PIAI-3S-ATT,V,I,P,I,A,I,3,,S,,ATT
V-IDI-3P,V-PIMI-3P,V,I,P,I,M,I,3,,P,,
V-IEI-3S,V-PIMI-3S,V,I,P,I,M,I,3,,S,,
V-IMI-1P,V-PIMI-1P,V,I,P,I,M,I,1,,P,,
V-IMI-1S,V-PIMI-1S,V,I,P,I,M,I,1,,S,,
V-IMI-3P,V-PIMI-3P,V,I,P,I,M,I,3,,P,,
V-IMI-3S,V-PIMI-3S,V,I,P,I,M,I,3,,S,,
V-INI-1P,V-PIMI-1P,V,I,P,I,M,I,1,,P,,
V-INI-1S,V-PIMI-1S,V,I,P,I,M,I,1,,S,,
V-INI-2P,V-PIMI-2P,V,I,P,I,M,I,2,,P,,
V-INI-2S,V-PIMI-2S,V,I,P,I,M,I,2,,S,,
V-INI-3P,V-PIMI-3P,V,I,P,I,M,I,3,,P,,
V-INI-3P-ATT,V-PIMI-3P-ATT,V,I,P,I,M,I,3,,P,,ATT
V-INI-3S,V-PIMI-3S,V,I,P,I,M,I,3,,S,,
V-INI-3S-ATT,V-PIMI-3S-ATT,V,I,P,I,M,I,3,,S,,ATT
V-IPI-1P,V-PNPI-1P,V,I,P,N,P,I,1,,P,,
V-IPI-1S,V-PNPI-1S,V,I,P,N,P,I,1,,S,,
V-IPI-2P,V-PNPI-2P,V,I,P,N,P,I,2,,P,,
V-IPI-3P,V-PNPI-3P,V,I,P,N,P,I,3,,P,,
V-IPI-3S,V-PNPI-3S,V,I,P,N,P,I,3,,S,,
V-LAI-1S,V-PCAI-1S,V,L,P,C,A,I,1,,S,,
V-LAI-2P,V-PCAI-2P,V,L,P,C,A,I,2,,P,,
V-LAI-2S,V-PCAI-2S,V,L,P,C,A,I,2,,S,,
V-LAI-3P,V-PCAI-3P,V,L,P,C,A,I,3,,P,,
V-LAI-3P-ATT,V-PCAI-3P-ATT,V,L,P,C,A,I,3,,P,,ATT
V-LAI-3S,V-PCAI-3S,V,L,P,C,A,I,3,,S,,
V-LAI-3S-ATT,V-PCAI-3S-ATT,V,L,P,C,A,I,3,,S,,ATT
V-LDI-3S,V-PCMI-3S,V,L,P,C,M,I,3,,S,,
V-LMI-3P,V-PCMI-3P,V,L,P,C,M,I,3,,P,,
V-LPI-3S,,V,L,,,P,I,3,,S,,
V-PAI-1P,V-RIAI-1P,V,P,R,I,A,I,1,,P,,
V-PAI-1S,V-RIAI-1S,V,P,R,I,A,I,1,,S,,
V-PAI-1S-C,V-RIAI-1S-C,V,P,R,I,A,I,1,,S,,C
V-PAI-2P,V-RIAI-2P,V,P,R,I,A,I,2,,P,,
V-PAI-2S,V-RIAI-2S,V,P,R,I,A,I,2,,S,,
V-PAI-3P,V-RIAI-3P,V,P,R,I,A,I,3,,P,,
V-PAI-3P-ATT,V-RIAI-3P-ATT,V,P,R,I,A,I,3,,P,,ATT
V-PAI-3S,V-RIAI-3S,V,P,R,I,A,I,3,,S,,
V-RMM-3S,V-RCMM-3S,V,R,R,C,M,M,3,,S,,
V-RMM-3P,V-RCMM-3P,V,R,R,C,M,M,3,,P,,
V-RAM-3S,,V,R,,,A,M,3,,S,,
V-RAM-3P,,V,R,,,A,M,3,,P,,
V-PAN,V-NIAN,V,P,N,I,A,N,,,,,
V-PAO-2P,V-NIAO-2P,V,P,N,I,A,O,2,,P,,
V-PAO-3P,V-NIAO-3P,V,P,N,I,A,O,3,,P,,
V-PAO-3S,V-NIAO-3S,V,P,N,I,A,O,3,,S,,
V-PAP-APF,V-NIAP-APF,V,P,N,I,A,P,,A,P,F,
V-PAP-APM,V-NIAP-APM,V,P,N,I,A,P,,A,P,M,
V-PAP-APN,V-NIAP-APN,V,P,N,I,A,P,,A,P,N,
V-PAP-ASF,V-NIAP-ASF,V,P,N,I,A,P,,A,S,F,
V-PAP-ASM,V-NIAP-ASM,V,P,N,I,A,P,,A,S,M,
V-PAP-ASN,V-NIAP-ASN,V,P,N,I,A,P,,A,S,N,
V-PAP-DPF,V-NIAP-DPF,V,P,N,I,A,P,,D,P,F,
V-PAP-DPM,V-NIAP-DPM,V,P,N,I,A,P,,D,P,M,
V-PAP-DPN,V-NIAP-DPN,V,P,N,I,A,P,,D,P,N,
V-PAP-DSF,V-NIAP-DSF,V,P,N,I,A,P,,D,S,F,
V-PAP-DSM,V-NIAP-DSM,V,P,N,I,A,P,,D,S,M,
V-PAP-DSN,V-NIAP-DSN,V,P,N,I,A,P,,D,S,N,
V-PAP-GPF,V-NIAP-GPF,V,P,N,I,A,P,,G,P,F,
V-PAP-GPM,V-NIAP-GPM,V,P,N,I,A,P,,G,P,M,
V-PAP-GPN,V-NIAP-GPN,V,P,N,I,A,P,,G,P,N,
V-PAP-GSF,V-NIAP-GSF,V,P,N,I,A,P,,G,S,F,
V-PAP-GSM,V-NIAP-GSM,V,P,N,I,A,P,,G,S,M,
V-PAP-GSN,V-NIAP-GSN,V,P,N,I,A,P,,G,S,N,
V-PAP-NPF,V-NIAP-NPF,V,P,N,I,A,P,,N,P,F,
V-PAP-NPM,V-NIAP-NPM,V,P,N,I,A,P,,N,P,M,
V-PAP-NPN,V-NIAP-NPN,V,P,N,I,A,P,,N,P,N,
V-PAP-NSF,V-NIAP-NSF,V,P,N,I,A,P,,N,S,F,
V-PAP-NSM,V-NIAP-NSM,V,P,N,I,A,P,,N,S,M,
V-PAP-NSN,V-NIAP-NSN,V,P,N,I,A,P,,N,S,N,
V-PAS-1P,V-NIAS-1P,V,P,N,I,A,S,1,,P,,
V-PAS-1S,V-NIAS-1S,V,P,N,I,A,S,1,,S,,
V-PAS-2P,V-NIAS-2P,V,P,N,I,A,S,2,,P,,
V-PAS-2S,V-NIAS-2S,V,P,N,I,A,S,2,,S,,
V-PAS-3P,V-NIAS-3P,V,P,N,I,A,S,3,,P,,
V-PAS-3S,V-NIAS-3S,V,P,N,I,A,S,3,,S,,
V-PDP-NPM,V-NIMP-NPM,V,P,N,I,M,P,,N,P,M,
V-PEI-2P,V-RIMI-2P,V,P,R,I,M,I,2,,P,,
V-PEI-3P,V-RIMI-3P,V,P,R,I,M,I,3,,P,,
V-PEI-3S,V-RIMI-3S,V,P,R,I,M,I,3,,S,,
V-PEM-2P,V-NIMM-2P,V,P,N,I,M,M,2,,P,,
V-PEN,V-NIMN,V,P,N,I,M,N,,,,,
V-PEP-DPM,V-NIMP-DPM,V,P,N,I,M,P,,D,P,M,
V-PEP-DSM,V-NIMP-DSM,V,P,N,I,M,P,,D,S,M,
V-PEP-GPN,V-NIMP-GPN,V,P,N,I,M,P,,G,P,N,
V-PEP-GSM,V-NIMP-GSM,V,P,N,I,M,P,,G,S,M,
V-PEP-NPF,V-NIMP-NPF,V,P,N,I,M,P,,N,P,F,
V-PEP-NPM,V-NIMP-NPM,V,P,N,I,M,P,,N,P,M,
V-PEP-NSF,V-NIMP-NSF,V,P,N,I,M,P,,N,S,F,
V-PMI-1P,V-RIMI-1P,V,P,R,I,M,I,1,,P,,
V-PMI-1S,V-RIMI-1S,V,P,R,I,M,I,1,,S,,
V-PMI-2P,V-RIMI-2P,V,P,R,I,M,I,2,,P,,
V-PMI-3P,V-RIMI-3P,V,P,R,I,M,I,3,,P,,
V-PMI-3S,V-RIMI-3S,V,P,R,I,M,I,3,,S,,
V-RAM-2S,,V,R,,,A,M,2,,S,,
V-PPM-3S,,V,P,,,P,M,3,,S,,
V-RAM-2P,,V,R,,,A,M,2,,P,,
V-PMN,V-NIMN,V,P,N,I,M,N,,,,,
V-PMP-APM,V-NIMP-APM,V,P,N,I,M,P,,A,P,M,
V-PMP-ASF,V-NIMP-ASF,V,P,N,I,M,P,,A,S,F,
V-PMP-ASM,V-NIMP-ASM,V,P,N,I,M,P,,A,S,M,
V-PMP-ASN,V-NIMP-ASN,V,P,N,I,M,P,,A,S,N,
V-PMP-DPM,V-NIMP-DPM,V,P,N,I,M,P,,D,P,M,
V-PMP-DSM,V-NIMP-DSM,V,P,N,I,M,P,,D,S,M,
V-PMP-GPF,V-NIMP-GPF,V,P,N,I,M,P,,G,P,F,
V-PMP-GPM,V-NIMP-GPM,V,P,N,I,M,P,,G,P,M,
V-PMP-GSF,V-NIMP-GSF,V,P,N,I,M,P,,G,S,F,
V-PMP-GSM,V-NIMP-GSM,V,P,N,I,M,P,,G,S,M,
V-PMP-GSN,V-NIMP-GSN,V,P,N,I,M,P,,G,S,N,
V-PMP-NPF,V-NIMP-NPF,V,P,N,I,M,P,,N,P,F,
V-PMP-NPM,V-NIMP-NPM,V,P,N,I,M,P,,N,P,M,
V-PMP-NSF,V-NIMP-NSF,V,P,N,I,M,P,,N,S,F,
V-PMP-NSM,V-NIMP-NSM,V,P,N,I,M,P,,N,S,M,
V-PMP-NSN,V-NIMP-NSN,V,P,N,I,M,P,,N,S,N,
V-PMS-1P,V-NIMS-1P,V,P,N,I,M,S,1,,P,,
V-PMS-1S,V-NIMS-1S,V,P,N,I,M,S,1,,S,,
V-PMS-2S,V-NIMS-2S,V,P,N,I,M,S,2,,S,,
V-PMS-3S,V-NIMS-3S,V,P,N,I,M,S,3,,S,,
V-PNI-1P,V-RIMI-1P,V,P,R,I,M,I,1,,P,,
V-PNI-1S,V-RIMI-1S,V,P,R,I,M,I,1,,S,,
V-PNI-2P,V-RIMI-2P,V,P,R,I,M,I,2,,P,,
V-PNI-2S,V-RIMI-2S,V,P,R,I,M,I,2,,S,,
V-PNI-2S-ATT,V-RIMI-2S-ATT,V,P,R,I,M,I,2,,S,,ATT
V-PNI-2S-C,V-RIMI-2S-C,V,P,R,I,M,I,2,,S,,C
V-PNI-3P,V-RIMI-3P,V,P,R,I,M,I,3,,P,,
V-PNI-3S,V-RIMI-3S,V,P,R,I,M,I,3,,S,,
V-PNM-2P,V-NIMM-2P,V,P,N,I,M,M,2,,P,,
V-PNM-2S,V-NIMM-2S,V,P,N,I,M,M,2,,S,,
V-PNM-3P,V-NIMM-3P,V,P,N,I,M,M,3,,P,,
V-PNM-3S,V-NIMM-3S,V,P,N,I,M,M,3,,S,,
V-PNN,V-NIMN,V,P,N,I,M,N,,,,,
V-PNO-1S,V-NIMO-1S,V,P,N,I,M,O,1,,S,,
V-PNO-3P,V-NIMO-3P,V,P,N,I,M,O,3,,P,,
V-PNO-3S,V-NIMO-3S,V,P,N,I,M,O,3,,S,,
V-PNP-APF,V-NIMP-APF,V,P,N,I,M,P,,A,P,F,
V-PNP-APM,V-NIMP-APM,V,P,N,I,M,P,,A,P,M,
V-PNP-APN,V-NIMP-APN,V,P,N,I,M,P,,A,P,N,
V-PNP-ASF,V-NIMP-ASF,V,P,N,I,M,P,,A,S,F,
V-PNP-ASM,V-NIMP-ASM,V,P,N,I,M,P,,A,S,M,
V-PNP-ASN,V-NIMP-ASN,V,P,N,I,M,P,,A,S,N,
V-PNP-DPF,V-NIMP-DPF,V,P,N,I,M,P,,D,P,F,
V-PNP-DPM,V-NIMP-DPM,V,P,N,I,M,P,,D,P,M,
V-PNP-DPN,V-NIMP-DPN,V,P,N,I,M,P,,D,P,N,
V-PNP-DSF,V-NIMP-DSF,V,P,N,I,M,P,,D,S,F,
V-PNP-DSM,V-NIMP-DSM,V,P,N,I,M,P,,D,S,M,
V-PNP-DSN,V-NIMP-DSN,V,P,N,I,M,P,,D,S,N,
V-PNP-GPF,V-NIMP-GPF,V,P,N,I,M,P,,G,P,F,
V-PNP-GPM,V-NIMP-GPM,V,P,N,I,M,P,,G,P,M,
V-PNP-GPN,V-NIMP-GPN,V,P,N,I,M,P,,G,P,N,
V-PNP-GSF,V-NIMP-GSF,V,P,N,I,M,P,,G,S,F,
V-PNP-GSM,V-NIMP-GSM,V,P,N,I,M,P,,G,S,M,
V-PNP-GSN,V-NIMP-GSN,V,P,N,I,M,P,,G,S,N,
V-PNP-NPF,V-NIMP-NPF,V,P,N,I,M,P,,N,P,F,
V-PNP-NPM,V-NIMP-NPM,V,P,N,I,M,P,,N,P,M,
V-PNP-NPN,V-NIMP-NPN,V,P,N,I,M,P,,N,P,N,
V-PNP-NSF,V-NIMP-NSF,V,P,N,I,M,P,,N,S,F,
V-PNP-NSM,V-NIMP-NSM,V,P,N,I,M,P,,N,S,M,
V-PNP-NSN,V-NIMP-NSN,V,P,N,I,M,P,,N,S,N,
V-PNS-1P,V-NIMS-1P,V,P,N,I,M,S,1,,P,,
V-PNS-1S,V-NIMS-1S,V,P,N,I,M,S,1,,S,,
V-PNS-2P,V-NIMS-2P,V,P,N,I,M,S,2,,P,,
V-PNS-2S,V-NIMS-2S,V,P,N,I,M,S,2,,S,,
V-PNS-3P,V-NIMS-3P,V,P,N,I,M,S,3,,P,,
V-PNS-3S,V-NIMS-3S,V,P,N,I,M,S,3,,S,,
V-POP-NPM,V-NIMP-NPM,V,P,N,I,M,P,,N,P,M,
V-PPI-1P,,V,P,,,P,I,1,,P,,
V-PPI-1S,,V,P,,,P,I,1,,S,,
V-PPI-2P,,V,P,,,P,I,2,,P,,
V-PPI-2S,,V,P,,,P,I,2,,S,,
V-PPI-3P,,V,P,,,P,I,3,,P,,
V-PPI-3S,,V,P,,,P,I,3,,S,,
V-PPM-2P,,V,P,,,P,M,2,,P,,
V-PPN,,V,P,,,P,N,,,,,
V-PPP-APF,V-NIMP-APF,V,P,N,I,M,P,,A,P,F,
V-PPP-APM,V-NIMP-APM,V,P,N,I,M,P,,A,P,M,
V-PPP-APN,V-NIMP-APN,V,P,N,I,M,P,,A,P,N,
V-PPP-ASF,V-NIMP-ASF,V,P,N,I,M,P,,A,S,F,
V-PPP-ASM,V-NIMP-ASM,V,P,N,I,M,P,,A,S,M,
V-PPP-ASN,V-NIMP-ASN,V,P,N,I,M,P,,A,S,N,
V-PPP-DPM,V-NIMP-DPM,V,P,N,I,M,P,,D,P,M,
V-PPP-DPN,V-NIMP-DPN,V,P,N,I,M,P,,D,P,N,
V-PPP-DSF,V-NIMP-DSF,V,P,N,I,M,P,,D,S,F,
V-PPP-DSM,V-NIMP-DSM,V,P,N,I,M,P,,D,S,M,
V-PPP-DSN,V-NIMP-DSN,V,P,N,I,M,P,,D,S,N,
V-PPP-GPM,V-NIMP-GPM,V,P,N,I,M,P,,G,P,M,
V-PPP-GPN,V-NIMP-GPN,V,P,N,I,M,P,,G,P,N,
V-PPP-GSF,V-NIMP-GSF,V,P,N,I,M,P,,G,S,F,
V-PPP-GSM,V-NIMP-GSM,V,P,N,I,M,P,,G,S,M,
V-PPP-GSN,V-NIMP-GSN,V,P,N,I,M,P,,G,S,N,
V-PPP-NPF,V-NIMP-NPF,V,P,N,I,M,P,,N,P,F,
V-PPP-NPM,V-NIMP-NPM,V,P,N,I,M,P,,N,P,M,
V-PPP-NPN,V-NIMP-NPN,V,P,N,I,M,P,,N,P,N,
V-PPP-NSF,V-NIMP-NSF,V,P,N,I,M,P,,N,S,F,
V-PPP-NSM,V-NIMP-NSM,V,P,N,I,M,P,,N,S,M,
V-PPP-NSN,V-NIMP-NSN,V,P,N,I,M,P,,N,S,N,
V-PPS-1P,,V,P,,,P,S,1,,P,,
V-PPS-1S,,V,P,,,P,S,1,,S,,
V-PPS-2P,,V,P,,,P,S,2,,P,,
V-PPS-3P,,V,P,,,P,S,3,,P,,
V-PPS-3S,,V,P,,,P,S,3,,S,,
V-RAI-1P,V-RCAI-1P,V,R,R,C,A,I,1,,P,,
V-RAI-1P-ATT,V-RCAI-1P-ATT,V,R,R,C,A,I,1,,P,,ATT
V-RAI-1S,V-RCAI-1S,V,R,R,C,A,I,1,,S,,
V-RAI-1S-ATT,V-RCAI-1S-ATT,V,R,R,C,A,I,1,,S,,ATT
V-RAI-2P,V-RCAI-2P,V,R,R,C,A,I,2,,P,,
V-RAI-2P-ATT,V-RCAI-2P-ATT,V,R,R,C,A,I,2,,P,,ATT
V-RAI-2S,V-RCAI-2S,V,R,R,C,A,I,2,,S,,
V-RAI-2S-ATT,V-RCAI-2S-ATT,V,R,R,C,A,I,2,,S,,ATT
V-RAI-3P,V-RCAI-3P,V,R,R,C,A,I,3,,P,,
V-RAI-3P-ATT,V-RCAI-3P-ATT,V,R,R,C,A,I,3,,P,,ATT
V-RAI-3S,V-RCAI-3S,V,R,R,C,A,I,3,,S,,
V-RAI-3S-ATT,V-RCAI-3S-ATT,V,R,R,C,A,I,3,,S,,ATT
V-RAN,V-NCAN,V,R,N,C,A,N,,,,,
V-RAN-ATT,V-NCAN-ATT,V,R,N,C,A,N,,,,,ATT
V-RAP-APM,V-NCAP-APM,V,R,N,C,A,P,,A,P,M,
V-RAP-APN,V-NCAP-APN,V,R,N,C,A,P,,A,P,N,
V-RAP-ASF,V-NCAP-ASF,V,R,N,C,A,P,,A,S,F,
V-RAP-ASM,V-NCAP-ASM,V,R,N,C,A,P,,A,S,M,
V-RAP-ASN,V-NCAP-ASN,V,R,N,C,A,P,,A,S,N,
V-RAP-DPM,V-NCAP-DPM,V,R,N,C,A,P,,D,P,M,
V-RAP-DSM,V-NCAP-DSM,V,R,N,C,A,P,,D,S,M,
V-RAP-DSN,V-NCAP-DSN,V,R,N,C,A,P,,D,S,N,
V-RAP-GPM,V-NCAP-GPM,V,R,N,C,A,P,,G,P,M,
V-RAP-GPN,V-NCAP-GPN,V,R,N,C,A,P,,G,P,N,
V-RAP-GSF,V-NCAP-GSF,V,R,N,C,A,P,,G,S,F,
V-RAP-GSM,V-NCAP-GSM,V,R,N,C,A,P,,G,S,M,
V-RAP-GSN-ATT,V-NCAP-GSN-ATT,V,R,N,C,A,P,,G,S,N,ATT
V-RAP-NPF,V-NCAP-NPF,V,R,N,C,A,P,,N,P,F,
V-RAP-NPM,V-NCAP-NPM,V,R,N,C,A,P,,N,P,M,
V-RAP-NPM-ATT,V-NCAP-NPM-ATT,V,R,N,C,A,P,,N,P,M,ATT
V-RAP-NPN,V-NCAP-NPN,V,R,N,C,A,P,,N,P,N,
V-RAP-NSF,V-NCAP-NSF,V,R,N,C,A,P,,N,S,F,
V-RAP-NSM,V-NCAP-NSM,V,R,N,C,A,P,,N,S,M,
V-RAP-NSM-ATT,V-NCAP-NSM-ATT,V,R,N,C,A,P,,N,S,M,ATT
V-RAP-NSN,V-NCAP-NSN,V,R,N,C,A,P,,N,S,N,
V-RAS-1P,,V,R,,,A,S,1,,P,,
V-RAS-1S,,V,R,,,A,S,1,,S,,
V-RAS-2P,,V,R,,,A,S,2,,P,,
V-RAS-2S,,V,R,,,A,S,2,,S,,
V-RDI-3S,V-RCMI-3S,V,R,R,C,M,I,3,,S,,
V-REP-APM,V-NCMP-APM,V,R,N,C,M,P,,A,P,M,
V-RMI-2S,V-RCMI-2S,V,R,R,C,M,I,2,,S,,
V-RMI-3S,V-RCMI-3S,V,R,R,C,M,I,3,,S,,
V-RMP-ASM,V-NCMP-ASM,V,R,N,C,M,P,,A,S,M,
V-RMP-DPM,V-NCMP-DPM,V,R,N,C,M,P,,D,P,M,
V-RMP-NPM,V-NCMP-NPM,V,R,N,C,M,P,,N,P,M,
V-RMP-NSM,V-NCMP-NSM,V,R,N,C,M,P,,N,S,M,
V-RNI-1P,V-RCMI-1P,V,R,R,C,M,I,1,,P,,
V-RNI-1S,V-RCMI-1S,V,R,R,C,M,I,1,,S,,
V-RNI-3S,V-RCMI-3S,V,R,R,C,M,I,3,,S,,
V-RNN,V-NCMN,V,R,N,C,M,N,,,,,
V-RNP-APM,V-NCMP-APM,V,R,N,C,M,P,,A,P,M,
V-RNP-ASF,V-NCMP-ASF,V,R,N,C,M,P,,A,S,F,
V-RNP-DPF,V-NCMP-DPF,V,R,N,C,M,P,,D,P,F,
V-RNP-NPM,V-NCMP-NPM,V,R,N,C,M,P,,N,P,M,
V-RNP-NSM,V-NCMP-NSM,V,R,N,C,M,P,,N,S,M,
V-RPI-1P,,V,R,,,P,I,1,,P,,
V-RPI-1S,,V,R,,,P,I,1,,S,,
V-RPI-2P,,V,R,,,P,I,2,,P,,
V-RPI-2S,,V,R,,,P,I,2,,S,,
V-RPI-3P,,V,R,,,P,I,3,,P,,
V-RPI-3S,,V,R,,,P,I,3,,S,,
V-RPM-2P,,V,R,,,P,M,2,,P,,
V-RPM-2S,,V,R,,,P,M,2,,S,,
V-RPN,,V,R,,,P,N,,,,,
V-RPP-APF,V-NCMP-APF,V,R,N,C,M,P,,A,P,F,
V-RPP-APM,V-NCMP-APM,V,R,N,C,M,P,,A,P,M,
V-RPP-APN,V-NCMP-APN,V,R,N,C,M,P,,A,P,N,
V-RPP-ASF,V-NCMP-ASF,V,R,N,C,M,P,,A,S,F,
V-RPP-ASM,V-NCMP-ASM,V,R,N,C,M,P,,A,S,M,
V-RPP-ASN,V-NCMP-ASN,V,R,N,C,M,P,,A,S,N,
V-RPP-ASN-ATT,V-NCMP-ASN-ATT,V,R,N,C,M,P,,A,S,N,ATT
V-RPP-DPM,V-NCMP-DPM,V,R,N,C,M,P,,D,P,M,
V-RPP-DPN,V-NCMP-DPN,V,R,N,C,M,P,,D,P,N,
V-RPP-DSF,V-NCMP-DSF,V,R,N,C,M,P,,D,S,F,
V-RPP-DSM,V-NCMP-DSM,V,R,N,C,M,P,,D,S,M,
V-RPP-DSN,V-NCMP-DSN,V,R,N,C,M,P,,D,S,N,
V-RPP-GPF,V-NCMP-GPF,V,R,N,C,M,P,,G,P,F,
V-RPP-GPM,V-NCMP-GPM,V,R,N,C,M,P,,G,P,M,
V-RPP-GPN,V-NCMP-GPN,V,R,N,C,M,P,,G,P,N,
V-RPP-GSF,V-NCMP-GSF,V,R,N,C,M,P,,G,S,F,
V-RPP-GSM,V-NCMP-GSM,V,R,N,C,M,P,,G,S,M,
V-RPP-GSN,V-NCMP-GSN,V,R,N,C,M,P,,G,S,N,
V-RPP-NPF,V-NCMP-NPF,V,R,N,C,M,P,,N,P,F,
V-RPP-NPM,V-NCMP-NPM,V,R,N,C,M,P,,N,P,M,
V-RPP-NPN,V-NCMP-NPN,V,R,N,C,M,P,,N,P,N,
V-RPP-NSF,V-NCMP-NSF,V,R,N,C,M,P,,N,S,F,
V-RPP-NSM,V-NCMP-NSM,V,R,N,C,M,P,,N,S,M,
V-RPP-NSN,V-NCMP-NSN,V,R,N,C,M,P,,N,S,N,
V-RPP-NSN-ATT,V-NCMP-NSN-ATT,V,R,N,C,M,P,,N,S,N,ATT
V-RPP-VSM,V-NCMP-VSM,V,R,N,C,M,P,,V,S,M,
X-APF,X-APF,X,,,,,,,A,P,F,
X-APM,X-APM,X,,,,,,,A,P,M,
X-APN,X-APN,X,,,,,,,A,P,N,
X-ASF,X-ASF,X,,,,,,,A,S,F,
X-ASM,X-ASM,X,,,,,,,A,S,M,
X-ASN,X-ASN,X,,,,,,,A,S,N,
X-DPM,X-DPM,X,,,,,,,D,P,M,
X-DSF,X-DSF,X,,,,,,,D,S,F,
X-DSM,X-DSM,X,,,,,,,D,S,M,
X-DSN,X-DSN,X,,,,,,,D,S,N,
X-GPF,X-GPF,X,,,,,,,G,P,F,
X-GPM,X-GPM,X,,,,,,,G,P,M,
X-GPN,X-GPN,X,,,,,,,G,P,N,
X-GSM,X-GSM,X,,,,,,,G,S,M,
X-GSN,X-GSN,X,,,,,,,G,S,N,
X-NPF,X-NPF,X,,,,,,,N,P,F,
X-NPM,X-NPM,X,,,,,,,N,P,M,
X-NPN,X-NPN,X,,,,,,,N,P,N,
X-NSF,X-NSF,X,,,,,,,N,S,F,
X-NSM,X-NSM,X,,,,,,,N,S,M,
X-NSN,X-NSN,X,,,,,,,N,S,N,
A-GSN-C,A-GSN-C,A,,,,,,,G,S,N,C
A-VSN,A-VSN,A,,,,,,,V,S,N,
I-APN,I-APN,I,,,,,,,A,P,N,
I-NPF,I-NPF,I,,,,,,,N,P,F,
N-APM-C,N-APM-C,N,,,,,,,A,P,M,C
N-GPM-S,N-GPM-S,N,,,,,,,G,P,M,S
P-2VS,P-2VS,P,,,,,,2,V,S,,
T-VPM,T-VPM,T,,,,,,,V,P,M,
T-VPN,T-VPN,T,,,,,,,V,P,N,
T-VSF,T-VSF,T,,,,,,,V,S,F,
T-VSM,T-VSM,T,,,,,,,V,S,M,
T-VSN,T-VSN,T,,,,,,,V,S,N,
V-AAO-1P,,V,A,,,A,O,1,,P,,
V-AAO-1S,,V,A,,,A,O,1,,S,,
V-AAO-2P,,V,A,,,A,O,2,,P,,
V-AAO-2S,,V,A,,,A,O,2,,S,,
V-AAP-3S,V-NNAP-3S,V,A,N,N,A,P,3,,S,,
V-AAP-APF,V-NNAP-APF,V,A,N,N,A,P,,A,P,F,
V-AAP-DPF,V-NNAP-DPF,V,A,N,N,A,P,,D,P,F,
V-AAP-DPN,V-NNAP-DPN,V,A,N,N,A,P,,D,P,N,
V-AAP-DSF,V-NNAP-DSF,V,A,N,N,A,P,,D,S,F,
V-AAP-GPF,V-NNAP-GPF,V,A,N,N,A,P,,G,P,F,
V-AAP-GPN,V-NNAP-GPN,V,A,N,N,A,P,,G,P,N,
V-AAP-GSF,V-NNAP-GSF,V,A,N,N,A,P,,G,S,F,
V-AAP-GSN,V-NNAP-GSN,V,A,N,N,A,P,,G,S,N,
V-AAP-NDM,V-NNAP-NDM,V,A,N,N,A,P,,N,D,M,
V-AAP-NPN,V-NNAP-NPN,V,A,N,N,A,P,,N,P,N,
V-PPM-3P,,V,P,,,P,M,3,,P,,
V-AMO-1S,,V,A,,,M,O,1,,S,,
V-AMO-2S,,V,A,,,M,O,2,,S,,
V-AMO-3P,,V,A,,,M,O,3,,P,,
V-AMO-3S,,V,A,,,M,O,3,,S,,
V-AMP-APF,V-NNMP-APF,V,A,N,N,M,P,,A,P,F,
V-AMP-APN,V-NNMP-APN,V,A,N,N,M,P,,A,P,N,
V-AMP-ASF,V-NNMP-ASF,V,A,N,N,M,P,,A,S,F,
V-AMP-ASM,V-NNMP-ASM,V,A,N,N,M,P,,A,S,M,
V-AMP-ASN,V-NNMP-ASN,V,A,N,N,M,P,,A,S,N,
V-AMP-DPF,V-NNMP-DPF,V,A,N,N,M,P,,D,P,F,
V-AMP-DSF,V-NNMP-DSF,V,A,N,N,M,P,,D,S,F,
V-AMP-DSM,V-NNMP-DSM,V,A,N,N,M,P,,D,S,M,
V-AMP-GSF,V-NNMP-GSF,V,A,N,N,M,P,,G,S,F,
V-AMP-NPF,V-NNMP-NPF,V,A,N,N,M,P,,N,P,F,
V-AMP-NSN,V-NNMP-NSN,V,A,N,N,M,P,,N,S,N,
V-PPM-2S,,V,P,,,P,M,2,,S,,
V-PMM-3S,V-NIMM-3S,V,P,N,I,M,M,3,,S,,
V-PMM-3P,V-NIMM-3P,V,P,N,I,M,M,3,,P,,
V-PMM-2S,V-NIMM-2S,V,P,N,I,M,M,2,,S,,
V-APO-1P,V-NNPO-1P,V,A,N,N,P,O,1,,P,,
V-APO-1S,V-NNPO-1S,V,A,N,N,P,O,1,,S,,
V-APO-2P,V-NNPO-2P,V,A,N,N,P,O,2,,P,,
V-APO-3P,V-NNPO-3P,V,A,N,N,P,O,3,,P,,
V-APP-2S,V-NNPP-2S,V,A,N,N,P,P,2,,S,,
V-APP-APF,V-NNPP-APF,V,A,N,N,P,P,,A,P,F,
V-APP-DPM,V-NNPP-DPM,V,A,N,N,P,P,,D,P,M,
V-APP-NPF,V-NNPP-NPF,V,A,N,N,P,P,,N,P,F,
V-PMM-2P,V-NIMM-2P,V,P,N,I,M,M,2,,P,,
V-FAO-3S,V-FIAO-3S,V,F,F,I,A,O,3,,S,,
V-FAP-ASN,V-FIAP-ASN,V,F,F,I,A,P,,A,S,N,
V-FAP-NSN,V-FIAP-NSN,V,F,F,I,A,P,,N,S,N,
V-FAS-1S,V-FIAS-1S,V,F,F,I,A,S,1,,S,,
V-FMI-1P,V-FIMI-1P,V,F,F,I,M,I,1,,P,,
V-FMI-2S,V-FIMI-2S,V,F,F,I,M,I,2,,S,,
V-FMO-3S,,V,F,,,M,O,3,,S,,
V-FMP-APN,V-FIMP-APN,V,F,F,I,M,P,,A,P,N,
V-FMP-ASM,V-FIMP-ASM,V,F,F,I,M,P,,A,S,M,
V-FMP-ASN,V-FIMP-ASN,V,F,F,I,M,P,,A,S,N,
V-FMP-GPN,V-FIMP-GPN,V,F,F,I,M,P,,G,P,N,
V-FMP-GSM,V-FIMP-GSM,V,F,F,I,M,P,,G,S,M,
V-FMP-NSM,V-FIMP-NSM,V,F,F,I,M,P,,N,S,M,
V-FMP-NSN,V-FIMP-NSN,V,F,F,I,M,P,,N,S,N,
V-FMS-2S,V-FIMS-2S,V,F,F,I,M,S,2,,S,,
V-FPP-APF,,V,F,,,P,P,,A,P,F,
V-FPP-DPM,,V,F,,,P,P,,D,P,M,
V-FPP-DSM,,V,F,,,P,P,,D,S,M,
V-FPP-GPM,,V,F,,,P,P,,G,P,M,
V-FPP-NPM,,V,F,,,P,P,,N,P,M,
V-FPP-NSM,,V,F,,,P,P,,N,S,M,
V-FPP-NSN,,V,F,,,P,P,,N,S,N,
V-FPS-2S,V-FIPS-2S,V,F,F,I,P,S,2,,S,,
V-FPS-3P,V-FIPS-3P,V,F,F,I,P,S,3,,P,,
V-IMI-2P,V-PIMI-2P,V,I,P,I,M,I,2,,P,,
V-IMI-2S,V-PIMI-2S,V,I,P,I,M,I,2,,S,,
V-LAI-1P,V-PCAI-1P,V,L,P,C,A,I,1,,P,,
V-LMI-3S,V-PCMI-3S,V,L,P,C,M,I,3,,S,,
V-LMP-ASN,,V,L,,,M,P,,A,S,N,
V-LMP-NPM,,V,L,,,M,P,,N,P,M,
V-LMP-NSM,,V,L,,,M,P,,N,S,M,
V-LMP-NSN,,V,L,,,M,P,,N,S,N,
V-LPP-3S,,V,L,,,P,P,3,,S,,
V-LPP-ASM,,V,L,,,P,P,,A,S,M,
V-PAM-3S,V-NIAM-3S,V,P,N,I,A,M,3,,S,,
V-PAM-3P,V-NIAM-3P,V,P,N,I,A,M,3,,P,,
V-PAM-2S,V-NIAM-2S,V,P,N,I,A,M,2,,S,,
V-PAM-2P,V-NIAM-2P,V,P,N,I,A,M,2,,P,,
V-PAI-1D,V-RIAI-1D,V,P,R,I,A,I,1,,D,,
V-PAP-VPM,V-NIAP-VPM,V,P,N,I,A,P,,V,P,M,
V-PAP-VSF,V-NIAP-VSF,V,P,N,I,A,P,,V,S,F,
V-PAP-VSM,V-NIAP-VSM,V,P,N,I,A,P,,V,S,M,
V-FAM-2S,,V,F,,,A,M,2,,S,,
V-APM-3S,V-NNPM-3S,V,A,N,N,P,M,3,,S,,
V-APM-3P,V-NNPM-3P,V,A,N,N,P,M,3,,P,,
V-APM-2S,V-NNPM-2S,V,A,N,N,P,M,2,,S,,
V-PMI-2S,V-RIMI-2S,V,P,R,I,M,I,2,,S,,
V-PMO-1S,V-NIMO-1S,V,P,N,I,M,O,1,,S,,
V-PMO-2S,V-NIMO-2S,V,P,N,I,M,O,2,,S,,
V-PMO-3S,V-NIMO-3S,V,P,N,I,M,O,3,,S,,
V-PMP-3P,V-NIMP-3P,V,P,N,I,M,P,3,,P,,
V-PMP-APF,V-NIMP-APF,V,P,N,I,M,P,,A,P,F,
V-PMP-APN,V-NIMP-APN,V,P,N,I,M,P,,A,P,N,
V-PMP-DPF,V-NIMP-DPF,V,P,N,I,M,P,,D,P,F,
V-PMP-DPN,V-NIMP-DPN,V,P,N,I,M,P,,D,P,N,
V-PMP-DSF,V-NIMP-DSF,V,P,N,I,M,P,,D,S,F,
V-PMP-DSN,V-NIMP-DSN,V,P,N,I,M,P,,D,S,N,
V-PMP-GPN,V-NIMP-GPN,V,P,N,I,M,P,,G,P,N,
V-PMP-NPN,V-NIMP-NPN,V,P,N,I,M,P,,N,P,N,
V-PMP-VPM,V-NIMP-VPM,V,P,N,I,M,P,,V,P,M,
V-PMP-VPN,V-NIMP-VPN,V,P,N,I,M,P,,V,P,N,
V-PMP-VSM,V-NIMP-VSM,V,P,N,I,M,P,,V,S,M,
V-PMS-2P,V-NIMS-2P,V,P,N,I,M,S,2,,P,,
V-PMS-3P,V-NIMS-3P,V,P,N,I,M,S,3,,P,,
V-APM-2P,V-NNPM-2P,V,A,N,N,P,M,2,,P,,
V-AMM-3S,V-NNMM-3S,V,A,N,N,M,M,3,,S,,
V-AMM-3P,V-NNMM-3P,V,A,N,N,M,M,3,,P,,
V-PPP-GPF,V-NIMP-GPF,V,P,N,I,M,P,,G,P,F,
V-PPS-2S,,V,P,,,P,S,2,,S,,
V-AMM-2S,V-NNMM-2S,V,A,N,N,M,M,2,,S,,
V-AMM-2P,V-NNMM-2P,V,A,N,N,M,M,2,,P,,
V-AAM-3S,V-NNAM-3S,V,A,N,N,A,M,3,,S,,
V-AAM-3P,V-NNAM-3P,V,A,N,N,A,M,3,,P,,
V-RAO-3S,,V,R,,,A,O,3,,S,,
V-RAP-DPN,V-NCAP-DPN,V,R,N,C,A,P,,D,P,N,
V-RAP-DSF,V-NCAP-DSF,V,R,N,C,A,P,,D,S,F,
V-RAP-GPF,V-NCAP-GPF,V,R,N,C,A,P,,G,P,F,
V-RAP-GSN,V-NCAP-GSN,V,R,N,C,A,P,,G,S,N,
V-RAP-VPM,V-NCAP-VPM,V,R,N,C,A,P,,V,P,M,
V-AAM-2S,V-NNAM-2S,V,A,N,N,A,M,2,,S,,
V-AAM-2P,V-NNAM-2P,V,A,N,N,A,M,2,,P,,
V-RMI-1P,V-RCMI-1P,V,R,R,C,M,I,1,,P,,
V-RMI-1S,V-RCMI-1S,V,R,R,C,M,I,1,,S,,
V-RMI-2P,V-RCMI-2P,V,R,R,C,M,I,2,,P,,
V-RMI-3P,V-RCMI-3P,V,R,R,C,M,I,3,,P,,
V-RMI-NFS,V-RCMI-NFS,V,R,R,C,M,I,,N,F,S,
V-RMI-NPM,V-RCMI-NPM,V,R,R,C,M,I,,N,P,M,
V-RMN,V-NCMN,V,R,N,C,M,N,,,,,
V-RMP-3P,V-NCMP-3P,V,R,N,C,M,P,3,,P,,
V-RMP-APF,V-NCMP-APF,V,R,N,C,M,P,,A,P,F,
V-RMP-APM,V-NCMP-APM,V,R,N,C,M,P,,A,P,M,
V-RMP-APN,V-NCMP-APN,V,R,N,C,M,P,,A,P,N,
V-RMP-ASF,V-NCMP-ASF,V,R,N,C,M,P,,A,S,F,
V-RMP-ASN,V-NCMP-ASN,V,R,N,C,M,P,,A,S,N,
V-RMP-DPF,V-NCMP-DPF,V,R,N,C,M,P,,D,P,F,
V-RMP-DPN,V-NCMP-DPN,V,R,N,C,M,P,,D,P,N,
V-RMP-DSF,V-NCMP-DSF,V,R,N,C,M,P,,D,S,F,
V-RMP-DSM,V-NCMP-DSM,V,R,N,C,M,P,,D,S,M,
V-RMP-DSN,V-NCMP-DSN,V,R,N,C,M,P,,D,S,N,
V-RMP-GPF,V-NCMP-GPF,V,R,N,C,M,P,,G,P,F,
V-RMP-GPM,V-NCMP-GPM,V,R,N,C,M,P,,G,P,M,
V-RMP-GPN,V-NCMP-GPN,V,R,N,C,M,P,,G,P,N,
V-RMP-GSF,V-NCMP-GSF,V,R,N,C,M,P,,G,S,F,
V-RMP-GSM,V-NCMP-GSM,V,R,N,C,M,P,,G,S,M,
V-RMP-GSN,V-NCMP-GSN,V,R,N,C,M,P,,G,S,N,
V-RMP-NPF,V-NCMP-NPF,V,R,N,C,M,P,,N,P,F,
V-RMP-NPN,V-NCMP-NPN,V,R,N,C,M,P,,N,P,N,
V-RMP-NSF,V-NCMP-NSF,V,R,N,C,M,P,,N,S,F,
V-RMP-NSN,V-NCMP-NSN,V,R,N,C,M,P,,N,S,N,
V-RPP-2S,V-NCMP-2S,V,R,N,C,M,P,2,,S,,
V-RPP-DPF,V-NCMP-DPF,V,R,N,C,M,P,,D,P,F,
V-2FDI-3S,V-FIMI-3S,V,2F,F,I,M,I,3,,S,,
"PREP,R-GPN",PREP,PREP,,,,,,,,,,
"PREP,R-GPN",R-GPN,R,,,,,,,G,P,N,
"PREP,R-GPM",PREP,PREP,,,,,,,,,,
"PREP,R-GPM",R-GPM,R,,,,,,,G,P,M,
"PREP,R-DSN",PREP,PREP,,,,,,,,,,
"PREP,R-DSN",R-DSN,R,,,,,,,D,S,N,
"PREP,I-ASN",PREP,PREP,,,,,,,,,,
"PREP,I-ASN",I-ASN,I,,,,,,,A,S,N,
"PREP,D-ASN",PREP,PREP,,,,,,,,,,
"PREP,D-ASN",D-ASN,D,,,,,,,A,S,N,
"PREP,A-GSN",PREP,PREP,,,,,,,,,,
"PREP,A-GSN",A-GSN,A,,,,,,,G,S,N,
"PREP,A-GSM",PREP,PREP,,,,,,,,,,
"PREP,A-GSM",A-GSM,A,,,,,,,G,S,M,
"N-GSM,N-GSN",N-GSM,N,,,,,,,G,S,M,
"N-GSM,N-GSN",N-GSN,N,,,,,,,G,S,N,
"N-GSM,N-GSM",N-GSM,N,,,,,,,G,S,M,
"N-ASM,N-ASM",N-ASM,N,,,,,,,A,S,M,
"CONJ,PRT-N",CONJ,CONJ,,,,,,,,,,
"CONJ,PRT-N",PRT-N,PRT,,,,,,,,,,N
"CONJ,I-ASN",CONJ,CONJ,,,,,,,,,,
"CONJ,I-ASN",I-ASN,I,,,,,,,A,S,N,
"CONJ,ADV,CONJ,ADV",CONJ,CONJ,,,,,,,,,,
"CONJ,ADV,CONJ,ADV",ADV,ADV,,,,,,,,,,
"COND,PRT-N",COND,COND,,,,,,,,,,
"COND,PRT-N",PRT-N,PRT,,,,,,,,,,N
"COND,PRT-I",COND,COND,,,,,,,,,,
"COND,PRT-I",PRT-I,PRT,,,,,,,,,,I
"COND,CONJ,PRT-N,PRT",PRT-N,PRT,,,,,,,,,,N
"COND,CONJ,PRT-N,PRT",COND,COND,,,,,,,,,,
"COND,CONJ,PRT-N,PRT",CONJ,CONJ,,,,,,,,,,
"COND,CONJ,PRT-N,PRT",PRT,PRT,,,,,,,,,,
"COND,CONJ,PRT-N",PRT-N,PRT,,,,,,,,,,N
"COND,CONJ,PRT-N",COND,COND,,,,,,,,,,
"COND,CONJ,PRT-N",CONJ,CONJ,,,,,,,,,,
"A-GPN,D-GPN",A-GPN,A,,,,,,,G,P,N,
"A-GPN,D-GPN",D-GPN,D,,,,,,,G,P,N,
"A-GPF,N-GPF",A-GPF,A,,,,,,,G,P,F,
"A-GPF,N-GPF",N-GPF,N,,,,,,,G,P,F,
"A-ASF,N-ASF",A-ASF,A,,,,,,,A,S,F,
"A-ASF,N-ASF",N-ASF,N,,,,,,,A,S,F,
"A-APM,N-APM",A-APM,A,,,,,,,A,P,M,
"A-APM,N-APM",N-APM,N,,,,,,,A,P,M,
"PRT-N,PRT-N",PRT-N,PRT,,,,,,,,,,N
"PRT-N,V-2ADO-3S",PRT-N,PRT,,,,,,,,,,N
"PRT-N,V-2ADO-3S",V-2ADO-3S,V,2A,N,I,M,O,3,,S,,N
PREP,PREP+2,PREP,,,,,,,,,,
PREP,PREP+3,PREP,,,,,,,,,,
PREP,PREP+4,PREP,,,,,,,,,,
S-1GS,S-1GS,S,,,,,,1,G,S,,
V-FAO-3P,V-FIAO-3P,V,F,F,I,A,O,3,,P,,
V-FPS-1S,V-FIPS-1S,V,F,F,I,P,S,1,,S,,
V-AAM-1S,V-NNAM-1S,V,A,N,N,A,M,1,,S,,
V-AAI-1P,V-NNAI-1P,V,A,N,N,A,I,1,,P,,
V-AAI-1S,V-NNAI-1S,V,A,N,N,A,I,1,,S,,
V-AAI-2P,V-NNAI-2P,V,A,N,N,A,I,2,,P,,
V-AAI-2S,V-NNAI-2S,V,A,N,N,A,I,2,,S,,
V-AAI-3P,V-NNAI-3P,V,A,N,N,A,I,3,,P,,
V-AAI-3S,V-NNAI-3S,V,A,N,N,A,I,3,,S,,
V-2AAI-2S,V-NIAI-2S,V,2A,N,I,A,I,2,,S,,
V-PMP-3S,V-NIMP-3S,V,P,N,I,M,P,3,,S,,
V-2AAI-3P,V-PIAI-3P,V,2A,P,I,A,P,3,,P,,
V-IPI-1P-ATT,V-PNPI-1P-ATT,V,I,P,N,P,I,1,,P,,ATT
V-IPI-1S-ATT,V-PNPI-1S-ATT,V,I,P,N,P,I,1,,S,,ATT
V-IPI-2P-ATT,V-PNPI-2P-ATT,V,I,P,N,P,I,2,,P,,ATT
V-IPI-3P-ATT,V-PNPI-3P-ATT,V,I,P,N,P,I,3,,P,,ATT
V-2API-1P-ATT,V-NNPI-1P-ATT,V,2A,N,N,P,I,1,,P,,ATT
V-2API-1S-ATT,V-NNPI-1S-ATT,V,2A,N,N,P,I,1,,S,,ATT
V-2API-2P-ATT,V-NNPI-2P-ATT,V,2A,N,N,P,I,2,,P,,ATT
V-2API-3P-ATT,V-NNPI-3P-ATT,V,2A,N,N,P,I,3,,P,,ATT
V-RMM-2S,V-RCMM-2S,V,R,R,C,M,M,2,,S,,
V-FPP-GPN,V-FIPP-GPN,V,F,F,I,P,P,,G,P,N,
V-2AAO-3S,V-NNAO-3S,V,2A,N,N,A,O,3,,S,,
V-2AAO-3P,V-NNAO-3P,V,2A,N,N,A,O,3,,P,,
V-API-1S,V-NNPI-1S,V,A,N,N,P,I,1,,S,,
V-ADI-2S,V-NNPI-2S,v,A,N,N,P,I,2,,S,,
V-ADI-3P,V-NNPI-3P,V,A,N,N,P,I,3,,P,,
V-ADI-3S,V-NNPI-3S,V,A,N,N,P,I,3,,S,,
V-AOI-1P,V-NNPI-1P,V,A,N,N,P,I,1,,P,,
V-AOI-1P-ATT,V-NNPI-1P-ATT,V,A,N,N,P,I,1,,P,,ATT
V-AOI-1S,V-NNPI-1S,V,A,N,N,P,I,1,,S,,
V-AOI-1S-ATT,V-NNPI-1S-ATT,V,A,N,N,P,I,1,,S,,ATT
V-AOI-2P,V-NNPI-2P,V,A,N,N,P,I,2,,P,,
V-AOI-2P-ATT,V-NNPI-2P-ATT,V,A,N,N,P,I,2,,P,,ATT
V-AOI-3P,V-NNPI-3P,V,A,N,N,P,I,3,,P,,
V-AOI-3P-ATT,V-NNPI-3P-ATT,V,A,N,N,P,I,3,,P,,ATT
V-AOI-3S,V-NNPI-3S,V,A,N,N,P,I,3,,S,,
V-API-1P,V-NNPI-1P,V,A,N,N,P,I,1,,P,,
V-API-1S,V-NNPI-1S,V,A,N,N,P,I,1,,S,,
V-API-2P,V-NNPI-2P,V,A,N,N,P,I,2,,P,,
V-API-2S,V-NNPI-2S,V,A,N,N,P,I,2,,S,,
V-API-3P,V-NNPI-3P,V,A,N,N,P,I,3,,P,,
V-API-3S,V-NNPI-3S,V,A,N,N,P,I,3,,S,,
ADV,CONJ,CONJ,,,,,,,,,,
V-2API-3S,V-NNAI-3S,V,2A,N,N,A,I,3,,S,,
R-GSM,R-GSN,R,,,,,,,G,S,N,
V-PPI-3S,V-RIMI-3S,V,P,R,I,M,I,3,,S,,
V-2AAI-3P,V-NNAI-3P,V,2A,N,N,A,I,3,,P,,
V-RPI-3S,V-RCMI-3S,V,R,R,C,M,I,3,,S,,
V-IPI-3P,V-PIMI-3P,V,I,P,I,M,I,3,,P,,
PREP,ADV,ADV,,,,,,,,,,
V-PPN,V-NIMN,V,P,N,I,M,N,,,,,
CONJ-N,ADV-N,ADV,,,,,,,,,,N
PART-N,PART-N,,,,,,,,,,,N
I-ASN,X-ASN,X,I,,,,,,A,S,N,
V-AAS-2S,V-NNAS-2S,V,A,N,N,A,S,2,,S,,
V-2AAN,V-NNAN,V,2A,N,N,A,N,,,,,
V-PAM-2P,V-RIAI-2P,V,P,R,I,A,I,2,,P,,
V-2AAS-1S,V-NNAS-1S,V,A,N,N,A,S,1,,S,,
V-2AAI-3S,V-NNAI-3S,V,2A,N,N,A,I,3,,S,,
V-LPI-3S,V-PCMI-3S,V,L,P,C,M,I,3,,S,,
V-2AAP-GSM,V-NNAP-GSM,V,2A,N,N,A,P,,G,S,M,
V-2AAP-NSM,V-NNAP-NSM,V,2A,N,N,A,P,,N,S,M,
V-PPI-3P,V-RIMI-3P,V,P,R,I,M,I,3,,P,,
V-RAS-2P,V-NIAS-2P,V,R,N,I,A,S,2,,P,,
V-2AAS-3S,V-NNAS-3S,V,A,N,N,A,S,3,,S,,
V-2AAM-3S,V-NNAM-3S,V,2A,N,N,A,M,3,,S,,
V-2AAM-2P,V-NNAM-2P,V,2A,N,N,A,M,2,,P,,
V-2AAI-2P,V-NNAI-2P,V,2A,N,N,A,I,2,,P,,
V-PAP-DPN,V-RIAI-3P,V,P,R,I,A,I,3,,P,,
V-2AAM-2S,V-NNMM-2S,V,2A,N,N,M,M,2,,S,,
ADV,PREP+2,PREP,,,,,,,,,,
V-2AAP-GPM,V-NNAP-GPM,V,2A,N,N,A,P,,G,P,M,
ADV,ADV-N,ADV,,,,,,,,,,N
V-2AAP-ASM,V-NNAP-ASM,V,2A,N,N,A,P,,A,S,M,
V-2APS-2P,V-NNAS-2P,V,2A,N,N,A,S,2,,P,,
A-ASM/A-APN,A-APN,A,,,,,,,A,P,N,
V-AAI-3P,V-NNPI-3P,V,A,N,N,P,I,3,,P,,
P-1GS,S-1GSN,,,,,,,,,,,
A-NSM,A-NSM-S,A,,,,,,,N,S,M,S
V-2AAS-1P,V-NNAS-1P,V,A,N,N,A,S,1,,P,,
V-PPI-2P,V-RIMI-2P,V,P,R,I,M,I,2,,P,,
V-PPM-2P,V-NIMM-2P,V,P,N,I,M,M,2,,P,,
D-NSF,P-NSF,P,,,,,,,N,S,F,
V-2AAI-2S,V-NNAI-2S,V,2A,N,N,A,I,2,,S,,
ADV,P-GSM,P,,,,,,,G,S,M,
V-PAI-2P/V-PAM-2P,V-RIAI-2P,V,P,R,I,A,I,2,,P,,
V-PMI-2P/V-PMM-2P,V-RIMI-2P,V,P,R,I,M,I,2,,P,,
A-NPM,A-NPM-C,A,,,,,,,N,P,M,C
PRT,V-NIAS-3S,V,,N,I,A,S,3,,S,,
V-2AAI-3P/V-2AAI-1S,V-NNAI-3P,V,2A,N,N,A,I,3,,P,,
V-FAP-NSM,V-NIAP-NSM,V,F,N,I,A,P,,N,S,M,
V-PPI-1S,V-FIMI-1S,V,F,F,I,M,I,1,,S,,
V-RPI-3P,V-RCMI-3P,V,R,R,C,M,I,3,,P,,
S-2NPM,S-2DSM,S,,,,,,2,D,S,M,
V-2AAP-NPM,V-NNAP-NPM,V,2A,N,N,A,P,,N,P,M,
PREP,A-NSN,A,,,,,,,N,S,N,
PREP/A-NSN,A-NSN,A,,,,,,,N,S,N,
V-PPS-3S,V-NIMS-3S,V,P,N,I,M,S,3,,S,,
V-PAP-NSN,R-ASM,R,,,,,,,A,S,M,
V-RPM-2S,V-RCMM-2S,V,R,R,C,M,M,2,,S,,
V-RPN,V-NCMN,V,R,N,C,M,N,,,,,
V-RPP-ASM,V-NIMP-ASM,V,R,N,I,M,P,,A,S,M,
V-AMN,V-NNMS-2P,V,A,N,N,M,S,2,,P,,
V-FXI-3S,V-FIAI-3S,V,F,F,I,A,I,3,,S,,
V-PAS-2S,V-FIAS-2S,V,A,F,I,A,S,2,,S,,
V-IMI-3P,V-NNMI-3P,V,I,N,N,M,I,3,,P,,
V-AAI-3P,V-NNAI-3P,V,A,N,N,A,I,3,,P,,
V-IAI-3P,V-NNAI-3P,V,I,N,N,A,I,3,,P,,
Q-GPF,Q-GPN,Q,,,,,,,G,P,N,
V-2AAI-1S,V-NNAI-1S,V,2A,N,N,A,I,1,,S,,
V-2AAS-3P,V-NNAS-3P,V,A,N,N,A,S,3,,P,,
I-ASN,PRT-I,PRT,,,,,,,,,,
V-PPI-1S,V-RIMI-1S,V,P,R,I,M,I,1,,S,,
V-IPI-3S,V-PIMI-3S,V,I,P,I,M,I,3,,S,,
A-NSF,A-NSF-S,A,,,,,,,N,S,F,S
V-2AAM-2S,V-NNAM-2S,V,2A,N,N,A,M,2,,S,,
V-FPN,V-FIPI-2P,V,F,F,I,P,I,2,,P,,
P-NSF/D-NSF,P-NSF,P,,,,,,,N,S,F,
V-PAI-2P/V-PAM-2P,V-NIAM-2P,V,P,N,I,A,M,2,,P,,
V-PMI-2P/V-PMM-2P,V-NIMM-2P,V,P,N,I,M,M,2,,P,,
A-GPM,A-GPM-C,A,,,,,,,G,P,M,C
V-PAI-2S,V-RIAI-2P,V,P,R,I,A,I,2,,P,,
V-2AAP-NPF,V-NNAP-NPF,V,2A,N,N,A,P,,N,P,F,
V-FDI-2S,V-FIAI-2S,V,F,F,I,A,I,2,,S,,
V-IAI-3S,V-NNAI-3S,V,I,N,N,A,I,3,,S,,
V-2AAP-NSF,V-NNAP-NSF,V,2A,N,N,A,P,,N,S,F,
V-AAO-3P,V-NNAO-3P,V,A,N,N,A,O,3,,P,,
V-RPP-VPM,V-NCMP-VPM,,R,,,,,,,,,
V-2FDI-3S/V-AAS-3S,V-NNAS-3S,V,A,N,N,A,S,3,,S,,
V-PPM-2S,V-NIMM-2S,V,P,N,I,M,M,2,,S,,
A-NSM,A-NSM-N,A,,,,,,,N,S,M,N
V-PAP-DPN/V-PAI-3P,V-NIAP-DPN,V,P,N,I,A,P,,D,P,N,
A-ASM,A-ASM-N,A,,,,,,,A,S,M,N
V-FAI-1S/V-AAS-1S,V-NNAS-1S,V,A,N,N,A,S,1,,S,,
V-PPI-2S,V-RIMI-2S,V,P,R,I,M,I,2,,S,,
V-PAN,V-NNAN,V,P,N,N,A,N,,,,,
N-GSF/V-PAP-NSM,V-NIAP-NSM,V,P,N,I,A,P,,N,S,M,
V-RPI-2S,V-RCMI-2S,V,R,R,C,M,I,2,,S,,
A-NPM,A-VPM,A,,,,,,,V,P,M,
T-NPM,T-VPM,T,,,,,,,V,P,M,
N-NPM,N-VPM,N,,,,,,,V,P,M,
V-PMI-3S,V-FIMI-3S,V,P,F,I,M,I,3,,S,,
ARAM,N-GSN,N,,,,,,,G,S,N,
ARAM,N-DSN,N,,,,,,,D,S,N,
V-FAI-3S/V-FAI-2P,V-FIAI-2P,V,F,F,I,A,I,2,,P,,
P-NSF/D-NSF,D-NSF,D,,,,,,,N,S,F,
ADV,ADV-C,ADV,,,,,,,,,,C
V-AAI-3S,V-NNPI-3S,V,A,N,N,P,I,3,,S,,
R-GSN,ADV,ADV,,,,,,,,,,
V-AAS-3S,V-NNAP-DSF,V,A,N,N,A,P,,D,S,F,
V-2API-3P,V-NNAI-3P,V,2A,N,N,A,I,3,,P,,
R-ASN,T-NSM,T,,,,,,,N,S,M,
A-NPN,CONJ,CONJ,,,,,,,,,,
V-RPI-2P,V-RCMI-2P,V,R,R,C,M,I,2,,P,,
A-GPM,A-GPM-S,A,,,,,,,G,P,M,S
A-ASN/ADV,A-ASN,A,,,,,,,A,S,N,
V-PPM-3S,V-NIMM-3S,V,P,N,I,M,M,3,,S,,
V-PAI-2P,V-NIAM-2P,V,P,N,I,A,M,2,,P,,
V-FMN,V-FIMI-2P,V,F,F,I,M,I,2,,P,,
V-PAS-3S,V-RIAI-3S,V,P,R,I,A,I,3,,S,,
V-FDN,V-NIMN,V,2A,N,I,M,N,,,,,
V-RPI-1S,V-RCMI-1S,V,R,R,C,M,I,1,,S,,
R-NSN,T-NSM,T,,,,,,,N,S,M,
D-GPM/D-GPN,D-GPN,D,,,,,,,G,P,N,
V-FAN,V-NIAN,V,F,N,I,A,N,,,,,
V-RPP-NSM,V-NIMP-NSM,V,R,N,I,M,P,,N,S,M,
V-PPI-1P,V-RIMI-1P,V,P,R,I,M,I,1,,P,,
I-DSM/I-DSF,I-DSN,I,,,,,,,D,S,N,
V-2AAI-1P,V-NNAI-1P,V,2A,N,N,A,I,1,,P,,
V-FMN,V-FIPI-2P,V,F,F,I,P,I,2,,P,,
V-2AAP-DPM,V-NNAP-DPM,V,2A,N,N,A,P,,D,P,M,
A-ASN,A-ASN-N,A,,,,,,,A,S,N,N
V-RPM-2P,V-RPM-2P,V,R,R,I,M,M,2,,P,,
V-2AAI-3S,V-NNAI-3P,V,2A,N,N,A,I,3,,P,,
ADV,A-DSF,A,,,,,,,D,S,F,
"N-ASM,N-ASM","N-ASM,N-ASM",,,,,,,,A,S,M,
"N-GSM,N-GSM","N-GSM,N-GSM",,,,,,,,G,S,M,
V-ADI-1S,V-NNPI-1S,V,A,N,N,P,I,1,,S,,
V-IAI-3P,V-PIAI-1S,V,I,P,I,A,I,1,,S,,
V-2AAP-ASN,V-NNAP-ASN,V,2A,N,N,A,P,,A,S,N,
V-RPM-2S,V-RPM-2S,V,R,R,I,M,M,2,,S,,
V-2AAM-3P,V-NNAM-3P,V,2A,N,N,A,M,3,,P,,
V-ADO-1S,V-NNMO-1S,V,A,N,N,M,O,1,,S,,
ADV-I,ADV,ADV,,,,,,,,,,
ADV-C,ADV,ADV,,,,,,,,,,
V-IPI-1P,V-PIMI-1P,V,I,P,I,M,I,1,,P,,
V-AMP-NPM,V-NNMP-NPM,V,A,N,N,M,P,,N,P,M,
"N-GSM,N-GSN","N-GSM,N-GSN",,,,,,,,G,S,M,
V-FAI-2P,V-FIAS-2P,V,A,F,I,A,S,2,,P,,
V-ADI-3P,V-NNPI-3P,V,A,N,N,P,I,3,,P,,
V-PAI-3S,V-NIAS-3S,V,P,N,I,A,S,3,,S,,
A-APN,N-APN,N,,,,,,,A,P,N,
V-FMI-3P,V-FIMS-3P,V,A,F,I,M,S,3,,P,,
V-AAI-3S,V-NNAI-3S,V,A,N,N,A,I,3,,S,,
V-FPI-3S,V-FIMI-3S,V,F,F,I,M,I,3,,S,,
V-AAO-3S,V-NNAO-3S,V,A,N,N,A,O,3,,S,,
V-IPI-1S,V-PIMI-1S,V,I,P,I,M,I,1,,S,,
V-APS-1S,V-NNPS-1S,V,A,N,N,P,S,1,,S,,
V-RAS-1P,V-NIAS-1P,V,R,N,I,A,S,1,,P,,
V-PPS-2P,V-NIMS-2P,V,P,N,I,M,S,2,,P,,
V-2AAI-1S,V-NNAM-1S,V,2A,N,N,A,M,1,,S,,
A-APM,A-APM-S,A,,,,,,,A,P,M,S
V-RPP-APM,V-NIMP-APM,V,R,N,I,M,P,,A,P,M,
CONJ,CONJ-N,CONJ,,,,,,,,,,N
A-DSN,A-DSN-N,A,,,,,,,D,S,N,N
V-RAN,V-NNAN,V,R,N,N,A,N,,,,,
V-PPM-3S,V-FNMM-3S,V,P,F,N,M,M,3,,S,,
V-IPI-2P,V-PIMI-2P,V,I,P,I,M,I,2,,P,,
V-PAS-1S,V-RIAI-1S,V,P,R,I,A,I,1,,S,,
V-RAS-1S,V-NIAS-1S,V,R,N,I,A,S,1,,S,,
V-2AAO-3S,V-NNAS-3S,V,2A,N,N,A,S,3,,S,,
V-FDI-1S,V-FIMS-1S,V,A,F,I,M,S,1,,S,,
V-PPS-3P,V-NIMS-3P,V,P,N,I,M,S,3,,P,,
V-PPM-3P,V-NIMM-3P,V,P,N,I,M,M,3,,P,,
V-AMN,V-NNMN,V,A,N,N,M,N,,,,,
V-PMS-2S,V-RIPS-2S,V,P,R,I,P,S,2,,S,,
V-PAM-3S,V-FNAM-3S,V,P,F,N,A,M,3,,S,,
ARAM,HEB,HEB,,,,,,,,,,
V-2API-1P,V-NNAI-1P,V,2A,N,N,A,I,1,,P,,
V-2AAS-2P,V-NNAS-2P,V,A,N,N,A,S,2,,P,,
COND,PRT,PRT,,,,,,,,,,
V-RPP-GSF,V-NIMP-GSF,V,R,N,I,M,P,,G,S,F,
V-RPP-NSF,V-NIMP-NSF,V,R,N,I,M,P,,N,S,F,
V-2AMI-1P,V-NNMI-1P,V,2A,N,N,M,I,1,,P,,
V-RPI-1P,V-RCMI-1P,V,R,R,C,M,I,1,,P,,
ADV-C,A-ASM-C,A,,,,,,,A,S,M,C
V-PNI-2P,V-NIMM-2P,V,P,N,I,M,M,2,,P,,
V-PPS-1S,V-NIMS-1S,V,P,N,I,M,S,1,,S,,
PRT-I,X-NSN,X,,,,,,,N,S,N,
V-2APS-1P,V-NNAS-1P,V,2A,N,N,A,S,1,,P,,
T-VPM,T-NPM,T,,,,,,,N,P,M,
V-PAP-VPM,V-NIAP-NPM,V,P,N,I,A,P,,N,P,M,
V-PAI-1P,V-NIAS-1P,V,P,N,I,A,S,1,,P,,
V-2AAS-3S,V-NNAO-3S,V,P,N,N,A,O,3,,S,,
ADV,ADV-S,ADV,,,,,,,,,,S
V-PPM-2P,V-RIMI-2P,V,P,R,I,M,I,2,,P,,
V-RAM-2P,V-RIAI-2P,V,R,R,I,A,I,2,,P,,
A-NPM,N-VPM,N,,,,,,,V,P,M,
T-VPF,T-VPF,,,,,,,,,,,
V-FDI-3P,V-FIAI-3P,V,F,F,I,A,I,3,,P,,
V-2AAI-2P,V-NNAI-2P,V,2A,N,N,A,I,2,,P,,
R-ASN,CONJ,CONJ,,,,,,,,,,
V-IAI-1P,V-RIAI-1P,V,I,R,I,A,I,1,,P,,
V-PMP-APM,V-NIAP-APM,V,P,N,I,A,P,,A,P,M,
N-GSN,N-ASN,N,,,,,,,A,S,N,
V-APO-3S,V-NNPS-3S,V,2A,N,N,P,S,3,,S,,
V-RAS-2S,V-NIAS-2S,V,R,N,I,A,S,2,,S,,
A-GSF,A-GSF-S,A,,,,,,,G,S,F,S
V-PPS-1P,V-NIMS-1P,V,P,N,I,M,S,1,,P,,
V-FAI-3S/V-PAI-3S,V-FIAI-3S,V,F,F,I,A,I,3,,S,,
V-RAM-2P,V-NIAM-2P,V,R,N,I,A,M,2,,P,,
V-ADI-2P,V-NNMM-2P,V,A,N,N,M,M,2,,P,,
T-NSN/T-ASN,T-NSN,T,,,,,,,N,S,N,
N-NSN/N-ASN,N-NSN,N,,,,,,,N,S,N,
V-2APM-2P,V-NNPS-2P,V,2A,N,N,P,S,2,,P,,
V-PMI-3S/V-PMI-2P,V-RIMI-3S,V,P,R,I,M,I,3,,S,,
V-PPP-NPM,V-NCMP-NPM,V,P,N,C,M,P,,N,P,M,
V-2API-2P,V-NNAI-2P,V,2A,N,N,A,I,2,,P,,
V-2AAS-2P/V-2AAM-2P,V-NNAM-2P,V,2A,N,N,A,M,2,,P,,
V-2FPI-3S,V-FIPI-3P,V,2F,F,I,P,I,3,,P,,
V-FDP-NPM,V-NIMP-NPM,V,F,N,I,M,P,,N,P,M,
R-DSF,T-NSF,T,,,,,,,N,S,F,
V-PAI-1P/V-PAS-1P,V-RIAI-1P,V,P,R,I,A,I,1,,P,,
V-PAI-3S/V-PAS-3S,V-RIAI-3S,V,P,R,I,A,I,3,,S,,
A-GSN,A-GSN-N,A,,,,,,,G,S,N,N
D-ASN,D-ASM,D,,,,,,,A,S,M,
