parsT,pars,vv,binjan,aspect,tijd,toestand,stam,vorm,modus,persoon,geslacht,getal,status,extra
N-VEA,N-VEA,N,NULL,NULL,NULL,NULL,NULL,NULL,NULL,NULL,V,E,A,NULL
PREP,PREP,PREP,NULL,NULL,NULL,NULL,NULL,NULL,NULL,NULL,NULL,NULL,NULL,NULL
N-VEC,N-VEC,N,NULL,NULL,NULL,NULL,NULL,NULL,NULL,NULL,V,E,C,NULL
W-Qa-Pa-MEA,W-GGGAD-MEA,W,Qa,Pa,G,G,G,A,D,NULL,M,E,A,NULL
W-Qa-Pa-MEC,W-GGGAD-MEC,W,Qa,Pa,G,G,G,A,D,NULL,M,E,C,NULL
W-Qa-Pa-MMC,W-GGGAD-MMC,W,Qa,Pa,G,G,G,A,D,NULL,M,M,C,NULL
W-Qa-Im-2ME,W-GGGAG-2ME,W,Qa,Im,G,G,G,A,G,2,M,E,NULL,NULL
W-Qa-In,W-GGGAO,W,Qa,In,G,G,G,A,O,NULL,NULL,NULL,NULL,NULL
W-Ni-Po-MEA,W-GGGOD-MEA,W,Ni,Po,G,G,G,O,D,NULL,M,E,A,NULL
W-Ni-In,W-GGGOO,W,Ni,In,G,G,G,O,O,NULL,NULL,NULL,NULL,NULL
W-Pi-Im-2ME,W-GGVAG-2ME,W,Pi,Im,G,G,V,A,G,2,M,E,NULL,NULL
W-Pi-Ia,W-GGVAO,W,Pi,Ia,G,G,V,A,O,NULL,NULL,NULL,NULL,NULL
W-Qa-Pf-1OE,W-GHGAA-1OE,W,Qa,Pf,G,H,G,A,A,1,O,E,NULL,NULL
W-Qa-Pf-2ME,W-GHGAA-2ME,W,Qa,Pf,G,H,G,A,A,2,M,E,NULL,NULL
W-Qa-Pf-3ME,W-GHGAA-3ME,W,Qa,Pf,G,H,G,A,A,3,M,E,NULL,NULL
W-Ni-Pf-2VE,W-GHGOA-2VE,W,Ni,Pf,G,H,G,O,A,2,V,E,NULL,NULL
W-Ni-Pf-3OM,W-GHGOA-3OM,W,Ni,Pf,G,H,G,O,A,3,O,M,NULL,NULL
W-Pi-Pf-2ME,W-GHVAA-2ME,W,Pi,Pf,G,H,V,A,A,2,M,E,NULL,NULL
W-Qa-Ip-3ME,W-GOGAA-3ME,W,Qa,Ip,G,O,G,A,A,3,M,E,NULL,NULL
W-Ni-Ip-3MM,W-GOGOA-3MM-N,W,Ni,Ip,G,O,G,O,A,3,M,M,NULL,N
W-Qa-Ic-3ME,W-VGGAA-3ME,W,Qa,Ic,V,G,G,A,A,3,M,E,NULL,NULL
N-MMA,N-MMA,N,NULL,NULL,NULL,NULL,NULL,NULL,NULL,NULL,M,M,A,NULL
N-MMC,N-MMC,N,NULL,NULL,NULL,NULL,NULL,NULL,NULL,NULL,M,M,C,NULL
T,T,T,NULL,NULL,NULL,NULL,NULL,NULL,NULL,NULL,NULL,NULL,NULL,NULL
N-MMA,N-MMA-L,N,NULL,NULL,NULL,NULL,NULL,NULL,NULL,NULL,M,M,A,L
VOEG,VOEG,VOEG,NULL,NULL,NULL,NULL,NULL,NULL,NULL,NULL,NULL,NULL,NULL,NULL
N-VEA,N-VEA-P,N,NULL,NULL,NULL,NULL,NULL,NULL,NULL,NULL,V,E,A,P
N-VEA,N-VEA-L,N,NULL,NULL,NULL,NULL,NULL,NULL,NULL,NULL,V,E,A,L
N-VEC,N-VEC-L,N,NULL,NULL,NULL,NULL,NULL,NULL,NULL,NULL,V,E,C,L
N-VMA,N-VMA,N,NULL,NULL,NULL,NULL,NULL,NULL,NULL,NULL,V,M,A,NULL
N-VMC,N-VMC,N,NULL,NULL,NULL,NULL,NULL,NULL,NULL,NULL,V,M,C,NULL
W-Ni-Po-VEA,W-GGGOD-VEA,W,Ni,Po,G,G,G,O,D,NULL,V,E,A,NULL
W-Ni-Pf-2ME,W-GHGOA-2ME,W,Ni,Pf,G,H,G,O,A,2,M,E,NULL,NULL
W-Ni-Pf-1OE,W-GHGOA-1OE,W,Ni,Pf,G,H,G,O,A,1,O,E,NULL,NULL
W-Ni-Pf-3ME,W-GHGOA-3ME,W,Ni,Pf,G,H,G,O,A,3,M,E,NULL,NULL
W-Ni-Pf-3VE,W-GHGOA-3VE,W,Ni,Pf,G,H,G,O,A,3,V,E,NULL,NULL
W-Qa-Ia,W-GGGAO,W,Qa,Ia,G,G,G,A,O,NULL,NULL,NULL,NULL,NULL
W-Qa-Ic-1OE,W-VGGAA-1OE,W,Qa,Ic,V,G,G,A,A,1,O,E,NULL,NULL
W-Qa-Ic-1OM,W-VGGAA-1OM,W,Qa,Ic,V,G,G,A,A,1,O,M,NULL,NULL
W-Qa-Ic-2ME,W-VGGAA-2ME,W,Qa,Ic,V,G,G,A,A,2,M,E,NULL,NULL
W-Qa-Ic-2MM,W-VGGAA-2MM,W,Qa,Ic,V,G,G,A,A,2,M,M,NULL,NULL
W-Qa-Ic-2VE,W-VGGAA-2VE,W,Qa,Ic,V,G,G,A,A,2,V,E,NULL,NULL
W-Qa-Ic-3MM,W-VGGAA-3MM,W,Qa,Ic,V,G,G,A,A,3,M,M,NULL,NULL
W-Qa-Ic-3VE,W-VGGAA-3VE,W,Qa,Ic,V,G,G,A,A,3,V,E,NULL,NULL
W-Qa-Ic-3VM,W-VGGAA-3VM,W,Qa,Ic,V,G,G,A,A,3,V,M,NULL,NULL
W-Qa-Im-2MM,W-GGGAG-2MM,W,Qa,Im,G,G,G,A,G,2,M,M,NULL,NULL
W-Qa-Im-2VE,W-GGGAG-2VE,W,Qa,Im,G,G,G,A,G,2,V,E,NULL,NULL
W-Qa-Ip-1OE,W-GOGAA-1OE,W,Qa,Ip,G,O,G,A,A,1,O,E,NULL,NULL
W-Qa-Ip-1OM,W-GOGAA-1OM,W,Qa,Ip,G,O,G,A,A,1,O,M,NULL,NULL
W-Qa-Ip-2ME,W-GOGAA-2ME,W,Qa,Ip,G,O,G,A,A,2,M,E,NULL,NULL
W-Qa-Ip-2MM,W-GOGAA-2MM,W,Qa,Ip,G,O,G,A,A,2,M,M,NULL,NULL
W-Qa-Ip-2MM,W-GOGAA-2MM-N,W,Qa,Ip,G,O,G,A,A,2,M,M,NULL,N
W-Qa-Ip-2VE,W-GOGAA-2VE,W,Qa,Ip,G,O,G,A,A,2,V,E,NULL,NULL
W-Qa-Ip-3MM,W-GOGAA-3MM,W,Qa,Ip,G,O,G,A,A,3,M,M,NULL,NULL
W-Qa-Ip-3VE,W-GOGAA-3VE,W,Qa,Ip,G,O,G,A,A,3,V,E,NULL,NULL
W-Qa-Ip-3VM,W-GOGAA-3VM,W,Qa,Ip,G,O,G,A,A,3,V,M,NULL,NULL
W-Qa-Ju-2ME,W-GGGAW-2ME,W,Qa,Ju,G,G,G,A,W,2,M,E,NULL,NULL
W-Qa-Ju-2MM,W-GGGAW-2MM,W,Qa,Ju,G,G,G,A,W,2,M,M,NULL,NULL
W-Qa-Ju-3ME,W-GGGAW-3ME,W,Qa,Ju,G,G,G,A,W,3,M,E,NULL,NULL
W-Qa-Ju-3MM,W-GGGAW-3MM,W,Qa,Ju,G,G,G,A,W,3,M,M,NULL,NULL
W-Qa-Ju-3VE,W-GGGAW-3VE,W,Qa,Ju,G,G,G,A,W,3,V,E,NULL,NULL
W-Qa-Ju-3VM,W-GGGAW-3VM,W,Qa,Ju,G,G,G,A,W,3,V,M,NULL,NULL
W-Qa-Pa-VEA,W-GGGAD-VEA,W,Qa,Pa,G,G,G,A,D,NULL,V,E,A,NULL
W-Qa-Pf-1OM,W-GHGAA-1OM,W,Qa,Pf,G,H,G,A,A,1,O,M,NULL,NULL
W-Qa-Pf-2MM,W-GHGAA-2MM,W,Qa,Pf,G,H,G,A,A,2,M,M,NULL,NULL
W-Qa-Pf-2VE,W-GHGAA-2VE,W,Qa,Pf,G,H,G,A,A,2,V,E,NULL,NULL
W-Qa-Pf-3OM,W-GHGAA-3OM,W,Qa,Pf,G,H,G,A,A,3,O,M,NULL,NULL
W-Qa-Pf-3VE,W-GHGAA-3VE,W,Qa,Pf,G,H,G,A,A,3,V,E,NULL,NULL
N-MEA,N-MEA,N,NULL,NULL,NULL,NULL,NULL,NULL,NULL,NULL,M,E,A,NULL
N-MEC,N-MEC,N,NULL,NULL,NULL,NULL,NULL,NULL,NULL,NULL,M,E,C,NULL
W-Qa-Ki-3ME,WO-GHGAA-3ME,W,Qa,Ki,G,H,G,A,A,3,M,E,NULL,NULL
W-Pi-Ip-3ME,W-GOVAA-3ME,W,Pi,Ip,G,O,V,A,A,3,M,E,NULL,NULL
W-Pi-Pa-VEA,W-GGVAD-VEA,W,Pi,Pa,G,G,V,A,D,NULL,V,E,A,NULL
E-OEA,E-OEA,E,NULL,NULL,NULL,NULL,NULL,NULL,NULL,NULL,O,E,A,NULL
W-Hi-Pf-2ME,W-GHCAA-2ME,W,Hi,Pf,G,H,C,A,A,2,M,E,NULL,NULL
W-Hi-Pf-3ME,W-GHCAA-3ME,W,Hi,Pf,G,H,C,A,A,3,M,E,NULL,NULL
W-Ni-Ic-3ME,W-VGGOA-3ME,W,Ni,Ic,V,G,G,O,A,3,M,E,NULL,NULL
W-Ni-Ip-3ME,W-GOGOA-3ME,W,Ni,Ip,G,O,G,O,A,3,M,E,NULL,NULL
W-Qa-Co-1OE,W-GGGAV-1OE,W,Qa,Co,G,G,G,A,V,1,O,E,NULL,NULL
W-Qa-Ic-1OE,W-VGGAA-1OE-P,W,Qa,Ic,V,G,G,A,A,1,O,E,NULL,P
W-Qa-Pa-MMA,W-GGGAD-MMA,W,Qa,Pa,G,G,G,A,D,NULL,M,M,A,NULL
W-Qa-Pa-VMA,W-GGGAD-VMA,W,Qa,Pa,G,G,G,A,D,NULL,V,M,A,NULL
W-Qa-Ap-1OE,WO-GVGAA-1OE,W,Qa,Ap,G,V,G,A,A,1,O,E,NULL,NULL
W-Qa-Ap-3ME,WO-GVGAA-3ME,W,Qa,Ap,G,V,G,A,A,3,M,E,NULL,NULL
W-Qa-Pp-MEA,W-GGGPD-MEA,W,Qa,Pp,G,G,G,P,D,NULL,M,E,A,NULL
W-Hi-Co-1OE,W-GGCAV-1OE,W,Hi,Co,G,G,C,A,V,1,O,E,NULL,NULL
W-Hi-Ic-3ME,W-VGCAA-3ME,W,Hi,Ic,V,G,C,A,A,3,M,E,NULL,NULL
W-Hi-Ic-3MM,W-VGCAA-3MM,W,Hi,Ic,V,G,C,A,A,3,M,M,NULL,NULL
W-Hi-Im-2ME,W-GGCAG-2ME,W,Hi,Im,G,G,C,A,G,2,M,E,NULL,NULL
W-Hi-Im-2VE,W-GGCAG-2VE,W,Hi,Im,G,G,C,A,G,2,V,E,NULL,NULL
W-Hi-In,W-GGCAO,W,Hi,In,G,G,C,A,O,NULL,NULL,NULL,NULL,NULL
W-Hi-Ip-1OE,W-GOCAA-1OE,W,Hi,Ip,G,O,C,A,A,1,O,E,NULL,NULL
W-Hi-Ip-2ME,W-GOCAA-2ME,W,Hi,Ip,G,O,C,A,A,2,M,E,NULL,NULL
W-Hi-Ip-3ME,W-GOCAA-3ME,W,Hi,Ip,G,O,C,A,A,3,M,E,NULL,NULL
W-Hi-Pa-MEA,W-GGCAD-MEA,W,Hi,Pa,G,G,C,A,D,NULL,M,E,A,NULL
W-Hi-Pf-1OE,W-GHCAA-1OE,W,Hi,Pf,G,H,C,A,A,1,O,E,NULL,NULL
W-Ho-Pf-2ME,W-GHCPA-2ME,W,Ho,Pf,G,H,C,P,A,2,M,E,NULL,NULL
W-Ho-Pf-3ME,W-GHCPA-3ME,W,Ho,Pf,G,H,C,P,A,3,M,E,NULL,NULL
W-Ho-Pp-MEA,W-GGCPD-MEA,W,Ho,Pp,G,G,C,P,D,NULL,M,E,A,NULL
W-Hp-Co-1OM,W-GGVRV-1OM,W,Hp,Co,G,G,V,R,V,1,O,M,NULL,NULL
W-Hp-Ic-3MM,W-VGVRA-3MM,W,Hp,Ic,V,G,V,R,A,3,M,M,NULL,NULL
W-Hp-Ip-1OM,W-GOVRA-1OM,W,Hp,Ip,G,O,V,R,A,1,O,M,NULL,NULL
W-Hp-Ip-2MM,W-GOVRA-2MM,W,Hp,Ip,G,O,V,R,A,2,M,M,NULL,NULL
W-Ni-Ia,W-GGGOO,W,Ni,Ia,G,G,G,O,O,NULL,NULL,NULL,NULL,NULL
W-Ni-Ic-1OE,W-VGGOA-1OE,W,Ni,Ic,V,G,G,O,A,1,O,E,NULL,NULL
W-Ni-Ki-3ME,WO-GHGOA-3ME,W,Ni,Ki,G,H,G,O,A,3,M,E,NULL,NULL
W-Ni-Ic-3MM,W-VGGOA-3MM,W,Ni,Ic,V,G,G,O,A,3,M,M,NULL,NULL
W-Ni-Ki-3MM,WO-GHGOA-3MM,W,Ni,Ki,G,H,G,O,A,3,M,M,NULL,NULL
W-Ni-Im-2ME,W-GGGOG-2ME,W,Ni,Im,G,G,G,O,G,2,M,E,NULL,NULL
W-Ni-Ip-1OE,W-GOGOA-1OE,W,Ni,Ip,G,O,G,O,A,1,O,E,NULL,NULL
W-Ni-Ip-3MM,W-GOGOA-3MM,W,Ni,Ip,G,O,G,O,A,3,M,M,NULL,NULL
W-Ni-Ip-3VE,W-GOGOA-3VE,W,Ni,Ip,G,O,G,O,A,3,V,E,NULL,NULL
W-Ni-Ju-3ME,W-GGGOW-3ME,W,Ni,Ju,G,G,G,O,W,3,M,E,NULL,NULL
W-Ni-Ju-3MM,W-GGGOW-3MM,W,Ni,Ju,G,G,G,O,W,3,M,M,NULL,NULL
W-Pq-Pf-3OM,W-GHGPA-3OM,W,Pq,Pf,G,H,G,P,A,3,O,M,NULL,NULL
W-Qa-Co-1OM,W-GGGAV-1OM,W,Qa,Co,G,G,G,A,V,1,O,M,NULL,NULL
W-Qa-Im-2VM,W-GGGAG-2VM,W,Qa,Im,G,G,G,A,G,2,V,M,NULL,NULL
W-Qa-Ki-1OE,WO-GHGAA-1OE,W,Qa,Ki,G,H,G,A,A,1,O,E,NULL,NULL
W-Qa-Ip-3MM,W-GOGAA-3MM-N,W,Qa,Ip,G,O,G,A,A,3,M,M,NULL,N
W-Qa-Pf-2VM,W-GHGAA-2VM,W,Qa,Pf,G,H,G,A,A,2,V,M,NULL,NULL
W-Qa-Pp-VMA,W-GGGPD-VMA,W,Qa,Pp,G,G,G,P,D,NULL,V,M,A,NULL
W-Hi-Ia,W-GGCAO,W,Hi,Ia,G,G,C,A,O,NULL,NULL,NULL,NULL,NULL
W-Hi-Ic-1OE,W-VGCAA-1OE-P,W,Hi,Ic,V,G,C,A,A,1,O,E,NULL,P
W-Hi-Ic-1OE,W-VGCAA-1OE,W,Hi,Ic,V,G,C,A,A,1,O,E,NULL,NULL
W-Hi-Ip-3MM,W-GOCAA-3MM,W,Hi,Ip,G,O,C,A,A,3,M,M,NULL,NULL
W-Hi-Pa-MMA,W-GGCAD-MMA,W,Hi,Pa,G,G,C,A,D,NULL,M,M,A,NULL
W-Hi-Pf-2MM,W-GHCAA-2MM,W,Hi,Pf,G,H,C,A,A,2,M,M,NULL,NULL
W-Hi-Pf-3OM,W-GHCAA-3OM,W,Hi,Pf,G,H,C,A,A,3,O,M,NULL,NULL
W-Hi-Pf-3VE,W-GHCAA-3VE,W,Hi,Pf,G,H,C,A,A,3,V,E,NULL,NULL
W-Ni-Im-2MM,W-GGGOG-2MM,W,Ni,Im,G,G,G,O,G,2,M,M,NULL,NULL
W-Ni-Ip-2MM,W-GOGOA-2MM,W,Ni,Ip,G,O,G,O,A,2,M,M,NULL,NULL
W-Ni-Po-MMA,W-GGGOD-MMA,W,Ni,Po,G,G,G,O,D,NULL,M,M,A,NULL
W-Pq-Pp-MEC,W-GGGPD-MEC,W,Pq,Pp,G,G,G,P,D,NULL,M,E,C,NULL
W-Pq-Pf-3ME,W-GHGPA-3ME,W,Pq,Pf,G,H,G,P,A,3,M,E,NULL,NULL
W-Qa-Ic-1OE,W-VGGAA-1OE-L,W,Qa,Ic,V,G,G,A,A,1,O,E,NULL,L
W-Qa-Ip-2VM,W-GOGAA-2VM,W,Qa,Ip,G,O,G,A,A,2,V,M,NULL,NULL
W-Qa-Ju-2VM,W-GGGAW-2VM,W,Qa,Ju,G,G,G,A,W,2,V,M,NULL,NULL
W-Qa-Pp-MMA,W-GGGPD-MMA,W,Qa,Pp,G,G,G,P,D,NULL,M,M,A,NULL
W-Qa-Pp-MMC,W-GGGPD-MMC,W,Qa,Pp,G,G,G,P,D,NULL,M,M,C,NULL
N-MTA,N-MTA,N,NULL,NULL,NULL,NULL,NULL,NULL,NULL,NULL,M,T,A,NULL
N-OEA,N-OEA,N,NULL,NULL,NULL,NULL,NULL,NULL,NULL,NULL,O,E,A,NULL
N-OEC,N-OEC,N,NULL,NULL,NULL,NULL,NULL,NULL,NULL,NULL,O,E,C,NULL
W-Ni-Ip-3VM,W-GOGOA-3VM,W,Ni,Ip,G,O,G,O,A,3,V,M,NULL,NULL
W-Ni-Ju-3VE,W-GGGOW-3VE,W,Ni,Ju,G,G,G,O,W,3,V,E,NULL,NULL
W-Ni-Po-VMA,W-GGGOD-VMA,W,Ni,Po,G,G,G,O,D,NULL,V,M,A,NULL
W-Pi-Pf-3OM,W-GHVAA-3OM,W,Pi,Pf,G,H,V,A,A,3,O,M,NULL,NULL
W-Pu-Pf-1OE,W-GHVPA-1OE,W,Pu,Pf,G,H,V,P,A,1,O,E,NULL,NULL
W-Qa-Ip-2FE,W-GOGAA-2FE-N,W,Qa,Ip,G,O,G,A,A,2,F,E,NULL,N
W-Qa-Ip-3ME,W-GOGAA-3ME-N,W,Qa,Ip,G,O,G,A,A,3,M,E,NULL,N
W-Qa-Ju-3MM,W-GGGAW-3MM-N,W,Qa,Ju,G,G,G,A,W,3,M,M,NULL,N
W-Qa-Pp-VEA,W-GGGPD-VEA,W,Qa,Pp,G,G,G,P,D,NULL,V,E,A,NULL
N-MEC,N-MEC-L,N,NULL,NULL,NULL,NULL,NULL,NULL,NULL,NULL,M,E,C,L
BIJW,BIJW,BIJW,NULL,NULL,NULL,NULL,NULL,NULL,NULL,NULL,NULL,NULL,NULL,NULL
A-MEA,A-MEA,A,NULL,NULL,NULL,NULL,NULL,NULL,NULL,NULL,M,E,A,NULL
A-MMA,A-MMA,A,NULL,NULL,NULL,NULL,NULL,NULL,NULL,NULL,M,M,A,NULL
A-VEA,A-VEA,A,NULL,NULL,NULL,NULL,NULL,NULL,NULL,NULL,V,E,A,NULL
N-MEA,N-MEA-L,N,NULL,NULL,NULL,NULL,NULL,NULL,NULL,NULL,M,E,A,L
W-Hi-Ju-3VE,W-GGCAW-3VE,W,Hi,Ju,G,G,C,A,W,3,V,E,NULL,NULL
W-Hi-Ip-3VE,W-GOCAA-3VE,W,Hi,Ip,G,O,C,A,A,3,V,E,NULL,NULL
W-Ni-Pf-2MM,W-GHGOA-2MM,W,Ni,Pf,G,H,G,O,A,2,M,M,NULL,NULL
W-Hi-Ic-2ME,W-VGCAA-2ME,W,Hi,Ic,V,G,C,A,A,2,M,E,NULL,NULL
W-Hi-Ki-3ME,WO-GHCAA-3ME,W,Hi,Ki,G,H,C,A,A,3,M,E,NULL,NULL
W-Hi-Ic-3VE,W-VGCAA-3VE,W,Hi,Ic,V,G,C,A,A,3,V,E,NULL,NULL
W-Hi-Im-2ME,W-GGCAG-2ME-P,W,Hi,Im,G,G,C,A,G,2,M,E,NULL,P
W-Hi-Im-2MM,W-GGCAG-2MM,W,Hi,Im,G,G,C,A,G,2,M,M,NULL,NULL
W-Hi-Ip-1OM,W-GOCAA-1OM,W,Hi,Ip,G,O,C,A,A,1,O,M,NULL,NULL
W-Hi-Ip-2MM,W-GOCAA-2MM,W,Hi,Ip,G,O,C,A,A,2,M,M,NULL,NULL
W-Hi-Pa-MEC,W-GGCAD-MEC,W,Hi,Pa,G,G,C,A,D,NULL,M,E,C,NULL
W-Hi-Pa-MMC,W-GGCAD-MMC,W,Hi,Pa,G,G,C,A,D,NULL,M,M,C,NULL
W-Hi-Pf-2VE,W-GHCAA-2VE,W,Hi,Pf,G,H,C,A,A,2,V,E,NULL,NULL
W-Ho-Pf-3VE,W-GHCPA-3VE,W,Ho,Pf,G,H,C,P,A,3,V,E,NULL,NULL
W-Ho-Pp-MMA,W-GGCPD-MMA,W,Ho,Pp,G,G,C,P,D,NULL,M,M,A,NULL
W-Ho-Pp-VEA,W-GGCPD-VEA,W,Ho,Pp,G,G,C,P,D,NULL,V,E,A,NULL
W-Ho-Pp-VMA,W-GGCPD-VMA,W,Ho,Pp,G,G,C,P,D,NULL,V,M,A,NULL
W-Qa-Im-2ME,W-GGGAG-2ME-P,W,Qa,Im,G,G,G,A,G,2,M,E,NULL,P
W-Qa-Ju-2VE,W-GGGAW-2VE,W,Qa,Ju,G,G,G,A,W,2,V,E,NULL,NULL
N-VTA,N-VTA,N,NULL,NULL,NULL,NULL,NULL,NULL,NULL,NULL,V,T,A,NULL
W-Hi-Ju-3ME,W-GGCAW-3ME,W,Hi,Ju,G,G,C,A,W,3,M,E,NULL,NULL
W-Hi-Pa-VEC,W-GGCAD-VEC,W,Hi,Pa,G,G,C,A,D,NULL,V,E,C,NULL
W-Hi-Pa-VMA,W-GGCAD-VMA,W,Hi,Pa,G,G,C,A,D,NULL,V,M,A,NULL
N-MTC,N-MTC,N,NULL,NULL,NULL,NULL,NULL,NULL,NULL,NULL,M,T,C,NULL
N-VTC,N-VTC,N,NULL,NULL,NULL,NULL,NULL,NULL,NULL,NULL,V,T,C,NULL
A-MEC,A-MEC,A,NULL,NULL,NULL,NULL,NULL,NULL,NULL,NULL,M,E,C,NULL
A-MMC,A-MMC,A,NULL,NULL,NULL,NULL,NULL,NULL,NULL,NULL,M,M,C,NULL
A-VMA,A-VMA,A,NULL,NULL,NULL,NULL,NULL,NULL,NULL,NULL,V,M,A,NULL
W-Ni-Ic-3VE,W-VGGOA-3VE,W,Ni,Ic,V,G,G,O,A,3,V,E,NULL,NULL
W-Ni-Ip-2ME,W-GOGOA-2ME,W,Ni,Ip,G,O,G,O,A,2,M,E,NULL,NULL
W-Ni-Pf-1OM,W-GHGOA-1OM,W,Ni,Pf,G,H,G,O,A,1,O,M,NULL,NULL
W-Pq-Ic-3ME,W-VGGPA-3ME,W,Pq,Ic,V,G,G,P,A,3,M,E,NULL,NULL
W-Pq-Ip-3ME,W-GOGPA-3ME,W,Pq,Ip,G,O,G,P,A,3,M,E,NULL,NULL
W-Pq-Ju-3ME,W-GGGPW-3ME,W,Pq,Ju,G,G,G,P,W,3,M,E,NULL,NULL
W-Qa-Ki-2ME,WO-GHGAA-2ME,W,Qa,Ki,G,H,G,A,A,2,M,E,NULL,NULL
W-Qa-Ap-2ME,WO-GVGAA-2ME,W,Qa,Ap,G,V,G,A,A,2,M,E,NULL,NULL
A-VEC,A-VEC,A,NULL,NULL,NULL,NULL,NULL,NULL,NULL,NULL,V,E,C,NULL
W-Hp-Ip-3ME,W-GOVRA-3ME,W,Hp,Ip,G,O,V,R,A,3,M,E,NULL,NULL
W-Pi-In,W-GGVAO,W,Pi,In,G,G,V,A,O,NULL,NULL,NULL,NULL,NULL
W-Pi-Pa-MEA,W-GGVAD-MEA,W,Pi,Pa,G,G,V,A,D,NULL,M,E,A,NULL
W-Qa-Ic-1OM,W-VGGAA-1OM-P,W,Qa,Ic,V,G,G,A,A,1,O,M,NULL,P
E-MEA,E-MEA,E,NULL,NULL,NULL,NULL,NULL,NULL,NULL,NULL,M,E,A,NULL
W-Hp-Ip-3MM,W-GOVRA-3MM,W,Hp,Ip,G,O,V,R,A,3,M,M,NULL,NULL
W-Hp-Pa-MEA,W-GGVRD-MEA,W,Hp,Pa,G,G,V,R,D,NULL,M,E,A,NULL
W-Hp-Pf-3ME,W-GHVRA-3ME,W,Hp,Pf,G,H,V,R,A,3,M,E,NULL,NULL
W-Hp-Pf-3OM,W-GHVRA-3OM,W,Hp,Pf,G,H,V,R,A,3,O,M,NULL,NULL
W-Pi-Co-1OE,W-GGVAV-1OE,W,Pi,Co,G,G,V,A,V,1,O,E,NULL,NULL
W-Pi-Ic-1OE,W-VGVAA-1OE,W,Pi,Ic,V,G,V,A,A,1,O,E,NULL,NULL
W-Pi-Ic-3ME,W-VGVAA-3ME,W,Pi,Ic,V,G,V,A,A,3,M,E,NULL,NULL
W-Pi-Ic-3MM,W-VGVAA-3MM,W,Pi,Ic,V,G,V,A,A,3,M,M,NULL,NULL
W-Pi-Im-2MM,W-GGVAG-2MM,W,Pi,Im,G,G,V,A,G,2,M,M,NULL,NULL
W-Pi-Im-2VE,W-GGVAG-2VE,W,Pi,Im,G,G,V,A,G,2,V,E,NULL,NULL
W-Pi-Ip-1OE,W-GOVAA-1OE,W,Pi,Ip,G,O,V,A,A,1,O,E,NULL,NULL
W-Pi-Ip-1OM,W-GOVAA-1OM,W,Pi,Ip,G,O,V,A,A,1,O,M,NULL,NULL
W-Pi-Ip-2ME,W-GOVAA-2ME,W,Pi,Ip,G,O,V,A,A,2,M,E,NULL,NULL
W-Pi-Ip-2MM,W-GOVAA-2MM,W,Pi,Ip,G,O,V,A,A,2,M,M,NULL,NULL
W-Pi-Ip-3MM,W-GOVAA-3MM,W,Pi,Ip,G,O,V,A,A,3,M,M,NULL,NULL
W-Pi-Ip-3VE,W-GOVAA-3VE,W,Pi,Ip,G,O,V,A,A,3,V,E,NULL,NULL
W-Pi-Ju-3ME,W-GGVAW-3ME,W,Pi,Ju,G,G,V,A,W,3,M,E,NULL,NULL
W-Pi-Ju-3MM,W-GGVAW-3MM,W,Pi,Ju,G,G,V,A,W,3,M,M,NULL,NULL
W-Pi-Pa-MMC,W-GGVAD-MMC,W,Pi,Pa,G,G,V,A,D,NULL,M,M,C,NULL
W-Pi-Pf-1OE,W-GHVAA-1OE,W,Pi,Pf,G,H,V,A,A,1,O,E,NULL,NULL
W-Pi-Pf-1OM,W-GHVAA-1OM,W,Pi,Pf,G,H,V,A,A,1,O,M,NULL,NULL
W-Pi-Pf-2MM,W-GHVAA-2MM,W,Pi,Pf,G,H,V,A,A,2,M,M,NULL,NULL
W-Pi-Pf-3ME,W-GHVAA-3ME,W,Pi,Pf,G,H,V,A,A,3,M,E,NULL,NULL
W-Pu-Ip-3ME,W-GOVPA-3ME,W,Pu,Ip,G,O,V,P,A,3,M,E,NULL,NULL
W-Pu-Ip-3VE,W-GOVPA-3VE,W,Pu,Ip,G,O,V,P,A,3,V,E,NULL,NULL
W-Pu-Pp-MEA,W-GGVPD-MEA,W,Pu,Pp,G,G,V,P,D,NULL,M,E,A,NULL
W-Pu-Pp-MMC,W-GGVPD-MMC,W,Pu,Pp,G,G,V,P,D,NULL,M,M,C,NULL
W-Pu-Pp-VEC,W-GGVPD-VEC,W,Pu,Pp,G,G,V,P,D,NULL,V,E,C,NULL
W-Qa-Pp-MEC,W-GGGPD-MEC,W,Qa,Pp,G,G,G,P,D,NULL,M,E,C,NULL
W-Hi-Ic-2VE,W-VGCAA-2VE,W,Hi,Ic,V,G,C,A,A,2,V,E,NULL,NULL
W-Hi-Ki-2ME,WO-GHCAA-2ME,W,Hi,Ki,G,H,C,A,A,2,M,E,NULL,NULL
W-Hi-Ip-2VE,W-GOCAA-2VE,W,Hi,Ip,G,O,C,A,A,2,V,E,NULL,NULL
W-Hi-Ju-2ME,W-GGCAW-2ME,W,Hi,Ju,G,G,C,A,W,2,M,E,NULL,NULL
W-Hi-Ju-2MM,W-GGCAW-2MM,W,Hi,Ju,G,G,C,A,W,2,M,M,NULL,NULL
W-Hi-Pa-VEA,W-GGCAD-VEA,W,Hi,Pa,G,G,C,A,D,NULL,V,E,A,NULL
W-Hi-Pf-1OM,W-GHCAA-1OM,W,Hi,Pf,G,H,C,A,A,1,O,M,NULL,NULL
W-Pi-Pf-3VE,W-GHVAA-3VE,W,Pi,Pf,G,H,V,A,A,3,V,E,NULL,NULL
W-Hp-Ip-3MM,W-GOVRA-3MM-N,W,Hp,Ip,G,O,V,R,A,3,M,M,NULL,N
W-Ni-Ic-2VE,W-VGGOA-2VE,W,Ni,Ic,V,G,G,O,A,2,V,E,NULL,NULL
W-Ni-Co-1OE,W-GGGOV-1OE,W,Ni,Co,G,G,G,O,V,1,O,E,NULL,NULL
W-Ni-Ip-2VE,W-GOGOA-2VE,W,Ni,Ip,G,O,G,O,A,2,V,E,NULL,NULL
W-Pi-Ic-3VE,W-VGVAA-3VE,W,Pi,Ic,V,G,V,A,A,3,V,E,NULL,NULL
W-Pi-Ic-3VM,W-VGVAA-3VM,W,Pi,Ic,V,G,V,A,A,3,V,M,NULL,NULL
W-Pi-Ip-3VM,W-GOVAA-3VM,W,Pi,Ip,G,O,V,A,A,3,V,M,NULL,NULL
W-Pi-Pa-MMA,W-GGVAD-MMA,W,Pi,Pa,G,G,V,A,D,NULL,M,M,A,NULL
W-Pu-Pp-MMA,W-GGVPD-MMA,W,Pu,Pp,G,G,V,P,D,NULL,M,M,A,NULL
TUS,TUS,TUS,NULL,NULL,NULL,NULL,NULL,NULL,NULL,NULL,NULL,NULL,NULL,NULL
A-VMC,A-VMC,A,NULL,NULL,NULL,NULL,NULL,NULL,NULL,NULL,V,M,C,NULL
W-Pi-Ki-1OE,WO-GHVAA-1OE,W,Pi,Ki,G,H,V,A,A,1,O,E,NULL,NULL
W-Pi-Pa-VMA,W-GGVAD-VMA,W,Pi,Pa,G,G,V,A,D,NULL,V,M,A,NULL
W-Pu-Ic-3MM,W-VGVPA-3MM,W,Pu,Ic,V,G,V,P,A,3,M,M,NULL,NULL
W-Hp-Im-2MM,W-GGVRG-2MM,W,Hp,Im,G,G,V,R,G,2,M,M,NULL,NULL
W-Hp-In,W-GGVRO,W,Hp,In,G,G,V,R,O,NULL,NULL,NULL,NULL,NULL
W-Hp-Pa-VEA,W-GGVRD-VEA,W,Hp,Pa,G,G,V,R,D,NULL,V,E,A,NULL
W-Hp-Pa-MMA,W-GGVRD-MMA,W,Hp,Pa,G,G,V,R,D,NULL,M,M,A,NULL
W-Hp-Pf-1OE,W-GHVRA-1OE,W,Hp,Pf,G,H,V,R,A,1,O,E,NULL,NULL
W-Hp-Pf-2MM,W-GHVRA-2MM,W,Hp,Pf,G,H,V,R,A,2,M,M,NULL,NULL
D-OM,D-OM,D,NULL,NULL,NULL,NULL,NULL,NULL,NULL,NULL,O,M,NULL,NULL
NPRT,NPRT,NPRT,NULL,NULL,NULL,NULL,NULL,NULL,NULL,NULL,NULL,NULL,NULL,NULL
PRT,PRT,PRT,NULL,NULL,NULL,NULL,NULL,NULL,NULL,NULL,NULL,NULL,NULL,NULL
W-Ho-Ip-1OM,W-GOCPA-1OM,W,Ho,Ip,G,O,C,P,A,1,O,M,NULL,NULL
W-Ho-Ip-2ME,W-GOCPA-2ME,W,Ho,Ip,G,O,C,P,A,2,M,E,NULL,NULL
W-Hp-Ju-3ME,W-GGVRW-3ME,W,Hp,Ju,G,G,V,R,W,3,M,E,NULL,NULL
W-Ni-Ic-2MM,W-VGGOA-2MM,W,Ni,Ic,V,G,G,O,A,2,M,M,NULL,NULL
W-Hi-Co-1OM,W-GGCAV-1OM,W,Hi,Co,G,G,C,A,V,1,O,M,NULL,NULL
W-Hi-Ic-2MM,W-VGCAA-2MM,W,Hi,Ic,V,G,C,A,A,2,M,M,NULL,NULL
W-Hi-Ic-3VM,W-VGCAA-3VM,W,Hi,Ic,V,G,C,A,A,3,V,M,NULL,NULL
W-Qa-Ic-2MM,W-VGGAA-2MM-N,W,Qa,Ic,V,G,G,A,A,2,M,M,NULL,N
BIJW,BIJW-L,BIJW,NULL,NULL,NULL,NULL,NULL,NULL,NULL,NULL,NULL,NULL,NULL,L
W-Pi-Ju-3VE,W-GGVAW-3VE,W,Pi,Ju,G,G,V,A,W,3,V,E,NULL,NULL
W-Pq-Pp-VMA,W-GGGPD-VMA,W,Pq,Pp,G,G,G,P,D,NULL,V,M,A,NULL
W-Pq-Pp-VMC,W-GGGPD-VMC,W,Pq,Pp,G,G,G,P,D,NULL,V,M,C,NULL
W-Qa-Ap-3OM,WO-GVGAA-3OM,W,Qa,Ap,G,V,G,A,A,3,O,M,NULL,NULL
P-3VE,P-3VE,P,NULL,NULL,NULL,NULL,NULL,NULL,NULL,3,V,E,NULL,NULL
W-Hp-Co-1OE,W-GGVRV-1OE,W,Hp,Co,G,G,V,R,V,1,O,E,NULL,NULL
W-Hp-Ic-3ME,W-VGVRA-3ME,W,Hp,Ic,V,G,V,R,A,3,M,E,NULL,NULL
W-Hp-Ic-3VM,W-VGVRA-3VM,W,Hp,Ic,V,G,V,R,A,3,V,M,NULL,NULL
W-Hp-Im-2ME,W-GGVRG-2ME,W,Hp,Im,G,G,V,R,G,2,M,E,NULL,NULL
W-Hp-Ip-1OE,W-GOVRA-1OE,W,Hp,Ip,G,O,V,R,A,1,O,E,NULL,NULL
W-Hp-Pf-1OM,W-GHVRA-1OM,W,Hp,Pf,G,H,V,R,A,1,O,M,NULL,NULL
W-Hp-Pf-2ME,W-GHVRA-2ME,W,Hp,Pf,G,H,V,R,A,2,M,E,NULL,NULL
W-Pi-Ip-3MM,W-GOVAA-3MM-N,W,Pi,Ip,G,O,V,A,A,3,M,M,NULL,N
W-Qa-Im-2ME,W-GGGAG-2ME-L,W,Qa,Im,G,G,G,A,G,2,M,E,NULL,L
E-OEA,E-OEA-L,E,NULL,NULL,NULL,NULL,NULL,NULL,NULL,NULL,O,E,A,L
W-Hp-Pa-VEC,W-GGVRD-VEC,W,Hp,Pa,G,G,V,R,D,NULL,V,E,C,NULL
W-Pq-Ic-3VE,W-VGGPA-3VE,W,Pq,Ic,V,G,G,P,A,3,V,E,NULL,NULL
W-Pq-Pf-2ME,W-GHGPA-2ME,W,Pq,Pf,G,H,G,P,A,2,M,E,NULL,NULL
W-Pq-Pf-3VE,W-GHGPA-3VE,W,Pq,Pf,G,H,G,P,A,3,V,E,NULL,NULL
W-Pq-Pp-MEA,W-GGGPD-MEA,W,Pq,Pp,G,G,G,P,D,NULL,M,E,A,NULL
W-Hp-Ic-1OE,W-VGVRA-1OE-P,W,Hp,Ic,V,G,V,R,A,1,O,E,NULL,P
W-Hp-Ic-1OE,W-VGVRA-1OE,W,Hp,Ic,V,G,V,R,A,1,O,E,NULL,NULL
W-Ni-Im-2VE,W-GGGOG-2VE,W,Ni,Im,G,G,G,O,G,2,V,E,NULL,NULL
W-Pi-Pa-MEC,W-GGVAD-MEC,W,Pi,Pa,G,G,V,A,D,NULL,M,E,C,NULL
W-Pu-Pf-2ME,W-GHVPA-2ME,W,Pu,Pf,G,H,V,P,A,2,M,E,NULL,NULL
W-Pu-Pf-3ME,W-GHVPA-3ME,W,Pu,Pf,G,H,V,P,A,3,M,E,NULL,NULL
W-Pq-Ip-2MM,W-GOGPA-2MM,W,Pq,Ip,G,O,G,P,A,2,M,M,NULL,NULL
W-Qa-Ki-3VE,WO-GHGAA-3VE,W,Qa,Ki,G,H,G,A,A,3,V,E,NULL,NULL
W-Qa-Pa-VEC,W-GGGAD-VEC,W,Qa,Pa,G,G,G,A,D,NULL,V,E,C,NULL
W-Hi-Pf-2VM,W-GHCAA-2VM,W,Hi,Pf,G,H,C,A,A,2,V,M,NULL,NULL
W-Ho-Ic-3VE,W-VGCPA-3VE,W,Ho,Ic,V,G,C,P,A,3,V,E,NULL,NULL
W-Ho-Ip-3ME,W-GOCPA-3ME,W,Ho,Ip,G,O,C,P,A,3,M,E,NULL,NULL
W-Ho-Ip-3MM,W-GOCPA-3MM,W,Ho,Ip,G,O,C,P,A,3,M,M,NULL,NULL
W-Ho-Ju-3ME,W-GGCPW-3ME,W,Ho,Ju,G,G,C,P,W,3,M,E,NULL,NULL
W-Ho-Ju-3VE,W-GGCPW-3VE,W,Ho,Ju,G,G,C,P,W,3,V,E,NULL,NULL
W-Ho-Pf-3OM,W-GHCPA-3OM,W,Ho,Pf,G,H,C,P,A,3,O,M,NULL,NULL
W-Hi-Ip-3MM,W-GOCAA-3MM-N,W,Hi,Ip,G,O,C,A,A,3,M,M,NULL,N
W-Hi-Ip-3VM,W-GOCAA-3VM,W,Hi,Ip,G,O,C,A,A,3,V,M,NULL,NULL
W-Qa-Ip-3VE,W-GOGAA-3VE-P,W,Qa,Ip,G,O,G,A,A,3,V,E,NULL,P
V,V,V,NULL,NULL,NULL,NULL,NULL,NULL,NULL,NULL,NULL,NULL,NULL,NULL
W-Ni-Po-MMC,W-GGGOD-MMC,W,Ni,Po,G,G,G,O,D,NULL,M,M,C,NULL
W-Qa-Ki-3MM,WO-GHGAA-3MM,W,Qa,Ki,G,H,G,A,A,3,M,M,NULL,NULL
W-Hi-Ap-3ME,WO-GVCAA-3ME,W,Hi,Ap,G,V,C,A,A,3,M,E,NULL,NULL
W-Pu-Pf-3OM,W-GHVPA-3OM,W,Pu,Pf,G,H,V,P,A,3,O,M,NULL,NULL
W-Pu-Pp-VEA,W-GGVPD-VEA,W,Pu,Pp,G,G,V,P,D,NULL,V,E,A,NULL
D-VE,D-VE,D,NULL,NULL,NULL,NULL,NULL,NULL,NULL,NULL,V,E,NULL,NULL
W-Pu-Pf-3VE,W-GHVPA-3VE,W,Pu,Pf,G,H,V,P,A,3,V,E,NULL,NULL
W-Qa-Pp-VEC,W-GGGPD-VEC,W,Qa,Pp,G,G,G,P,D,NULL,V,E,C,NULL
W-Pu-Ip-3MM,W-GOVPA-3MM,W,Pu,Ip,G,O,V,P,A,3,M,M,NULL,NULL
W-Qa-Ip-2VE,W-GOGAA-2VE-N,W,Qa,Ip,G,O,G,A,A,2,V,E,NULL,N
W-Pi-Ap-3ME,WO-GVVAA-3ME,W,Pi,Ap,G,V,V,A,A,3,M,E,NULL,NULL
W-Ni-Ju-2VE,W-GGGOW-2VE,W,Ni,Ju,G,G,G,O,W,2,V,E,NULL,NULL
W-Pa-Pf-1OE,W-GHVPA-1OE,W,Pa,Pf,G,H,V,P,A,1,O,E,NULL,NULL
W-Pu-Pp-MEC,W-GGVPD-MEC,W,Pu,Pp,G,G,V,P,D,NULL,M,E,C,NULL
W-Qa-Pf-3MO,W-GHGAA-3MO-N,W,Qa,Pf,G,H,G,A,A,3,M,O,NULL,N
W-Ni-Ic-3VM,W-VGGOA-3VM,W,Ni,Ic,V,G,G,O,A,3,V,M,NULL,NULL
N-OMC,N-OMC,N,NULL,NULL,NULL,NULL,NULL,NULL,NULL,NULL,O,M,C,NULL
N-OTA,N-OTA,N,NULL,NULL,NULL,NULL,NULL,NULL,NULL,NULL,O,T,A,NULL
N-OTC,N-OTC,N,NULL,NULL,NULL,NULL,NULL,NULL,NULL,NULL,O,T,C,NULL
P-3MM,P-3MM,P,NULL,NULL,NULL,NULL,NULL,NULL,NULL,3,M,M,NULL,NULL
VPRT,VPRT,VPRT,NULL,NULL,NULL,NULL,NULL,NULL,NULL,NULL,NULL,NULL,NULL,NULL
W-Ni-Po-MEC,W-GGGOD-MEC,W,Ni,Po,G,G,G,O,D,NULL,M,E,C,NULL
W-Ni-Po-VMC,W-GGGOD-VMC,W,Ni,Po,G,G,G,O,D,NULL,V,M,C,NULL
P-1OE,P-1OE,P,NULL,NULL,NULL,NULL,NULL,NULL,NULL,1,O,E,NULL,NULL
W-Hi-Ic-1OM,W-VGCAA-1OM,W,Hi,Ic,V,G,C,A,A,1,O,M,NULL,NULL
W-Hi-Ju-3MM,W-GGCAW-3MM,W,Hi,Ju,G,G,C,A,W,3,M,M,NULL,NULL
W-Ho-Ia,W-GGCPO,W,Ho,Ia,G,G,C,P,O,NULL,NULL,NULL,NULL,NULL
W-Ho-Ic-3ME,W-VGCPA-3ME,W,Ho,Ic,V,G,C,P,A,3,M,E,NULL,NULL
P-2ME,P-2ME,P,NULL,NULL,NULL,NULL,NULL,NULL,NULL,2,M,E,NULL,NULL
W-Ho-In,W-GGCPO,W,Ho,In,G,G,C,P,O,NULL,NULL,NULL,NULL,NULL
W-Pq-Pf-1OE,W-GHGPA-1OE,W,Pq,Pf,G,H,G,P,A,1,O,E,NULL,NULL
W-Pq-Pf-2MM,W-GHGPA-2MM,W,Pq,Pf,G,H,G,P,A,2,M,M,NULL,NULL
W-Qa-Pa-EMC,W-GGGAD-MEA,W,Qa,Pa,G,G,G,A,D,NULL,E,M,C,NULL
W-Hi-Ju-2VE,W-GGCAW-2VE,W,Hi,Ju,G,G,C,A,W,2,V,E,NULL,NULL
E-VEA,E-VEA,E,NULL,NULL,NULL,NULL,NULL,NULL,NULL,NULL,V,E,A,NULL
W-Pi-Ic-1OM,W-VGVAA-1OM,W,Pi,Ic,V,G,V,A,A,1,O,M,NULL,NULL
W-Pi-Ic-2ME,W-VGVAA-2ME,W,Pi,Ic,V,G,V,A,A,2,M,E,NULL,NULL
W-Pi-Ic-2MM,W-VGVAA-2MM,W,Pi,Ic,V,G,V,A,A,2,M,M,NULL,NULL
W-Pi-Ic-2VE,W-VGVAA-2VE,W,Pi,Ic,V,G,V,A,A,2,V,E,NULL,NULL
W-Pi-Ju-2MM,W-GGVAW-2MM,W,Pi,Ju,G,G,V,A,W,2,M,M,NULL,NULL
W-Pi-Ic-2VM,W-VGVAA-2VM,W,Pi,Ic,V,G,V,A,A,2,V,M,NULL,NULL
W-Pi-Ip-2MM,W-GOVAA-2MM-N,W,Pi,Ip,G,O,V,A,A,2,M,M,NULL,N
W-Pi-Ip-2VM,W-GOVAA-2VM,W,Pi,Ip,G,O,V,A,A,2,V,M,NULL,NULL
W-Hp-Ip-3VE,W-GOVRA-3VE,W,Hp,Ip,G,O,V,R,A,3,V,E,NULL,NULL
W-Hi-Ip-2MM,W-GOCAA-2MM-N,W,Hi,Ip,G,O,C,A,A,2,M,M,NULL,N
W-Hi-Ju-3MM,W-GGCAW-3MM-N,W,Hi,Ju,G,G,C,A,W,3,M,M,NULL,N
W-Hp-Ju-2ME,W-GGVRW-2ME,W,Hp,Ju,G,G,V,R,W,2,M,E,NULL,NULL
W-Ti-Ip-2ME,W-GOCAA-2ME,W,Ti,Ip,G,O,C,A,A,2,M,E,NULL,NULL
W-Ti-Pa-MEA,W-GGCAD-MEA,W,Ti,Pa,G,G,C,A,D,NULL,M,E,A,NULL
W-Hp-Pa-MEC,W-GGVRD-MEC,W,Hp,Pa,G,G,V,R,D,NULL,M,E,C,NULL
W-Hp-Pa-MMC,W-GGVRD-MMC,W,Hp,Pa,G,G,V,R,D,NULL,M,M,C,NULL
W-Pi-Ic-1OE,W-VGVAA-1OE-P,W,Pi,Ic,V,G,V,A,A,1,O,E,NULL,P
W-Qa-Ki-3MM,WO-GHGAA-3MM-N,W,Qa,Ki,G,H,G,A,A,3,M,M,NULL,N
W-Pq-Pf-1OM,W-GHGPA-1OM,W,Pq,Pf,G,H,G,P,A,1,O,M,NULL,NULL
W-Hp-Ip-2ME,W-GOVRA-2ME,W,Hp,Ip,G,O,V,R,A,2,M,E,NULL,NULL
W-Hp-Pf-3VE,W-GHVRA-3VE,W,Hp,Pf,G,H,V,R,A,3,V,E,NULL,NULL
W-Ni-Ip-1OM,W-GOGOA-1OM,W,Ni,Ip,G,O,G,O,A,1,O,M,NULL,NULL
W-Ho-Ic-3MM,W-VGCPA-3MM,W,Ho,Ic,V,G,C,P,A,3,M,M,NULL,NULL
W-Ho-Ip-2MM,W-GOCPA-2MM,W,Ho,Ip,G,O,C,P,A,2,M,M,NULL,NULL
W-Ho-Pf-1OE,W-GHCPA-1OE,W,Ho,Pf,G,H,C,P,A,1,O,E,NULL,NULL
W-Ho-Pp-MEC,W-GGCPD-MEC,W,Ho,Pp,G,G,C,P,D,NULL,M,E,C,NULL
W-Ho-Pp-MMC,W-GGCPD-MMC,W,Ho,Pp,G,G,C,P,D,NULL,M,M,C,NULL
W-Ho-Ip-3VE,W-GOCPA-3VE,W,Ho,Ip,G,O,C,P,A,3,V,E,NULL,NULL
W-Ho-Pf-2MM,W-GHCPA-2MM,W,Ho,Pf,G,H,C,P,A,2,M,M,NULL,NULL
W-Hi-Im-2VM,W-GGCAG-2VM,W,Hi,Im,G,G,C,A,G,2,V,M,NULL,NULL
W-Pi-Ju-2ME,W-GGVAW-2ME,W,Pi,Ju,G,G,V,A,W,2,M,E,NULL,NULL
W-Pi-Pf-2VE,W-GHVAA-2VE,W,Pi,Pf,G,H,V,A,A,2,V,E,NULL,NULL
D-ME,D-ME,D,NULL,NULL,NULL,NULL,NULL,NULL,NULL,NULL,M,E,NULL,NULL
W-Pu-Ip-2MM,W-GOVPA-2MM,W,Pu,Ip,G,O,V,P,A,2,M,M,NULL,NULL
W-Pu-Pp-VMA,W-GGVPD-VMA,W,Pu,Pp,G,G,V,P,D,NULL,V,M,A,NULL
P-3VM,P-3VM,P,NULL,NULL,NULL,NULL,NULL,NULL,NULL,3,V,M,NULL,NULL
W-Ni-Ju-2MM,W-GGGOW-2MM,W,Ni,Ju,G,G,G,O,W,2,M,M,NULL,NULL
W-Ni-Ju-2ME,W-GGGOW-2ME,W,Ni,Ju,G,G,G,O,W,2,M,E,NULL,NULL
W-Nt-Pf-3ME,W-GHVRA-3ME,W,Nt,Pf,G,H,V,R,A,3,M,E,NULL,NULL
N-MEA,N-MEA-P,N,NULL,NULL,NULL,NULL,NULL,NULL,NULL,NULL,M,E,A,P
N-OEA,N-OEA-L,N,NULL,NULL,NULL,NULL,NULL,NULL,NULL,NULL,O,E,A,L
W-Pi-Co-1OM,W-GGVAV-1OM,W,Pi,Co,G,G,V,A,V,1,O,M,NULL,NULL
W-Pu-Ip-3VM,W-GOVPA-3VM,W,Pu,Ip,G,O,V,P,A,3,V,M,NULL,NULL
W-Qa-Ap-3VE,WO-GVGAA-3VE,W,Qa,Ap,G,V,G,A,A,3,V,E,NULL,NULL
W-Hp-Ic-3VE,W-VGVRA-3VE,W,Hp,Ic,V,G,V,R,A,3,V,E,NULL,NULL
W-Pi-Ju-2VE,W-GGVAW-2VE,W,Pi,Ju,G,G,V,A,W,2,V,E,NULL,NULL
W-Pp-Pf-3ME,W-GHVAA-3ME,W,Pp,Pf,G,H,V,A,A,3,M,E,NULL,NULL
W-Pi-Ip-2VE,W-GOVAA-2VE,W,Pi,Ip,G,O,V,A,A,2,V,E,NULL,NULL
W-Hp-Ip-3VM,W-GOVRA-3VM,W,Hp,Ip,G,O,V,R,A,3,V,M,NULL,NULL
W-Qa-Pa-VMC,W-GGGAD-VMC,W,Qa,Pa,G,G,G,A,D,NULL,V,M,C,NULL
P-2MM,P-2MM,P,NULL,NULL,NULL,NULL,NULL,NULL,NULL,2,M,M,NULL,NULL
W-Hi-Ic-1OE,W-VGCAA-1OE-L,W,Hi,Ic,V,G,C,A,A,1,O,E,NULL,L
W-Hp-Ip-2VE,W-GOVRA-2VE-N,W,Hp,Ip,G,O,V,R,A,2,V,E,NULL,N
E-OEA,E-OEA-P,E,NULL,NULL,NULL,NULL,NULL,NULL,NULL,NULL,O,E,A,P
E-MMA,E-MMA,E,NULL,NULL,NULL,NULL,NULL,NULL,NULL,NULL,M,M,A,NULL
E-VEA,E-VEA-L,E,NULL,NULL,NULL,NULL,NULL,NULL,NULL,NULL,V,E,A,L
E-MMA,E-MMA-L,E,NULL,NULL,NULL,NULL,NULL,NULL,NULL,NULL,M,M,A,L
A-MEE,A-MEE,A,NULL,NULL,NULL,NULL,NULL,NULL,NULL,NULL,M,E,E,NULL
A-MME,A-MME,A,NULL,NULL,NULL,NULL,NULL,NULL,NULL,NULL,M,M,E,NULL
P-2VE,P-2VE,P,NULL,NULL,NULL,NULL,NULL,NULL,NULL,2,V,E,NULL,NULL
W-Hp-Ip-2VE,W-GOVRA-2VE,W,Hp,Ip,G,O,V,R,A,2,V,E,NULL,NULL
W-Hp-Ju-3VE,W-GGVRW-3VE,W,Hp,Ju,G,G,V,R,W,3,V,E,NULL,NULL
P-1OM,P-1OM,P,NULL,NULL,NULL,NULL,NULL,NULL,NULL,1,O,M,NULL,NULL
W-Et-Pf-3ME,W-GHVRA-3ME,W,Et,Pf,G,H,V,R,A,3,M,E,NULL,NULL
W-Qa-Pp-VMC,W-GGGPD-VMC,W,Qa,Pp,G,G,G,P,D,NULL,V,M,C,NULL
W-Pi-Im-2ME,W-GGVAG-2ME-P,W,Pi,Im,G,G,V,A,G,2,M,E,NULL,P
W-Hp-Im-2VE,W-GGVRG-2VE,W,Hp,Im,G,G,V,R,G,2,V,E,NULL,NULL
W-Pu-In,W-GGVPO,W,Pu,In,G,G,V,P,O,NULL,NULL,NULL,NULL,NULL
W-Ni-Co-1OM,W-GGGOV-1OM,W,Ni,Co,G,G,G,O,V,1,O,M,NULL,NULL
W-Po-Pa-MEC,W-GGVAD-MEC,W,Po,Pa,G,G,V,A,D,NULL,M,E,C,NULL
W-Hs-Co-1OM,W-GGCRV-1OM,W,Hs,Co,G,G,C,R,V,1,O,M,NULL,NULL
W-Hs-Ic-1OE,W-VGCRA-1OE,W,Hs,Ic,V,G,C,R,A,1,O,E,NULL,NULL
W-Hs-Ic-3ME,W-VGCRA-3ME,W,Hs,Ic,V,G,C,R,A,3,M,E,NULL,NULL
W-Hs-Ic-3MM,W-VGCRA-3MM,W,Hs,Ic,V,G,C,R,A,3,M,M,NULL,NULL
W-Hs-Ic-3VE,W-VGCRA-3VE,W,Hs,Ic,V,G,C,R,A,3,V,E,NULL,NULL
W-Hs-Ic-3VM,W-VGCRA-3VM,W,Hs,Ic,V,G,C,R,A,3,V,M,NULL,NULL
W-Hs-Im-2MM,W-GGCRG-2MM,W,Hs,Im,G,G,C,R,G,2,M,M,NULL,NULL
W-Hs-Im-2VE,W-GGCRG-2VE,W,Hs,Im,G,G,C,R,G,2,V,E,NULL,NULL
W-Hs-In,W-GGCRO,W,Hs,In,G,G,C,R,O,NULL,NULL,NULL,NULL,NULL
W-Hs-Ip-1OE,W-GOCRA-1OE,W,Hs,Ip,G,O,C,R,A,1,O,E,NULL,NULL
W-Hs-Ip-1OM,W-GOCRA-1OM,W,Hs,Ip,G,O,C,R,A,1,O,M,NULL,NULL
W-Hs-Ip-2ME,W-GOCRA-2ME,W,Hs,Ip,G,O,C,R,A,2,M,E,NULL,NULL
W-Hs-Ip-2MM,W-GOCRA-2MM,W,Hs,Ip,G,O,C,R,A,2,M,M,NULL,NULL
W-Hs-Ip-3ME,W-GOCRA-3ME,W,Hs,Ip,G,O,C,R,A,3,M,E,NULL,NULL
W-Hs-Ip-3MM,W-GOCRA-3MM,W,Hs,Ip,G,O,C,R,A,3,M,M,NULL,NULL
W-Hs-Ju-3ME,W-GGCRW-3ME,W,Hs,Ju,G,G,C,R,W,3,M,E,NULL,NULL
W-Hs-Ju-3MM,W-GGCRW-3MM,W,Hs,Ju,G,G,C,R,W,3,M,M,NULL,NULL
W-Hs-Pa-MEA,W-GGCRD-MEA,W,Hs,Pa,G,G,C,R,D,NULL,M,E,A,NULL
W-Hs-Pa-MMA,W-GGCRD-MMA,W,Hs,Pa,G,G,C,R,D,NULL,M,M,A,NULL
W-Hs-Pf-1OE,W-GHCRA-1OE,W,Hs,Pf,G,H,C,R,A,1,O,E,NULL,NULL
W-Hs-Pf-2ME,W-GHCRA-2ME,W,Hs,Pf,G,H,C,R,A,2,M,E,NULL,NULL
W-Hs-Pf-2MM,W-GHCRA-2MM,W,Hs,Pf,G,H,C,R,A,2,M,M,NULL,NULL
W-Hs-Pf-3ME,W-GHCRA-3ME,W,Hs,Pf,G,H,C,R,A,3,M,E,NULL,NULL
W-Hs-Pf-3OM,W-GHCRA-3OM,W,Hs,Pf,G,H,C,R,A,3,O,M,NULL,NULL
W-Pu-Pf-2VE,W-GHVPA-2VE,W,Pu,Pf,G,H,V,P,A,2,V,E,NULL,NULL
W-Pi-Im-2ME,W-GGVAG-2ME-L,W,Pi,Im,G,G,V,A,G,2,M,E,NULL,L
W-Pi-Pf-2VM,W-GHVAA-2VM,W,Pi,Pf,G,H,V,A,A,2,V,M,NULL,NULL
W-Hp-Ki-3MM,WO-GHVRA-3MM,W,Hp,Ki,G,H,V,R,A,3,M,M,NULL,NULL
W-Ni-Ap-3VE,WO-GVGOA-3VE,W,Ni,Ap,G,V,G,O,A,3,V,E,NULL,NULL
W-Ho-Im-2MM,W-GGCPG-2MM,W,Ho,Im,G,G,C,P,G,2,M,M,NULL,NULL
W-Hi-Ic-2MM,W-VGCAA-2MM-N,W,Hi,Ic,V,G,C,A,A,2,M,M,NULL,N
TUS,TUS-P,TUS,NULL,NULL,NULL,NULL,NULL,NULL,NULL,NULL,NULL,NULL,NULL,P
TUS,TUS-L,TUS,NULL,NULL,NULL,NULL,NULL,NULL,NULL,NULL,NULL,NULL,NULL,L
W-Ho-Im-2ME,W-GGCPG-2ME-P,W,Ho,Im,G,G,C,P,G,2,M,E,NULL,P
W-Ni-Ic-1OE,W-VGGOA-1OE-P,W,Ni,Ic,V,G,G,O,A,1,O,E,NULL,P
W-Hp-Ic-1OM,W-VGVRA-1OM,W,Hp,Ic,V,G,V,R,A,1,O,M,NULL,NULL
N-OMA,N-OMA,N,NULL,NULL,NULL,NULL,NULL,NULL,NULL,NULL,O,M,A,NULL
W-Ht-Pf-3OM,W-GHVVA-3OM,W,Ht,Pf,G,H,V,V,A,3,O,M,NULL,NULL
W-Ho-Ic-2VE,W-VGCPA-2VE,W,Ho,Ic,V,G,C,P,A,2,V,E,NULL,NULL
W-Ni-Im-2ME,W-GGGOG-2ME-P,W,Ni,Im,G,G,G,O,G,2,M,E,NULL,P
W-Qa-Ic-3ME,W-VGGAA-3MM,W,Qa,Ic,V,G,G,A,A,3,M,E,NULL,NULL
W-Pi-Ap-3OM,WO-GVVAA-3OM,W,Pi,Ap,G,V,V,A,A,3,O,M,NULL,NULL
E-OEA,N-OEA,N,NULL,NULL,NULL,NULL,NULL,NULL,NULL,NULL,O,E,A,NULL
N-OEC,N-OEC-L,N,NULL,NULL,NULL,NULL,NULL,NULL,NULL,NULL,O,E,C,L
W-Hi-Ki-3MM,WO-GHCAA-3MM,W,Hi,Ki,G,H,C,A,A,3,M,M,NULL,NULL
W-Qa-Ic-3MM,W-VGGAA-3MM-N,W,Qa,Ic,V,G,G,A,A,3,M,M,NULL,N
N-MEC,N-MEC-P,N,NULL,NULL,NULL,NULL,NULL,NULL,NULL,NULL,M,E,C,P
W-Pi-Pa-VEC,W-GGVAD-VEC,W,Pi,Pa,G,G,V,A,D,NULL,V,E,C,NULL
W-Pu-Ia,W-GGVPO,W,Pu,Ia,G,G,V,P,O,NULL,NULL,NULL,NULL,NULL
P-2VM,P-2VM,P,NULL,NULL,NULL,NULL,NULL,NULL,NULL,2,V,M,NULL,NULL
W-Pi-Ic-1OM,W-VGVAA-1OM-P,W,Pi,Ic,V,G,V,A,A,1,O,M,NULL,P
W-Pu-Ic-3ME,W-VGVPA-3ME,W,Pu,Ic,V,G,V,P,A,3,M,E,NULL,NULL
W-Pu-Ip-2VE,W-GOVPA-2VE,W,Pu,Ip,G,O,V,P,A,2,V,E,NULL,NULL
N-VEE,N-VEE,N,NULL,NULL,NULL,NULL,NULL,NULL,NULL,NULL,V,E,E,NULL
W-Hp-Ju-2MM,W-GGVRW-2MM,W,Hp,Ju,G,G,V,R,W,2,M,M,NULL,NULL
W-Ht-Pf-3VE,W-GHVVA-3VE,W,Ht,Pf,G,H,V,V,A,3,V,E,NULL,NULL
W-Hi-Ki-1OE,WO-GHCAA-1OE,W,Hi,Ki,G,H,C,A,A,1,O,E,NULL,NULL
W-Ni-Ip-2MM,W-GOGOA-2MM-N,W,Ni,Ip,G,O,G,O,A,2,M,M,NULL,N
W-Hp-Ic-2ME,W-VGVRA-2ME,W,Hp,Ic,V,G,V,R,A,2,M,E,NULL,NULL
W-Hp-Ju-3MM,W-GGVRW-3MM,W,Hp,Ju,G,G,V,R,W,3,M,M,NULL,NULL
W-Pi-Pf-3ME,W-GHVAA-3ME-N,W,Pi,Pf,G,H,V,A,A,3,M,E,NULL,N
W-Ti-Pf-1OE,W-GHCAA-1OE,W,Ti,Pf,G,H,C,A,A,1,O,E,NULL,NULL
W-Ni-Ic-2ME,W-VGGOA-2ME,W,Ni,Ic,V,G,G,O,A,2,M,E,NULL,NULL
W-Pq-Ip-3MM,W-GOGPA-3MM,W,Pq,Ip,G,O,G,P,A,3,M,M,NULL,NULL
W-Ht-In,W-GGVVO,W,Ht,In,G,G,V,V,O,NULL,NULL,NULL,NULL,NULL
P-3ME,P-3ME,P,NULL,NULL,NULL,NULL,NULL,NULL,NULL,3,M,E,NULL,NULL
S-3ME,S-3ME,S,NULL,NULL,NULL,NULL,NULL,NULL,NULL,3,M,E,NULL,NULL
S-1OE,S-1OE,S,NULL,NULL,NULL,NULL,NULL,NULL,NULL,1,O,E,NULL,NULL
S-1OE,S-1OE-N,S,NULL,NULL,NULL,NULL,NULL,NULL,NULL,1,O,E,NULL,N
S-1OM,S-1OM,S,NULL,NULL,NULL,NULL,NULL,NULL,NULL,1,O,M,NULL,NULL
S-2ME,S-2ME,S,NULL,NULL,NULL,NULL,NULL,NULL,NULL,2,M,E,NULL,NULL
S-2ME,S-2ME-N,S,NULL,NULL,NULL,NULL,NULL,NULL,NULL,2,M,E,NULL,N
S-2MM,S-2MM,S,NULL,NULL,NULL,NULL,NULL,NULL,NULL,2,M,M,NULL,NULL
S-2VE,S-2VE,S,NULL,NULL,NULL,NULL,NULL,NULL,NULL,2,V,E,NULL,NULL
S-2VE,S-2VE-N,S,NULL,NULL,NULL,NULL,NULL,NULL,NULL,2,V,E,NULL,N
S-2VM,S-2VM,S,NULL,NULL,NULL,NULL,NULL,NULL,NULL,2,V,M,NULL,NULL
S-3ME,S-3ME-N,S,NULL,NULL,NULL,NULL,NULL,NULL,NULL,3,M,E,NULL,N
S-3MM,S-3MM,S,NULL,NULL,NULL,NULL,NULL,NULL,NULL,3,M,M,NULL,NULL
S-3VE,S-3VE,S,NULL,NULL,NULL,NULL,NULL,NULL,NULL,3,V,E,NULL,NULL
S-3VE,S-3VE-N,S,NULL,NULL,NULL,NULL,NULL,NULL,NULL,3,V,E,NULL,N
S-3VM,S-3VM,S,NULL,NULL,NULL,NULL,NULL,NULL,NULL,3,V,M,NULL,NULL
W-Hp-Im-2ME,W-GGVRG-2ME-P,W,Hp,Im,G,G,V,R,G,2,M,E,NULL,P
W-Hp-Pf-2VE,W-GHVRA-2VE,W,Hp,Pf,G,H,V,R,A,2,V,E,NULL,NULL
W-Pi-Ki-3ME,WO-GHVAA-3ME,W,Pi,Ki,G,H,V,A,A,3,M,E,NULL,NULL
W-Pu-Pp-VMC,W-GGVPD-VMC,W,Pu,Pp,G,G,V,P,D,NULL,V,M,C,NULL
W-Pi-Ip-3ME,W-GOVAA-3ME-P,W,Pi,Ip,G,O,V,A,A,3,M,E,NULL,P
W-Ho-Pf-2VE,W-GHCPA-2VE,W,Ho,Pf,G,H,C,P,A,2,V,E,NULL,NULL
W-Nt-Pf-3OM,W-GHVRA-3OM,W,Nt,Pf,G,H,V,R,A,3,O,M,NULL,NULL
W-Hp-Im-2VM,W-GGVRG-2VM,W,Hp,Im,G,G,V,R,G,2,V,M,NULL,NULL
W-Hp-Pa-VMA,W-GGVRD-VMA,W,Hp,Pa,G,G,V,R,D,NULL,V,M,A,NULL
W-Ho-Pf-1OM,W-GHCPA-1OM,W,Ho,Pf,G,H,C,P,A,1,O,M,NULL,NULL
W-Tp-Pa-MEA,W-GGVRD-MEA,W,Tp,Pa,G,G,V,R,D,NULL,M,E,A,NULL
W-Hp-Ia,W-GGVRO,W,Hp,Ia,G,G,V,R,O,NULL,NULL,NULL,NULL,NULL
W-Pu-Pf-2MM,W-GHVPA-2MM,W,Pu,Pf,G,H,V,P,A,2,M,M,NULL,NULL
W-Hi-Ip-3ME,W-GOCAA-3ME-P,W,Hi,Ip,G,O,C,A,A,3,M,E,NULL,P
W-Pi-Im-2VM,W-GGVAG-2VM,W,Pi,Im,G,G,V,A,G,2,V,M,NULL,NULL
W-Ni-Ap-3OM,WO-GVGOA-3OM,W,Ni,Ap,G,V,G,O,A,3,O,M,NULL,NULL
W-Pi-Ki-3MM,WO-GHVAA-3MM,W,Pi,Ki,G,H,V,A,A,3,M,M,NULL,NULL
W-Pq-Ia,W-GGGPO,W,Pq,Ia,G,G,G,P,O,NULL,NULL,NULL,NULL,NULL
A-VEA,A-VEA-P,A,NULL,NULL,NULL,NULL,NULL,NULL,NULL,NULL,V,E,A,P
N-VEC,N-VEC-P,N,NULL,NULL,NULL,NULL,NULL,NULL,NULL,NULL,V,E,C,P
W-Pu-Pf-1OM,W-GHVPA-1OM,W,Pu,Pf,G,H,V,P,A,1,O,M,NULL,NULL
D-OE,D-OE,D,NULL,NULL,NULL,NULL,NULL,NULL,NULL,NULL,O,E,NULL,NULL
W-Pi-Ki-2ME,WO-GHVAA-2ME,W,Pi,Ki,G,H,V,A,A,2,M,E,NULL,NULL
W-Ni-Po-VEC,W-GGGOD-VEC,W,Ni,Po,G,G,G,O,D,NULL,V,E,C,NULL
W-Tp-Ip-3MM,W-GOVRA-3MM,W,Tp,Ip,G,O,V,R,A,3,M,M,NULL,NULL
W-Tp-Pf-3OM,W-GHVRA-3OM,W,Tp,Pf,G,H,V,R,A,3,O,M,NULL,NULL
W-Pq-Pp-VEA,W-GGGPD-VEA,W,Pq,Pp,G,G,G,P,D,NULL,V,E,A,NULL
E-MEC,E-MEC,E,NULL,NULL,NULL,NULL,NULL,NULL,NULL,NULL,M,E,C,NULL
A-VEA,A-VEA-L,A,NULL,NULL,NULL,NULL,NULL,NULL,NULL,NULL,V,E,A,L
W-Po-Ip-3ME,W-GOVAA-3ME,W,Po,Ip,G,O,V,A,A,3,M,E,NULL,NULL
W-Pi-Pa-VMC,W-GGVAD-VMC,W,Pi,Pa,G,G,V,A,D,NULL,V,M,C,NULL
W-Et-Pf-3OM,W-GHVRA-3OM,W,Et,Pf,G,H,V,R,A,3,O,M,NULL,NULL
W-Po-Pf-1OE,W-GHVAA-1OE,W,Po,Pf,G,H,V,A,A,1,O,E,NULL,NULL
W-Ho-Ip-1OE,W-GOCPA-1OE,W,Ho,Ip,G,O,C,P,A,1,O,E,NULL,NULL
W-Ho-Ip-2MM,W-GOCPA-2MM-N,W,Ho,Ip,G,O,C,P,A,2,M,M,NULL,N
W-Ho-Ip-3VM,W-GOCPA-3VM,W,Ho,Ip,G,O,C,P,A,3,V,M,NULL,NULL
W-Pa-Ip-3MM,W-GOVPA-3MM,W,Pa,Ip,G,O,V,P,A,3,M,M,NULL,NULL
W-Pa-Pf-3OM,W-GHVPA-3OM,W,Pa,Pf,G,H,V,P,A,3,O,M,NULL,NULL
W-Po-Pf-3ME,W-GHVAA-3ME,W,Po,Pf,G,H,V,A,A,3,M,E,NULL,NULL
W-Qa-Ic-3VE,W-VGGAA-3VE-P,W,Qa,Ic,V,G,G,A,A,3,V,E,NULL,P
WA-Pe-Im-2ME,WA-GGGAG-2ME,WA,Pe,Im,G,G,G,A,G,2,M,E,NULL,NULL
WA-Pe-Im-2MM,WA-GGGAG-2MM,WA,Pe,Im,G,G,G,A,G,2,M,M,NULL,NULL
WA-Pe-In,WA-GGGAO,WA,Pe,In,G,G,G,A,O,NULL,NULL,NULL,NULL,NULL
WA-Pe-Ip-1OM,WA-GOGAA-1OM,WA,Pe,Ip,G,O,G,A,A,1,O,M,NULL,NULL
WA-Pe-Ip-2MM,WA-GOGAA-2MM,WA,Pe,Ip,G,O,G,A,A,2,M,M,NULL,NULL
WA-Pe-Ip-3ME,WA-GOGAA-3ME,WA,Pe,Ip,G,O,G,A,A,3,M,E,NULL,NULL
WA-Pe-Pa-MEA,WA-GGGAD-MEA,WA,Pe,Pa,G,G,G,A,D,NULL,M,E,A,NULL
WA-Pe-Pa-MMA,WA-GGGAD-MMA,WA,Pe,Pa,G,G,G,A,D,NULL,M,M,A,NULL
WA-Pe-Pf-1OE,WA-GHGAA-1OE,WA,Pe,Pf,G,H,G,A,A,1,O,E,NULL,NULL
WA-Pe-Pf-1OM,WA-GHGAA-1OM,WA,Pe,Pf,G,H,G,A,A,1,O,M,NULL,NULL
WA-Pe-Pf-3ME,WA-GHGAA-3ME,WA,Pe,Pf,G,H,G,A,A,3,M,E,NULL,NULL
WA-Pe-Pf-3MM,WA-GHGAA-3MM,WA,Pe,Pf,G,H,G,A,A,3,M,M,NULL,NULL
WA-Pe-Pf-3VE,WA-GHGAA-3VE,WA,Pe,Pf,G,H,G,A,A,3,V,E,NULL,NULL
N-MME,N-MME,N,NULL,NULL,NULL,NULL,NULL,NULL,NULL,NULL,M,M,E,NULL
N-MEE,N-MEE,N,NULL,NULL,NULL,NULL,NULL,NULL,NULL,NULL,M,E,E,NULL
WA-He-Ip-2MM,WA-GOGOA-2MM,WA,He,Ip,G,O,G,O,A,2,M,M,NULL,NULL
WA-He-Ip-3ME,WA-GOGOA-3ME,WA,He,Ip,G,O,G,O,A,3,M,E,NULL,NULL
WA-He-Po-MEA,WA-GGGOD-MEA,WA,He,Po,G,G,G,O,D,NULL,M,E,A,NULL
WA-He-Po-VEA,WA-GGGOD-VEA,WA,He,Po,G,G,G,O,D,NULL,V,E,A,NULL
WA-Pe-Pa-VEA,WA-GGGAD-VEA,WA,Pe,Pa,G,G,G,A,D,NULL,V,E,A,NULL
WA-Pe-Pf-2ME,WA-GHGAA-2ME,WA,Pe,Pf,G,H,G,A,A,2,M,E,NULL,NULL
WA-Ho-Pf-3ME,WA-GHCPA-3ME,WA,Ho,Pf,G,H,C,P,A,3,M,E,NULL,NULL
WA-Hf-In,WA-GGCAO,WA,Hf,In,G,G,C,A,O,NULL,NULL,NULL,NULL,NULL
WA-Hf-Ip-3MM,WA-GOCAA-3MM,WA,Hf,Ip,G,O,C,A,A,3,M,M,NULL,NULL
WA-Hf-Ip-3VE,WA-GOCAA-3VE,WA,Hf,Ip,G,O,C,A,A,3,V,E,NULL,NULL
WA-Pe-Ip-3MM,WA-GOGAA-3MM,WA,Pe,Ip,G,O,G,A,A,3,M,M,NULL,NULL
W-Pu-Ip-2ME,W-GOVPA-2ME,W,Pu,Ip,G,O,V,P,A,2,M,E,NULL,NULL
W-Po-Pf-3OM,W-GHVAA-3OM,W,Po,Pf,G,H,V,A,A,3,O,M,NULL,NULL
W-Pi-Pf-3VM,W-GHVAA-3VM,W,Pi,Pf,G,H,V,A,A,3,V,M,NULL,NULL
W-Ni-Ip-2VM,W-GOGOA-2VM,W,Ni,Ip,G,O,G,O,A,2,V,M,NULL,NULL
BIJW,BIJW-P,BIJW,NULL,NULL,NULL,NULL,NULL,NULL,NULL,NULL,NULL,NULL,NULL,P
WA-Pe-Pf-2MM,WA-GHGAA-2MM,WA,Pe,Pf,G,H,G,A,A,2,M,M,NULL,NULL
WA-Pi-Pf-3ME,WA-GHGPA-3ME,WA,Pi,Pf,G,H,G,P,A,3,M,E,NULL,NULL
WA-Ha-Po-MMA,WA-GGVOD-MMA,WA,Ha,Po,G,G,V,O,D,NULL,M,M,A,NULL
WA-Hf-Pf-3ME,WA-GHCAA-3ME,WA,Hf,Pf,G,H,C,A,A,3,M,E,NULL,NULL
WA-Hf-Pf-3MM,WA-GHCAA-3MM,WA,Hf,Pf,G,H,C,A,A,3,M,M,NULL,NULL
WA-Ho-Pf-3MM,WA-GHCPA-3MM,WA,Ho,Pf,G,H,C,P,A,3,M,M,NULL,NULL
WA-Ho-Pf-3VE,WA-GHCPA-3VE,WA,Ho,Pf,G,H,C,P,A,3,V,E,NULL,NULL
WA-Pe-Ip-1OE,WA-GOGAA-1OE,WA,Pe,Ip,G,O,G,A,A,1,O,E,NULL,NULL
N-VME,N-VME,N,NULL,NULL,NULL,NULL,NULL,NULL,NULL,NULL,V,M,E,NULL
WA-Ha-Ip-3MM,WA-GOVOA-3MM,WA,Ha,Ip,G,O,V,O,A,3,M,M,NULL,NULL
WA-Hf-Pa-MEA,WA-GGCAD-MEA,WA,Hf,Pa,G,G,C,A,D,NULL,M,E,A,NULL
WA-Af-In,WA-GGCAO,WA,Af,In,G,G,C,A,O,NULL,NULL,NULL,NULL,NULL
WA-Hf-Im-2MM,WA-GGCAG-2MM,WA,Hf,Im,G,G,C,A,G,2,M,M,NULL,NULL
WA-Hf-Ip-1OM,WA-GOCAA-1OM,WA,Hf,Ip,G,O,C,A,A,1,O,M,NULL,NULL
WA-Hf-Ip-2MM,WA-GOCAA-2MM,WA,Hf,Ip,G,O,C,A,A,2,M,M,NULL,NULL
WA-Hf-Ip-3ME,WA-GOCAA-3ME,WA,Hf,Ip,G,O,C,A,A,3,M,E,NULL,NULL
WA-Pa-Ip-1OE,WA-GOVAA-1OE,WA,Pa,Ip,G,O,V,A,A,1,O,E,NULL,NULL
WA-Pa-Ip-1OM,WA-GOVAA-1OM,WA,Pa,Ip,G,O,V,A,A,1,O,M,NULL,NULL
WA-Pa-Ip-3ME,WA-GOVAA-3ME,WA,Pa,Ip,G,O,V,A,A,3,M,E,NULL,NULL
WA-Hf-Ip-1OE,WA-GOCAA-1OE,WA,Hf,Ip,G,O,C,A,A,1,O,E,NULL,NULL
WA-Hf-Pa-MMA,WA-GGCAD-MMA,WA,Hf,Pa,G,G,C,A,D,NULL,M,M,A,NULL
WA-Hf-Pf-1OM,WA-GHCAA-1OM,WA,Hf,Pf,G,H,C,A,A,1,O,M,NULL,NULL
WA-Hf-Pf-2ME,WA-GHCAA-2ME,WA,Hf,Pf,G,H,C,A,A,2,M,E,NULL,NULL
WA-Pe-Ip-2ME,WA-GOGAA-2ME,WA,Pe,Ip,G,O,G,A,A,2,M,E,NULL,NULL
WA-Pe-Pa-MMC,WA-GGGAD-MMC,WA,Pe,Pa,G,G,G,A,D,NULL,M,M,C,NULL
WA-Pe-Pp-MEA,WA-GGGPD-MEA,WA,Pe,Pp,G,G,G,P,D,NULL,M,E,A,NULL
WA-He-Ip-3MM,WA-GOGOA-3MM,WA,He,Ip,G,O,G,O,A,3,M,M,NULL,NULL
WA-Pi-Pf-3VE,WA-GHGPA-3VE,WA,Pi,Pf,G,H,G,P,A,3,V,E,NULL,NULL
WA-Pa-Ip-2MM,WA-GOVAA-2MM,WA,Pa,Ip,G,O,V,A,A,2,M,M,NULL,NULL
WA-Pa-Ip-3MM,WA-GOVAA-3MM,WA,Pa,Ip,G,O,V,A,A,3,M,M,NULL,NULL
WA-Pa-Pf-3ME,WA-GHVAA-3ME,WA,Pa,Pf,G,H,V,A,A,3,M,E,NULL,NULL
WA-Pe-Pp-VEA,WA-GGGPD-VEA,WA,Pe,Pp,G,G,G,P,D,NULL,V,E,A,NULL
WA-Hf-Pf-2MM,WA-GHCAA-2MM,WA,Hf,Pf,G,H,C,A,A,2,M,M,NULL,NULL
WA-Ea-Ip-3ME,WA-GOVRA-3ME,WA,Ea,Ip,G,O,V,R,A,3,M,E,NULL,NULL
WA-Ea-Ip-3MM,WA-GOVRA-3MM,WA,Ea,Ip,G,O,V,R,A,3,M,M,NULL,NULL
WA-Ea-Pf-3ME,WA-GHVRA-3ME,WA,Ea,Pf,G,H,V,R,A,3,M,E,NULL,NULL
WA-Pa-Pf-3MM,WA-GHVAA-3MM,WA,Pa,Pf,G,H,V,A,A,3,M,M,NULL,NULL
WA-Pa-Pp-VEA,WA-GGVPD-VEA,WA,Pa,Pp,G,G,V,P,D,NULL,V,E,A,NULL
WA-Pe-Ip-3VE,WA-GOGAA-3VE,WA,Pe,Ip,G,O,G,A,A,3,V,E,NULL,NULL
WA-Pe-Pa-VMA,WA-GGGAD-VMA,WA,Pe,Pa,G,G,G,A,D,NULL,V,M,A,NULL
A-VEE,A-VEE,A,NULL,NULL,NULL,NULL,NULL,NULL,NULL,NULL,V,E,E,NULL
A-VME,A-VME,A,NULL,NULL,NULL,NULL,NULL,NULL,NULL,NULL,V,M,E,NULL
WA-He-In,WA-GGGOO,WA,He,In,G,G,G,O,O,NULL,NULL,NULL,NULL,NULL
WA-Pa-In,WA-GGVAO,WA,Pa,In,G,G,V,A,O,NULL,NULL,NULL,NULL,NULL
WA-Hf-Pa-VEA,WA-GGCAD-VEA,WA,Hf,Pa,G,G,C,A,D,NULL,V,E,A,NULL
WA-Hf-Im-2ME,WA-GGCAG-2ME,WA,Hf,Im,G,G,C,A,G,2,M,E,NULL,NULL
WA-Pe-Pa-MEC,WA-GGGAD-MEC,WA,Pe,Pa,G,G,G,A,D,NULL,M,E,C,NULL
WA-Pa-Pf-1OE,WA-GHVAA-1OE,WA,Pa,Pf,G,H,V,A,A,1,O,E,NULL,NULL
WA-Pa-Pp-MEA,WA-GGVPD-MEA,WA,Pa,Pp,G,G,V,P,D,NULL,M,E,A,NULL
WA-Pe-Ip-3VM,WA-GOGAA-3VM,WA,Pe,Ip,G,O,G,A,A,3,V,M,NULL,NULL
WA-Af-Pf-3ME,WA-GHCAA-3ME,WA,Af,Pf,G,H,C,A,A,3,M,E,NULL,NULL
WA-Hf-Ip-2ME,WA-GOCAA-2ME,WA,Hf,Ip,G,O,C,A,A,2,M,E,NULL,NULL
WA-Hf-Pf-1OE,WA-GHCAA-1OE,WA,Hf,Pf,G,H,C,A,A,1,O,E,NULL,NULL
WA-Pe-Im-2VE,WA-GGGAG-2VE,WA,Pe,Im,G,G,G,A,G,2,V,E,NULL,NULL
WA-Pe-Pa-MME,WA-GGGAD-MME,WA,Pe,Pa,G,G,G,A,D,NULL,M,M,E,NULL
WA-He-Ip-3VE,WA-GOGOA-3VE,WA,He,Ip,G,O,G,O,A,3,V,E,NULL,NULL
WA-He-Po-MMA,WA-GGGOD-MMA,WA,He,Po,G,G,G,O,D,NULL,M,M,A,NULL
WA-Pi-Pf-3MM,WA-GHGPA-3MM,WA,Pi,Pf,G,H,G,P,A,3,M,M,NULL,NULL
WA-Pa-Pp-VME,WA-GGVPD-VME,WA,Pa,Pp,G,G,V,P,D,NULL,V,M,E,NULL
WA-Pa-Pa-MEC,WA-GGVAD-MEC,WA,Pa,Pa,G,G,V,A,D,NULL,M,E,C,NULL
WA-Pe-Pp-MMA,WA-GGGPD-MMA,WA,Pe,Pp,G,G,G,P,D,NULL,M,M,A,NULL
WA-Pa-Pa-MEA,WA-GGVAD-MEA,WA,Pa,Pa,G,G,V,A,D,NULL,M,E,A,NULL
WA-Pa-Pf-2ME,WA-GHVAA-2ME,WA,Pa,Pf,G,H,V,A,A,2,M,E,NULL,NULL
WA-Pa-Im-2ME,WA-GGVAG-2ME,WA,Pa,Im,G,G,V,A,G,2,M,E,NULL,NULL
WA-Ha-Po-MEA,WA-GGVOD-MEA,WA,Ha,Po,G,G,V,O,D,NULL,M,E,A,NULL
WA-He-Pf-2ME,WA-GHGOA-2ME,WA,He,Pf,G,H,G,O,A,2,M,E,NULL,NULL
WA-He-Pf-3ME,WA-GHGOA-3ME,WA,He,Pf,G,H,G,O,A,3,M,E,NULL,NULL
WA-He-Pf-3VE,WA-GHGOA-3VE,WA,He,Pf,G,H,G,O,A,3,V,E,NULL,NULL
WA-Ee-Pf-3VE,WA-GHGOA-3VE,WA,Ee,Pf,G,H,G,O,A,3,V,E,NULL,NULL
N-VTE,N-VTE,N,NULL,NULL,NULL,NULL,NULL,NULL,NULL,NULL,V,T,E,NULL
WA-Hf-Pf-3VE,WA-GHCAA-3VE,WA,Hf,Pf,G,H,C,A,A,3,V,E,NULL,NULL
WA-Ha-Po-VEA,WA-GGVOD-VEA,WA,Ha,Po,G,G,V,O,D,NULL,V,E,A,NULL
A-OEE,A-OEE,A,NULL,NULL,NULL,NULL,NULL,NULL,NULL,NULL,O,E,E,NULL
WA-Ha-Ip-3VE,WA-GOVOA-3VE,WA,Ha,Ip,G,O,V,O,A,3,V,E,NULL,NULL
WA-Pa-Im-2MM,WA-GGVAG-2MM,WA,Pa,Im,G,G,V,A,G,2,M,M,NULL,NULL
WA-Hf-Pp-MEA,WA-GGCPD-MEA,WA,Hf,Pp,G,G,C,P,D,NULL,M,E,A,NULL
N-OEE,N-OEE,N,NULL,NULL,NULL,NULL,NULL,NULL,NULL,NULL,O,E,E,NULL
WA-Pe-Pa-VEE,WA-GGGAD-VEE,WA,Pe,Pa,G,G,G,A,D,NULL,V,E,E,NULL
WA-Pa-Ip-2ME,WA-GOVAA-2ME,WA,Pa,Ip,G,O,V,A,A,2,M,E,NULL,NULL
WA-Sf-In,WA-GGCAO,WA,Sf,In,G,G,C,A,O,NULL,NULL,NULL,NULL,NULL
WA-Sf-Ip-3ME,WA-GOCAA-3ME,WA,Sf,Ip,G,O,C,A,A,3,M,E,NULL,NULL
WA-Sf-Pa-MEA,WA-GGCAD-MEA,WA,Sf,Pa,G,G,C,A,D,NULL,M,E,A,NULL
WA-Sf-Pf-3ME,WA-GHCAA-3ME,WA,Sf,Pf,G,H,C,A,A,3,M,E,NULL,NULL
WA-Pa-Pp-MMA,WA-GGVPD-MMA,WA,Pa,Pp,G,G,V,P,D,NULL,M,M,A,NULL
WA-Ha-Pf-3ME,WA-GHVOA-3ME,WA,Ha,Pf,G,H,V,O,A,3,M,E,NULL,NULL
WA-He-Pf-3MM,WA-GHGOA-3MM,WA,He,Pf,G,H,G,O,A,3,M,M,NULL,NULL
WA-Ha-Ip-3ME,WA-GOVOA-3ME,WA,Ha,Ip,G,O,V,O,A,3,M,E,NULL,NULL
WA-Af-Im-2ME,WA-GGCAG-2ME,WA,Af,Im,G,G,C,A,G,2,M,E,NULL,NULL
WA-Af-Im-2MM,WA-GGCAG-2MM,WA,Af,Im,G,G,C,A,G,2,M,M,NULL,NULL
WA-Pa-Pa-MMA,WA-GGVAD-MMA,WA,Pa,Pa,G,G,V,A,D,NULL,M,M,A,NULL
WA-Ha-Pf-2ME,WA-GHVOA-2ME,WA,Ha,Pf,G,H,V,O,A,2,M,E,NULL,NULL
WA-Pi-Pf-2ME,WA-GHGPA-2ME,WA,Pi,Pf,G,H,G,P,A,2,M,E,NULL,NULL
WA-Hf-Pa-VEC,WA-GGCAD-VEC,WA,Hf,Pa,G,G,C,A,D,NULL,V,E,C,NULL
WA-Ea-Pf-3MM,WA-GHVRA-3MM,WA,Ea,Pf,G,H,V,R,A,3,M,M,NULL,NULL
WA-Pe-Pp-VMA,WA-GGGPD-VMA,WA,Pe,Pp,G,G,G,P,D,NULL,V,M,A,NULL
WA-Pa-Pa-VEA,WA-GGVAD-VEA,WA,Pa,Pa,G,G,V,A,D,NULL,V,E,A,NULL
WA-Hf-Pa-VMA,WA-GGCAD-VMA,WA,Hf,Pa,G,G,C,A,D,NULL,V,M,A,NULL
WA-Ee-Pf-3MM,WA-GHGOA-3MM,WA,Ee,Pf,G,H,G,O,A,3,M,M,NULL,NULL
A-MME,N-MME,N,NULL,NULL,NULL,NULL,NULL,NULL,NULL,NULL,M,M,E,NULL
WA-Hs-Ip-3MM,WA-GOCRA-3MM,WA,Hs,Ip,G,O,C,R,A,3,M,M,NULL,NULL
WA-Sf-Pf-3MM,WA-GHCAA-3MM,WA,Sf,Pf,G,H,C,A,A,3,M,M,NULL,NULL
WA-Ha-In,WA-GGVOO,WA,Ha,In,G,G,V,O,O,NULL,NULL,NULL,NULL,NULL
WA-Ha-Pf-3MM,WA-GHVOA-3MM,WA,Ha,Pf,G,H,V,O,A,3,M,M,NULL,NULL
W-Pq-Pf-2VE,W-GHGPA-2VE,W,Pq,Pf,G,H,G,P,A,2,V,E,NULL,NULL
