id,parsing,num,syntax,vertaling,kort,opmerking
1,V-NIAP,0,NULL,_ENDE,"met een (onvoltooid) deelwoord, zonder 'ZIJNDE' erachter","Al geeft -ZIJNDE het voortgaande karakter van de handeling juist weer, in de vertaling moet dit worden weggelaten, en wordt het Nederlandse (onvoltooide) deelwoord weergegeven."
2,V-NIAP,1,NULL,_,als een gewone tegenwoordige tijd,"Het Grieks gebruikt het deelwoord veel vaker dan in het Nederlands mogelijk is, zodat het geregeld met een simpele tegenwoordige tijd vertaald moet worden."
3,D,0,{role:io},aan,aan,"De 3e naamval (datief) geeft in de kern antwoord op de vraag: 'waar', en wordt zo vaak gebruikt om het meewerkend voorwerp uit te drukken, wat meestal vertaald wordt met 'aan'."
4,D,2,{role:io},voor,voor,"Soms drukt het meewerkend voorwerp uit dat iets 'voor' iemand is of gedaan wordt, en dan wordt dit met 'voor' vertaald"
5,A,0,NULL,NULL,NULL,"De 4e naamval (accusatief) geeft in de kern antwoord op de vraag: 'waar heen', en geeft zo gewoonlijk het lijdend voorwerp aan, en hoeft niet vertaald te worden in het Nederlands; woordvolgorde geeft meestal genoeg duidelijkheid."
6,G,0,NULL,van,van,"De 2e naamval (genitief) geeft in de kern antwoord op de vraag: 'waar vandaan', en wijst zodoende naar de oorsprong. Daarom is het vaak gebruikt om bezit aan te duiden, en past in het Nederlands het beste de vertaling 'van'."
7,G,1,{na:PREP|ADV},NULL,NULL,"De 2e naamval geeft in de kern antwoord op de vraag: 'waar vandaan'. Verschillende Griekse preposities en partikels geven antwoord op deze vraag en gaan daardoor samen met de 2e naamval: de woorden direct na zo'n voorzetsel hebben die naamval. In het Nederlands hoeft de naamval daardoor niet extra met 'van' vertaald te worden, het voorzetsel geeft al antwoord op de vraag 'waar vandaan'."
8,N,0,NULL,NULL,NULL,"De 1e naamval, de nominatief, geeft in de kern antwoord op de vraag: 'wie', en geeft zo meestal het onderwerp aan. In het Nederlands hoeft de naamval daarom niet apart vertaald te worden."
9,D,1,{na:PREP},"-, met","-, met","De 3e naamval geeft in de kern antwoord op de vraag: 'waar'. Verschillende Griekse preposities geven antwoord op deze vraag en gaan daardoor samen met de 3e naamval: de woorden direct na zo'n voorzetsel hebben die naamval. In het Nederlands hoeft de naamval daardoor meestal niet extra met 'aan' vertaald te worden, het voorzetsel geeft al antwoord op de vraag 'waar'. Alleen bij de prepositie 'tezamen' wordt de naamval vertaald als 'met'."
10,A,1,{na:PREP},NULL,NULL,"De 4e naamval geeft in de kern antwoord op de vraag: 'waarheen'. Verschillende Griekse preposities geven antwoord op deze vraag en gaan daardoor samen met de 4e naamval: de woorden direct na zo'n voorzetsel hebben die naamval. Evenals bij het gebruik van de naamval om een lijdend voorwerp aan te geven, hoeft het hier niet met een extra woord in het Nederlands vertaald te worden."
11,V-NNAP,0,NULL,_END,als een deelwoord,"Als in het Nederlands ook het deelwoord gebruikt kan worden, zal het participium zo vertaald worden."
12,V-NNAP,1,{context:narratief},_DE,als een gewone verleden tijd,"Als in het Nederlands het beter past in plaats van het deelwoord een gewoon werkwoord te gebruiken, en de context een verhaal in de verleden tijd vertelt, dan wordt het deelwoord weergegeven als een simpele verleden tijd."
13,V-NNAP,2,{context:feit},_,als een gewone tegenwoordige tijd,"Als in het Nederlands het beter past in plaats van het deelwoord een gewoon werkwoord te gebruiken, en het woord in de context een algemeen feit weergeeft, dan wordt het deelwoord weergegeven als een simpele tegenwoordige tijd."
14,V-FIMS,0,{na:COND|*dat},_^c,"als een tegenwoordige tijd met een verhoogde ""c""","Als al een woord vooraf gaat dat een conditie aangeeft, zoals 'als', of een woord waarin al 'dat' zit, zoals 'zodat' of 'opdat', dan past het beter in het Nederlands om niet alsnog de conjunctief weer te geven met 'dat' of 'zal/zou', maar met een eenvoudige tegenwoordige tijd, een een verhoogde c om aan te geven dat het een conjunctief betreft."
15,V-RIAI,0,NULL,_,als een gewone tegenwoordige tijd,"Al geeft deze Griekse vorm een voortgaande handeling weer, laat dit zich moeilijk overzetten in het Nederlands als 'ik ben lopende', omdat die manier van uitdrukking niet meer zo in het Nederlands gebruikt wordt. Meestal vertalen we daarom de vorm met een simpele tegenwoordige tijd."
16,V-RIMI,0,{context:!passief},IK-_,als een gewone tegenwoordige tijd,"Omdat het Nederlands geen mediaal kent, alleen actief en passief, moet uit de context worden opgemaakt wat er bedoelt wordt. Als duidelijk is dat de handeling niet op het onderwerp wordt uitgevoerd (passief), dan past het best een gewone tegenwoordige tijd."
17,V-RIMI,1,{context:passief},IK-WORD-GE_D/IK-LAAT-ME-_,als een passieve tegenwoordige tijd,"Omdat het Nederlands geen mediaal kent, alleen actief en passief, moet uit de context worden opgemaakt wat er bedoelt wordt. Als duidelijk is dat de handeling op het onderwerp wordt uitgevoerd (passief), dan past het best een passieve vertaling als 'ik word gelopen' of 'ik laat me lopen'."
18,V-NNAN,0,NULL,_EN,NULL,Vaak kan de aorist infinitief gewoon worden vertaald met een simpele infinitief.
19,D,3,{role:io},"-, voor, tot, tegen, met","-, voor, tot, tegen, met","Geregeld, als de 3e naamval wordt gebruikt om een meewerkend voorwerp aan te geven, wordt het in het Nederlands toch niet met 'aan' vertaald. Dit is afhankelijk van het vertaalwoord. Sommige woorden in het Nederlands gaan goed samen met 'aan', anderen vereisen woorden als 'voor', 'tot' of gebruiken juist geen extra woord om het meewerkend voorwerp uit te drukken."
20,V-FIMS,1,NULL,ZOUDEN-_,met het hulpwerkwoord 'zouden',"Om het onzekere karakter van de conjunctief weer te geven, kan in de vertaling vaak het hulpwerkwoord 'zouden' gebruikt worden."
21,V-NNMI,0,{context:!passief},IK-_,als een gewone tegenwoordige tijd,"Omdat het Nederlands geen mediaal kent, alleen actief en passief, moet uit de context worden opgemaakt wat er bedoelt wordt. Als duidelijk is dat de handeling niet op het onderwerp wordt uitgevoerd (passief), dan past het best een gewone tegenwoordige tijd."
22,V-RIAM,0,NULL,LAAT-HIJ-_,zonder het achtervoegsel 'ENDE',"Al geeft -ENDE goed het voortgaande karakter van de handeling weer, in het Nederlands kunnen we dit niet zo vertalen."
23,V-RIAM,1,NULL,ZIJ-HIJ-_,als 'zij hij',"Als met de imperatief een sterke wens wordt uitgedrukt, is 'laat hij' een te vrijblijvende vertaling, en is 'zij hij' sterker."
24,V-RCAI,0,NULL,IK-HEB-GE_D,NULL,NULL
25,V-NNAI,0,{context:feit},IK-_,NULL,"Als de aorist gebruikt wordt om een algemene waarheid te weer te geven, kunnen we dit het best vertalen met een simpele tegenwoordige tijd."
26,V-NNAI,1,{context:narratief},IK-_DE,als een gewone verleden tijd,"Omdat de aorist een handeling in zijn geheel weergeeft, met eventueel begin en eind van de handeling, krijg je, als je meerdere aoristen achter elkaar zet, het idee van opeenvolgende handelingen: een verhaallijn. Als dat verhaal in het verleden afspeelt, past in het Nederlands een verleden tijd het beste."
27,D,4,{role:o},NULL,NULL,"De 3e naamval wordt bij sommige werkwoorden gebruikt om juist het lijdend voorwerp aan te geven, en wordt dan, net als de 4e naamval die vaak deze functie vervuld, in het Nederlands onvertaald gelaten."
28,V-NIAN,0,NULL,_EN,als een gewone onbepaalde wijs,"Al geeft ENDE-te-ZIJN goed het voortgaande karakter weer, dit kan in het Nederlands niet zo vertaald worden. Daarom wordt het meestal met een eenvoudige infinitief vertaald."
29,V-PNAI,0,NULL,IK-_DE,NULL,NULL
30,V-PNAI,1,NULL,(zou) IK-_,als een gewone tegenwoordige tijd,"Gecombineerd met 'ook maar', wordt in het Grieks een uitdrukking gevormd die in het Nederlands beter met '(zou) ik' en een tegenwoordige tijd uitgedrukt kan worden."
31,V-PNPI,0,NULL,IK-WERD-GE_D,NULL,NULL
32,G,2,{woord:zsnw|pvnw},NULL,NULL,"Bij zelstandige of persoonlijke voornaamwoorden past het in het Nederlands soms beter om bijv. 'mijn' in plaats van 'van mij' te vertalen. Dan wordt de naamval dus niet weergegeven met een los woord, maar zit het in het persoonlijk voornaamwoord. Bij zelfstandige naamwoorden kan de bezitsrelatie ook met -s vertaald worden, 'Gods' i.p.v. 'van God'."
33,V-NIAP,2,{context:vt},_DE,als een gewone verleden tijd,"Het Grieks gebruikt het deelwoord veel vaker dan in het Nederlands mogelijk is, en als de context dan in de verleden tijd is geplaatst, dan kan de vorm beter met een simpele verleden tijd vertaald worden."
34,G,3,NULL,"-, voor, onder, bij, met, aan","-, voor, onder, bij, met","In het Grieks is het soms normaal om met de 2e naamval een relatie tussen twee woorden uit te drukken, terwijl het in het Nederlands dan niet gebruikelijk is om deze relatie met 'van' uit te drukken, maar met andere woorden als 'voor', of zelfs zonder extra woord."
35,V-RIMS,0,{na:COND|*dat},_^c,"als een gewone tegenwoordige tijd met een verhogode ""c""","Als al een woord vooraf gaat dat een conditie aangeeft, zoals 'als', of een woord waarin al 'dat' zit, zoals 'zodat' of 'opdat', dan past het beter in het Nederlands om niet alsnog de conjunctief weer te geven met 'dat' of 'zal/zou', maar met een eenvoudige tegenwoordige tijd, een een verhoogde c om aan te geven dat het een conjunctief betreft."
36,V-NNMI,1,{context:!passief&narratief},IK-_DE,als een gewone verleden tijd,"Omdat het Nederlands geen mediaal kent, alleen actief en passief, moet uit de context worden opgemaakt wat er bedoelt wordt. Als duidelijk is dat de handeling niet op het onderwerp wordt uitgevoerd (passief), en in de context een verhaal in het verleden wordt verteld, dan past het best een gewone verleden tijd."
37,V-FNMM,0,NULL,_,als een gewone gebiedende wijs,"In het Nederlands past het -je! gedeelte vaak niet, en wordt dan weggelaten in de vertaling."
38,V-NIMP,0,NULL,_ENDE,"met een (onvoltooid) deelwoord, zonder 'ZIJNDE'","Al geeft -ZIJNDE het voortgaande karakter van de handeling juist weer, in de vertaling moet dit worden weggelaten. Als uit de context duidelijk is dat de handeling niet passief is, op de handeling wordt uitgevoerd, dan wordt het Nederlandse (onvoltooide) deelwoord weergegeven."
39,V-NIMP,1,{role:adv|pc},_,als een bijvoeglijk naamwoord,"Soms gebruikt het Grieks het deelwoord als bijvoeglijk naamwoord bij een zelfstandig naamwoord, dan wordt het in het Nederlands ook niet als werkwoord vertaald."
40,D,5,NULL,"-, van","-, van","In het Grieks is het soms normaal om met de 3e naamval een relatie tussen twee woorden uit te drukken, terwijl het in het Nederlands dan niet gebruikelijk is om deze relatie met 'aan' uit te drukken, maar met andere woorden als 'van', of zelfs zonder extra woord."
41,V-RIAS,0,{na:COND|*dat},_^c,"als een gewone tegenwoordige tijd, met een verhoogde ""c""","Als al een woord vooraf gaat dat een conditie aangeeft, zoals 'als', of een woord waarin al 'dat' zit, zoals 'zodat' of 'opdat', dan past het beter in het Nederlands om niet alsnog de conjunctief weer te geven met 'dat' of 'zal/zou', maar met een eenvoudige tegenwoordige tijd, een een verhoogde c om aan te geven dat het een conjunctief betreft."
42,V-RIAS,1,NULL,ZOUDEN-_,met het hulpwerkwoord 'zouden',"Om het onzekere karakter van de conjunctief weer te geven, kan in de vertaling vaak het hulpwerkwoord 'zouden' gebruikt worden."
43,V-NNPI,0,NULL,IK-WORD-GE_D,NULL,NULL
44,V-NNPI,1,{context:narratief},IK-WERD-GE_D,als een passieve verleden tijd,"Als de context een verhaal in de verleden tijd vertelt, dan wordt deze vorm in het Nederlands beter weergegeven in de verleden tijd."
45,V-NNPN,0,NULL,GE_D-WORDEN,NULL,NULL
46,V-NNAN,1,{functieClause:sub},OM-TE-_EN,met de toevoeging 'om te',"Als de infinitief wordt gebruikt om in een bijzin de reden of het doel van de handeling in de hoofdzin aan te geven, voegen we in het Nederlands 'om' toe."
47,V-FIAI,0,NULL,IK-ZAL-_EN,zonder de achtervoegsels 'ENDE-ZIJN',"Al geeft -ENDE-ZIJN het voortgaande karakter van de handeling goed weer, dit kan niet zo vertaald worden. In het Nederlands past een infinitief met 'zal' voor de toekomende tijd beter."
48,V-FIAI,1,{ipv:conjunctief},(OM)-TE-_EN,"in de onbepaalde wijs, al dan niet met de toevoeging 'om te'","Als het futurum wordt gebruikt om een reden of doel aan te geven, past het in het Nederlands beter om de vorm als infinitief te vertalen, om zo een doel/reden uit te drukken."
49,V-NNAI,2,{context:afgerond},IK-HEB-GE_D,als een voltooid tegenwoordige tijd,"Als de context er duidelijk op wijst dat de handeling afgerond moet zijn, dan past het soms in het Nederlands beter het te vertalen met een voltooide tegenwoordige tijd."
50,V-NIAP,3,NULL,_,als een zelfstandig naamwoord,"In combinatie met een lidwoord of het werkwoord 'zijn', wordt in het Grieks het deelwoord ook vaak gebruikt als een zelfstandig naamwoord, en dient dan in het Nederlands ook zo vertaald te worden."
51,V-RCMI,0,{context:!passief},IK-HEB-GE_D,als een voltooid tegenwoordige tijd,"Omdat het Nederlands geen mediaal kent, alleen actief en passief, moet uit de context worden opgemaakt wat er bedoelt wordt. Als duidelijk is dat de handeling niet op het onderwerp wordt uitgevoerd (passief), dan past het best een voltooid tegenwoordige tijd."
52,V-RCMI,1,{context:passief},IK-WORD-GE_D/MIJ-WAS-GE_D,als een passieve tegenwoordige tijd,"Omdat het Nederlands geen mediaal kent, alleen actief en passief, moet uit de context worden opgemaakt wat er bedoelt wordt. Als duidelijk is dat de handeling op het onderwerp wordt uitgevoerd (passief), dan past het best een passieve vertaling als 'ik word gelopen' of 'mij was toevertrouwd'."
53,D,6,{role:adv},"in, met, door, van, voor","in, met, door, van, voor","De 3e naamval, die in de kern antwoord geeft op de vraag 'waar', wordt niet alleen gebruikt om het meewerkend of lijdend voorwerp aan te geven van het gezegde, soms geeft het extra informatie over de handeling, zoals waar die heeft plaatsgevonden, met wie of welke middelen, door wat of wie, en wordt dan in het Nederlands vertaald met 'in', 'met' of 'door', of zelfs niet vertaald."
54,V-NIPP,0,NULL,GE_D-WORDENDE,NULL,NULL
55,V-NIPP,1,NULL,GE_D-WORD/IS,als een passieve tegenwoordige tijd,"In het Grieks wordt het deelwoord veel vaker gebruikt dan in het Nederlands mogelijk is, dus geregeld wordt dan een gewoon werkwoord gebruikt om het Grieks te vertalen."
56,V-NCMP,0,NULL,GE_D-HEBBEND,NULL,NULL
57,V-NCMP,1,NULL,_,als een zelfstandig naamwoord,Gecombineerd met een lidwoord of het werkwoord 'zijn' wordt in het Grieks het deelwoord regelmatig als zelfstandig naamwoord gebruikt. Zo vertalen we het dan ook in het Nederlands.
58,V-NNPI,2,"{woordsoort:!passief,context:narratief}",IK-_DE,als een gewone verleden tijd,"Sommige werkwoorden komen in het Grieks van het Nieuwe Testament alleen in het passivum voor, maar hebben geen echte passieve betekenis, en moeten in het Nederlands als actief worden vertaald. Als dan het werkwoord voorkomt in een verhaal in de verleden tijd, dan kan deze vorm het best met een gewone verleden tijd vertaald worden."
60,V-NCAP,0,NULL,GE_D-HEBBEND,NULL,NULL
61,V-NCAP,1,NULL,_,als een tegenwoordige tijd,"Een enkele keer vertalen we een Grieks woord in deze vorm met een Nederlands woord, dat niet als voltooid deelwoord weergegeven hoeft te worden door de keuze van het vertaalwoord, bijvoorbeeld 'waargenomen hebbend' vertaald met 'weten'."
62,V-RIPS,0,{na:COND|*dat},IK-WORD-GE_D^c,"als een passieve tegenwoordige tijd, met een verhoogde ""c""","Als al een woord vooraf gaat dat een conditie aangeeft, zoals 'als', of een woord waarin al 'dat' zit, zoals 'zodat' of 'opdat', dan past het beter in het Nederlands om niet alsnog de conjunctief weer te geven met 'dat' of 'zal/zou', maar met een passieve tegenwoordige tijd, en een verhoogde c om aan te geven dat het een conjunctief betreft."
63,V-FIAS,0,{na:COND|*dat},IK-ZAL-_EN^c,"als een toekomende tijd, met een verhoogde ""c""","Als al een woord vooraf gaat dat een conditie aangeeft, zoals 'als', of een woord waarin al 'dat' zit, zoals 'zodat' of 'opdat', dan past het beter in het Nederlands om niet alsnog de conjunctief weer te geven met 'dat'. Als de context wijst op een toekomende tijd, dan kan de conjunctief met 'zal' vertaald worden."
64,V-FIAS,1,"{na:COND|*dat,tijd:!toekomend}",IK-_^c,"als een tegenwoordige tijd, met een verhoogde ""c""","Als al een woord vooraf gaat dat een conditie aangeeft, zoals 'als', of een woord waarin al 'dat' zit, zoals 'zodat' of 'opdat', en de context niet in de toekomende maar tegenwoordige tijd afspeelt, dan past het beter in het Nederlands om niet alsnog de conjunctief weer te geven met 'dat' of 'zal/zou', maar met een eenvoudige tegenwoordige tijd, een een verhoogde c om aan te geven dat het een conjunctief betreft."
65,V-NCMP,2,{als:nw},GE_D,als een bijvoeglijk of zelfstandig naamwoord,"In het Grieks wordt het deelwoord ook geregeld als bijvoeglijk of zelfstandig naamwoord gebruikt, en wordt dan in het Nederlands vertaald zonder het '-hebbende' achtervoegsel."
66,V-NNMP,0,NULL,_ENDE,NULL,NULL
67,V-RIAM,2,NULL,_,als een gewone gebiedende wijs,"In het Nederlands is het gebruik van 'wees', 'laat' of 'zij' in imperatieven bijna geheel verdwenen, en vaak past het dus beter in het Nederlands een eenvoudige imperatief te vertalen."
68,V-FIPI,0,NULL,IK-ZAL-GE_D-WORDEN,NULL,NULL
69,V-FIMI,0,NULL,IK-ZAL-_,als een gewone toekomende tijd,"Al geeft -ENDE-ZIJN het voortgaande karakter van de handeling goed weer, in het Nederlands kan past dit niet, en vertalen we meestal met een gewone toekomende tijd."
70,V-NIPP,2,NULL,GE_D,zonder het achtervoegsel 'WORDENDE',"In het Grieks wordt het deelwoord ook vaak bijwoordelijk of als bijvoeglijk of zelfstandig naamwoord gebruikt, en wordt dan in het Nederlands ook zo vertaald, zonder het '-WORDENDE' achtervoegsel."
71,V-NIMP,2,{context:!passief&vt},_DE,als een gewone verleden tijd,"Het Grieks gebruikt het deelwoord veel vaker dan in het Nederlands mogelijk is, en als de context dan in de verleden tijd is geplaatst en de handeling niet passief is, dan kan de vorm beter met een simpele verleden tijd vertaald worden."
72,V-PNMI,0,{context:!passief},IK-_DE,als een gewone verleden tijd,"Omdat het Nederlands geen mediaal kent, alleen actief en passief, moet uit de context worden opgemaakt wat er bedoelt wordt. Als duidelijk is dat de handeling niet op het onderwerp wordt uitgevoerd (passief), dan past het best een gewone verleden tijd."
73,V-PNMI,1,{context:passief},IK-WERD-GE_D,als een passieve tegenwoordige tijd,"Omdat het Nederlands geen mediaal kent, alleen actief en passief, moet uit de context worden opgemaakt wat er bedoelt wordt. Als duidelijk is dat de handeling op het onderwerp wordt uitgevoerd (passief), dan past het best een passieve vertaling als 'ik werd gelopen'."
74,V-NNAN,2,{context:narratief},_DE,als een gewone verleden tijd,"In het Grieks wordt soms de infinitief op zo'n manier gebruikt, dat het in het Nederlands beter met een gewoon werkwoord vertaald kan worden. Als dan de context in de verleden tijd staat, dan kan de infinitief beter met een simpele verleden tijd vertaald worden."
75,G,4,{clauserole:adj},"-, met, vanwege","-, met, vanwege","In het Grieks worden bijzinnen met een deelwoord in de genitief vaak gebruikt om achtergrond informatie te geven bij de rest van de zin, wat er tegelijkertijd gebeurde. Hoe dit precies vertaald wordt, kan per vers verschillen."
76,G,5,{context:vergelijking},dan,dan,"De 2e naamval in het Grieks wordt ook geregeld gebruikt in een vergelijking, en kan dan vaak vertaald worden met 'dan'"
77,V-NCMP,3,NULL,GE_D,zonder het achtervoegsel 'HEBBENDE',"Afhankelijk van het vertaalwoord, past het in het Nederlands soms niet om -HEBBEND te vertalen, en wordt dit weggelaten."
78,V-NCAP,2,{context:vt},GE_D-HADDEN,als een voltooid verleden tijd,"Als het werkwoord in een context wordt gebruikt die duidelijk verleden tijd is, dan past het in het Nederlands beter om een voltooid verleden tijd te vertalen."
79,V-NIMM,0,NULL,_,als een gewone gebiedende wijs,"In het Nederlands is het gebruik van 'wees', 'laat' of 'zij' in imperatieven bijna geheel verdwenen. De uitgang -ENDE geeft wel mooi het voortgaande karakter van de handeling weer, maar kan als zodanig ook niet vertaald worden. Vaak past het dus beter in het Nederlands een eenvoudige imperatief te vertalen."
80,G,6,{role:o},-,NULL,Bij enkele werkwoorden gebruikt het Grieks niet de 4e maar 2e naamval om het lijdend voorwerp aan te duiden. Dan hieft er in de tekst geen 'van' te staan.
81,V-NIMP,3,{als:nw},_,als een bijvoeglijk of zelfstandig naamwoord,"In het Grieks wordt het deelwoord ook geregeld als bijvoeglijk of zelfstandig naamwoord gebruikt, en wordt dan in het Nederlands vertaald als zelfstandig naamwoord, zonder het '-ENDE' achtervoegsel."
82,V-NIPM,0,NULL,WORD-GE_D,NULL,NULL
83,V-NIPM,1,NULL,WEES-GE_D,met het hulpwerkwoord 'wees',"Afhankelijk van het vertaalwoord in het Nederlands, is het soms beter 'wees' in plaats van 'wordt' te vertalen."
84,V-FNAM,0,NULL,_,als een gewone gebiedende wijs,"Het '-je' gedeelte in de vervoeging is correct, maar past meestal niet in de vertaling. Zo wordt deze vorm vaak vertaald als een gewone imperatief."
85,V-RIMS,1,{na:!ALS|*DAT},IK-ZOU-_EN,met het hulpwerkwoord 'zouden',"Om het onzekere karakter van de conjunctief weer te geven, kan in de vertaling vaak het hulpwerkwoord 'zouden' gebruikt worden."
86,G,7,{role:adv},"-, van, voor","-, van, voor","Soms wordt in het Grieks de 2e naamval gebruikt om extra informatie over het werkwoord te geven. Dan wordt het in het Nederlands niet altijd met 'van' vertaald, maar soms met 'voor' of zonder een extra woord."
87,V-NIMP,4,{context:tt},_,met een gewone tegenwoordige tijd,"In het Grieks wordt het deelwoord veel vaker gebruikt dan in het Nederlands past. Daarom wordt het vaak als gewoon werkwoord vertaald. Als de context niet verleden tijd is, dan pas tin het Nederlands het beste een vertaling met de tegenwoordige tijd."
88,V-RIAS,2,{woord:zijn},MOGE-_,met de toevoeging 'moge',Met het werkwoord 'zijn' past het in sommige constructies beter de onzekerheid van de conjunctief uit te drukken met 'moge'.
89,V-FIMI,1,NULL,ZICHZELF-,met de toevoeging 'zichzelf',Soms drukt de mediale vorm in het Grieks uit dat iemand een actie op hemzelf uitvoert. Dit wordt in het Nederlands weergegeven door 'zichzelf' toe te voegen.
90,V-NIMN,0,NULL,_EN,zonder het achtervoegsel 'ENDE-ZIJN',"Al geeft -ENDE-ZIJN de voortgang van de handeling goed weer, in het Nederlands past dat niet en vertalen we dit als een gewone infinitief."
91,V-NIMN,1,{context:passief},_EN-TE-WORDEN,als een passieve onbepaalde wijs,"Omdat het Nederlands geen mediale vorm kent, moet in de vertaling worden nagegaan wat er precies bedoeld wordt. Als uit de context duidelijk is dat de handeling niet door het onderwerp zelf wordt uitgevoerd (passief), dan moeten we dit in het Nederlands weergeven door 'WORDEN' of 'LATEN' toe te voegen."
92,V-RIMS,2,{context:passief},GE_D-WORDEN^c,"als een passieve tegenwoordige tijd, met een verhoogde ""c""","Het Grieks kent geen mediaal, dus moet uit de context worden opgemaakt wat er precies bedoelt wordt. Als dan duidelijk is dat de handeling op het onderwerp wordt uitgevoerd (passief), dan moeten we dit in de vertaling weergeven met 'WORDEN'. Met een verhoogde c geven we aan dat het een conjunctief is."
93,V-NIAP,4,NULL,-,als een bijvoeglijk naamwoord,"In het Grieks kan het deelwoord ook als bijvoeglijk naamwoord gebruikt worden, en moet dan ook zo vertaald worden."
94,V-RCAI,1,NULL,_,als een tegenwoordige tijd,"Een enkele keer vertalen we een Grieks woord in deze vorm met een Nederlands woord, dat niet als voltooid deelwoord weergegeven hoeft te worden door de keuze van het vertaalwoord, bijvoorbeeld 'hebben waargenomen' vertaald met 'weten'."
95,V-NIMN,2,{context:ACI},_,als een gewone tegenwoordige tijd,"In enkele bijzondere Griekse constructies wordt de infinitief gebruikt in een bijzin als het hoofdwerkwoord, zodat we dit in het Nederlands niet met een infinitief, maar als een gewone tegenwoordige tijd."
96,A,2,{role:s},_,NULL,"In enkele bijzondere Griekse constructies wordt de infinitief gebruikt in een bijzin als het hoofdwerkwoord, en de 4e naamval (accusatief) dient dan als het onderwerp, niet het lijdend voorwerp. Dan wordt de naamval vertaald als de eerste naamval, die eveneens geen extra woord gebruikt om de naamval aan te geven."
97,V-RIAI,1,NULL,IK-BEN-_ENDE,NULL,NULL
98,V-NIMM,1,{context:passief},LAAT-_,als een passieve gebiedende wijs,"Omdat het Nederlands geen mediaal kent, alleen actief en passief, moet uit de context worden opgemaakt wat er bedoelt wordt. Als duidelijk is dat de handeling op het onderwerp wordt uitgevoerd (passief), dan past het best een passieve imperatief als 'laat dat niet gebeuren'."
99,V-RIMS,3,{context:passief},NULL,als een passieve tegenwoordige tijd met het hulpwerkwoord 'zouden',"Het Grieks kent geen mediaal, dus moet uit de context worden opgemaakt wat er precies bedoelt wordt. Als dan duidelijk is dat de handeling op het onderwerp wordt uitgevoerd (passief), dan moeten we dit in de vertaling weergeven met 'LATEN'. Het onzekere karakter van de subjunctief wordt dan weergegeven door het hulpwerkwoord 'zou'."
100,V-NIMP,5,NULL,WORD-GE_D/LAAT-_,als een passieve tegenwoordige tijd,"Het Nederlands kent geen mediaal, dus moet uit de context worden opgemaakt wat er precies bedoelt wordt. Als dan duidelijk is dat de handeling op het onderwerp wordt uitgevoerd (passief), dan moeten we dit in de vertaling weergeven met 'WORDEN' of 'LATEN'. Ook gebruikt het Grieks het deelwoord vaker dan past in het Nederlands, zodat geregeld deze vorm het beste als een passieve tegenwoordige tijd vertaald kan worden."
101,V-RIPS,1,NULL,DAT-IK-GE_D-WORDE,NULL,NULL
102,V-NIMN,3,NULL,WORDEN/LATEN-_,als een passieve onbepaalde wijs,"In enkele bijzondere Griekse constructies wordt de infinitief gebruikt in een bijzin als het hoofdwerkwoord, zodat we dit in het Nederlands niet met een infinitief, maar als een gewone tegenwoordige tijd. Als uit de context nog blijkt dat de handeling op het onderwerp wordt uitgevoerd (passief), moet in het Nederlands 'WORDEN' of 'LATEN' worden toegevoegd."
103,V-NNMN,0,NULL,_EN,NULL,NULL
104,V-NCAN,0,NULL,GE_D-HEBBEN,NULL,NULL
105,V-NCAN,1,NULL,_,een gewone onbepaalde wijs,Een enkele keer veranderd de keuze van het vertaalwoord ook de wijze waarop het werkwoord vertaald moet worden. Zo wordt 'waargenomen hebben' regelmatig vertaald met de simpele infinitief van 'zien'.
106,V-NIAP,5,NULL,_EN,een onbepaalde wijs,"Geregeld, als het Griekse deelwoord wordt gebruikt om naar een persoon of ding te verwijzen, vertalen we dit in het Nederlands met een bijzin, vaak ingeleid door 'die', waarna we het participium vertalen met een infinitief, omdat we in het Nederlands nu eenmaal minder vaak het deelwoord kunnen gebruiken als in het Grieks."
107,V-NNAP,3,NULL,_EN,een onbepaalde wijs,"Geregeld, als het Griekse deelwoord wordt gebruikt om naar een persoon of ding te verwijzen, vertalen we dit in het Nederlands met een bijzin ingeleid door 'die', waarna we het participium vertalen met een infinitief, omdat we in het Nederlands nu eenmaal minder vaak het deelwoord kunnen gebruiken als in het Grieks."
108,V-NNAP,4,NULL,_,een zelfstandig naamwoord,"Het Griekse deelwoord wordt geregeld gebruikt als zeflstandig naamwoord, en moet dan in het Nederlands ook zo vertaald worden."
109,V-NCMP,4,{context:vt},GE_D-HAD/WAS,een vooltooid verleden tijd,"Het Grieks gebruikt het deelwoord veel vaker dan past in de vertaling, dus gebruiken we in het Nederlands, als de context in het verleden geplaatst is, het voltooid deelwoord met een verleden tijd van 'ZIJN' of 'HEBBEN'"
110,V-NNAN,3,{context:tt},_,een gewone tegenwoordige tijd,"In het Grieks wordt soms de infinitief op zo'n manier gebruikt, dat het in het Nederlands beter met een gewoon werkwoord vertaald kan worden. Als dan de context in de tegenwoordige tijd staat, dan kan de infinitief beter met een simpele tegenwoordige tijd vertaald worden."
111,V-NIMP,6,{context:doel|reden&!passief},_EN,een onbepaalde wijs,"Als de context laat zien dat het deelwoord in het Grieks wordt gebruikt om een doel of reden aan te geven, en dat de handeling niet op het onderwerp wordt uitgevoerd (niet passief), dan kunnen we dit in het Nederlands het beste weergeven met een gewone infinitief."
112,V-PNAI,2,NULL,_,een gewone tegenwoordige tijd,"Een enkele keer komt een Grieks woord in een verleden tijd voor, terwijl dit niet past bij de context of het voor het Nederlands gekozen vertaalwoord. Dan kunnen we in het Nederlands beter gewoon een tegenwoordige tijd vertalen."
113,V-FIPI,1,NULL,IK-ZAL-_,een actieve tegenwoordige tijd,"Enkele woorden in het Grieks komen altijd in het passief voor, en hebben daardoor geen echte passieve betekenis meer. In het Nederlands vertalen we zo'n vorm dan met een actieve toekomende tijd."
114,V-NNMP,1,{context:afgesloten},GE_D-HEBBEND,een voltooid deelwoord,"Als door de keuze van het vertaalwoord of de context blijkt dat de handeling is afgesloten, dan kunnen we in het Nederlands het best met een voltooid deelwoord vertalen."
115,V-NNMP,2,{role:bijv},GE_D,een bijvoeglijk gebruikt voltooid deelwoord,"Geregeld gebruikt het Grieks het deelwoord als een bijvoeglijk gebruikt voltooid deelwoord, en moet in het Nederlands deze vorm ook zo vertaald worden."
116,V-NNAP,5,{context:afgerond},HEB-GE_D,een voltooid tegenwoordige tijd,"Het Grieks gebruikt het deelwoord vaker dan in het Nederlands, zodat we in de vertaling vaak een gewoon werkwoord gebruiken. Als uit de context blijkt dat de handeling afgerond is in het verleden, en daardoor nu een feit is, drukken we dit in het Nederlands uit met een voltooid tegenwoordige tijd."
117,V-NCAP,3,{role:bijvoeglijk},GE_D,als een bijvoeglijk gebruikt voltooid deelwoord,"Als het deelwoord in het Grieks bijvoeglijk wordt gebruikt, dan vertalen we het in het Nederlands het best ook met een bijvoeglijk gebruikt voltooid deelwoord, zonder het achtervoegsel 'HEBBENDE'."
118,V-NIAN,1,{context:ACI},IK-_,als een gewone tegenwoordige of verleden tijd,"In het Grieks wordt regelmatig de onbepaalde wijs zo gebruikt dat we dat in het Nederlands het beste met een bijzin kunnen weergeven. Dan wordt de onbepaalde wijs met een gewoon werkwoord vertaald, afhankelijk van de context in de verleden of tegenwoordige tijd."
119,V-NNMN,1,{context:ACI},IK-_,als een gewone tegenwoordige tijd,In het Grieks wordt regelmatig de onbepaalde wijs zo gebruikt dat we dat in het Nederlands het beste met een bijzin kunnen weergeven. Dan wordt de onbepaalde wijs met een gewoon werkwoord vertaald.
120,V-FIPI,2,NULL,IK-ZAL-_,als een gewone toekomende tijd,"In het Grieks worden enkele werkwoorden in het passief gebruikt, terwijl het Nederlandse vertaalwoord om een actieve vertaling vraagt."
121,V-NCAP,4,NULL,GE_D,als een voltooid deelwoord,"Afhankelijk van het Nederlandse vertaalwoord, past soms het 'HEBBENDE- achtervoegsel niet in de vertaling, en wordt dan weggelaten."
122,V-RIPS,2,NULL,IK-_^c,als een gewone tegenwoordige tijd,"Afhankelijk van het vertaalwoord past het soms beter om een woord niet passief maar juist actief te vertalen, omdat in het vertaalwoord al een passieve betekenis zit, zoals bij 'je verheugen' in plaats van 'verheugd worden'."
123,V-NIMP,7,{context:passief},GE_D-WORDEND,als een passief (onvoltooid) deelwoord,"Het Grieks kent geen mediaal, dus moet uit de context worden opgemaakt wat er precies bedoelt wordt. Als dan duidelijk is dat de handeling op het onderwerp wordt uitgevoerd (passief), dan moeten we dit in de vertaling weergeven met 'WORDEN' of 'LATEN'. Het -ZIJNDE achtervoegsel uit het interlineair past niet in een Nederlandse vertaling, maar het onvoltooide karakter van de handeling wordt weergegeven door een onvoltooid deelwoord."
124,G,8,NULL,-,NULL,Geregeld verbind het Grieks twee woorden met de tweede naamval op een manier die wij niet met 'van' zouden vertalen. Dan past het beter om bijvoorbeeld 'vleselijk' in plaats van 'van vlees' te vertalen. Dan zit de tweede naamval dus in het zelfstandig naamwoord.
125,V-NCAN,2,_END,als een onvoltooid deelwoord,Een enkele keer veranderd de keuze van het vertaalwoord ook de wijze waarop het werkwoord vertaald moet worden. Zo wordt 'waarge,"Een enkele keer veranderd de keuze van het vertaalwoord ook de wijze waarop het werkwoord vertaald moet worden. Zo wordt 'waargenomen hebben' regelmatig vertaald met 'zien', zonder het achtervoegsel 'hebbend'. Als dan de infinitief gebruikt wordt om de achtergrond van de hoofdzin weer te geven, past in het Nederlands beter een onvoltooid deelwoord."
126,V-NNMI,2,{context:afgerond|!passief},IK-HEB-GE_D,als een voltooid tegenwoordige tijd,"Als de context er duidelijk op wijst dat de handeling afgerond moet zijn, en duidelijk is dat de handeling niet op het onderwerp wordt uitgevoerd (passief), dan past het soms in het Nederlands beter de vorm te vertalen met een voltooid tegenwoordige tijd."
127,V-NNMP,3,{context:afgerond&!passief},IK-HEB-GE_D,als een voltooid tegenwoordige tijd,"Het Grieks gebruikt het deelwoord vaker dan past in het Nederlands, zodat geregeld in de vertaling in plaats van een deelwoord het werkwoord in een bijzin komt te staan en als een gewoon werkwoord vertaald wordt. Als de context er duidelijk op wijst dat de handeling afgerond moet zijn, en duidelijk is dat de handeling niet op het onderwerp wordt uitgevoerd (passief), dan past het soms in het Nederlands beter de vorm te vertalen met een voltooid tegenwoordige tijd."
128,V-NNPI,3,NULL,IK-_,als een gewone tegenwoordige tijd,"Bij sommige Nederlandse trefwoorden wordt het passieve karakter ook al uitgedrukt zonder 'worden', zodat dit weggelaten kan worden, of vervangen kan worden door 'zijn'."
129,V-RIAO,0,{na:COND|*dat},IK-_,als een gewone tegenwoordige tijd,"Als al een woord vooraf gaat dat een conditie aangeeft, zoals 'als', of een woord waarin al 'dat' zit, zoals 'zodat' of 'opdat', dan past het beter in het Nederlands om niet alsnog de optatief weer te geven met 'moge', maar met een eenvoudige tegenwoordige tijd."
130,V-NCMP,5,{ww:state},GE_D-ZIJNDE,met 'zijnde' in plaats van 'hebbende',"Als het werkwoord in het perfectum niet een actie maar een staat uitdrukt, dan wordt dit in het Nederlands beter weergegeven met 'zijnde' i.p.v. 'hebbende'"
131,V-RCAI,2,{ww:state},IK-_,met een gewone tegenwoordige tijd,"Als het werkwoord in het perfectum niet een actie maar een staat uitdrukt, dan wordt dit bij sommige vertaalwoorden in het Nederlands beter weergegeven met een gewone tegenwoordige tijd."
132,V-NNMP,4,{context:bijzin&!passief},IK-_,een gewone tegenwoordige tijd,"Het Grieks gebruikt het deelwoord vaker dan past in het Nederlands, zodat geregeld in de vertaling in plaats van een deelwoord het werkwoord in een bijzin komt te staan en als een gewoon werkwoord vertaald wordt. Als de context er duidelijk op wijst dat de handeling niet op het onderwerp wordt uitgevoerd (passief), dan past het soms in het Nederlands beter de vorm te vertalen met een onvoltooid tegenwoordige tijd."
133,V-FIAS,2,{tijd:verleden},IK-ZOU-_,met het hulpwerkwoord 'zouden',"In de vertaling kunnen we 'dat' niet vertalen. Als de context wijst op een verleden tijd, dan kan de conjunctief het beste met 'zou' vertaald worden."
134,V-NIAN,2,{context:bevel|aansporing},LAAT-_ / _,als een gewone imperatief,Een enkele keer wordt de Griekse infinitief gebruikt om een bevel of aansporing te geven. Dan moeten we in het Nederlands dit ook zo vertalen.
135,V-NIPM,2,NULL,LAAT-GE_D-WORDEN,met het hulpwerkwoord 'laten',NULL
136,A,3,NULL,mee,NULL,"Een enkele keer gebruikt het Grieks de 4e naamval om een relatie tussen woorden uit te drukken, die wij met een voorzetsel moeten weergeven. Dit kan per voorkomen verschillen."
137,V-NNAP,6,{tijd:verleden},GE_D-HEBBEND,als deelwoord met 'hebbend' erachter,"Als in het Nederlands ook een deelwoord gebruikt kan worden, dan zal het participium ook zo vertaald worden. Als uit de context blijkt dat de handeling afgerond is in het verleden, en daardoor nu een feit is, drukken we dit in het Nederlands uit door het voltooid deelwoord te gebruiken met 'hebbend'."
138,V-NIMP,8,"{context:passief,woord:passief}",GE_D,een voltooid deelwoord,"Het Nederlands kent geen mediaal, dus moet uit de context worden opgemaakt wat er precies bedoelt wordt. Als dan duidelijk is dat de handeling op het onderwerp wordt uitgevoerd (passief), dan moeten we dit in de vertaling weergeven. Sommige woorden in het Nederlands hebben een passieve betekenis, zonder dat 'WORDEN' erbij gezet hoeft te worden, dan voldoet een voltooid deelwoord al. Ook gebruikt het Grieks het deelwoord vaker dan past in het Nederlands, zodat geregeld deze vorm het beste als een voltooid deelwoord vertaald kan worden."
139,V-NIMM,2,NULL,WEES-_,met 'wees',NULL
140,V-RCAI,3,{ww:state},IK-BEN-_,met het hulpwerkwoord 'zijn',"Als het werkwoord in het perfectum niet een actie maar een staat uitdrukt, dan wordt dit bij sommige vertaalwoorden in het Nederlands beter weergegeven met het hulpwerkwoord 'zijn' i.p.v. 'hebben'."
141,V-NIPP,3,{ww:passief},GE_D,"als een voltooid deelwoord, zonder 'wordend'",Sommige vertaalwoorden in het Nederlands drukken van zichzelf al uit dat het onderwerp de handeling onder gaat (passief) zodat het niet nodig is om extra 'worden' toe te voegen.
142,V-RCMI,2,{context:passief&staat},IK-BEN-GE_D,met het hulpwerkwoord 'zijn',"Omdat het Nederlands geen mediaal kent, alleen actief en passief, moet uit de context worden opgemaakt wat er bedoelt wordt. Als duidelijk is dat de handeling op het onderwerp is uitgevoerd (passief), maar nu een staat uitdrukt, dan kan dit in het Nederlands het beste vertaald worden met het hulpwerkwoord 'zijn' i.p.v. 'worden'."
143,V-NNPN,1,{fuctie:doel},OM-TE-_,"in de onbepaalde wijs, met toevoeging 'om'","Als de infinitief wordt gebruikt om in een bijzin de reden of het doel van de handeling in de hoofdzin aan te geven, voegen we in het Nederlands 'om' toe. Soms wordt er ook voor een vertaalwoord gekozen, dat de betekenis van het Grieks zonder 'worden' in het Nederlands weergeeft, zoals 'toevertrouwd krijgen' voor 'geloofd worden'."
144,V-RIAI,2,{tijd:verleden},_DE,met een gewone verleden tijd,"Een enkele keer wordt de Griekse tegenwoordige tijd ineens gebruikt en een tekst die verder duidelijk in het verleden afspeelt. Zo kan bijvoorbeeld extra de nadruk op een gebeurtenis gelegd worden. Omdat dit in het Nederlands niet gebruikelijk is, past het beter het met een verleden tijd te vertalen."
145,V-NNMP,5,{tijd:verleden&context:!passief},IK-_DE,met een gewone verleden tijd,"Het Grieks gebruikt het deelwoord vaker dan past in het Nederlands, zodat geregeld in de vertaling in plaats van een deelwoord het werkwoord in een bijzin komt te staan en als een gewoon werkwoord vertaald wordt. Als de context er duidelijk op wijst dat de handeling niet op het onderwerp wordt uitgevoerd (passief) en in het verleden afspeelt, dan past het soms in het Nederlands beter de vorm te vertalen met een onvoltooid tegenwoordige tijd."
146,V-FIAO,0,NULL,MAG-_,NULL,NULL
147,V-NIMN,4,{functie:doel},OM-TE-_,met de toevoeging 'om',"Als de infinitief wordt gebruikt om in een bijzin de reden of het doel van de handeling in de hoofdzin aan te geven, voegen we in het Nederlands 'om' toe."
148,V-PNPI,1,NULL,IK-WAS-GE_D,met het hulpwerkwoord 'zijn',"Afhankelijk van het vertaalwoord, past het in het Nederlands soms beter om het hulpwerkwoord 'zijn' te gebruiken."
149,V-NIPO,0,NULL,MOGE-GET-GE_D-WORDEN,als een passieve wens,NULL
150,V-NIPO,1,NULL,LAAT-HET-GE_D-WORDEN,als een passieve wens met het hulpwerkwoord 'laten',NULL
151,V-NIAN,3,{functie:doel},OM-TE-_,met de toevoeging 'om',"Als de infinitief wordt gebruikt om in een bijzin de reden of het doel van de handeling in de hoofdzin aan te geven, voegen we in het Nederlands 'om' toe."
153,V-NNPI,4,NULL,IK-_,als een gewone tegenwoordige tijd,"Sommige werkwoorden komen in het Grieks van het Nieuwe Testament alleen in het passivum voor, maar hebben geen echte passieve betekenis, en moeten in het Nederlands als actief worden vertaald."
154,G,9,NULL,-,NULL,"Soms ontstaat door de tweede naamval een constructie waarin een zelsfstandig naamwoord een extra informatie over een ander zelfstandig naamwoord geeft, wat in het Nederlands eerder met een bijvoegelijk naamwoord zouden weergeven, zoals ""hartstochten van oneer"", vertaald als ""onterende/oneervolle hartstochten"""
155,V-NCMP,6,NULL,GE_D,met een voltooid deelwoord,"Gecombineerd met het werkwoord 'zijn' is het vaak niet nodig in het Nederlands het achtervoegsel 'HEBBEN' no te vertalen, dus dan volstaat een voltooid deelwoord."
156,V-NIPP,4,NULL,GE_D,zonder het achtervoegsel 'WORDENDE',"Sommige woorden komen in het Grieks vooral in de passief voor en hebben geen actieve vorm, terwijl dit werkwoord in het Nederlands niets passiefs uit drukt, zoals 'antwoorden'. Dan kunnen we deze vorm in het Nederlands het beste actief vertalen."
157,V-PNPI,2,NULL,_DE,als gewone verleden tijd,"Sommige woorden komen in het Grieks vooral in de passief voor en hebben geen actieve vorm, terwijl dit werkwoord in het Nederlands niets passiefs uit drukt, zoals 'antwoorden'. Dan kunnen we deze vorm in het Nederlands het beste actief vertalen."
158,G,10,NULL,-lijk,NULL,"soms wordt de genitief gebruikt om een zelfstandig naamwoord als bijwoord te gebruiken, bijv. 'van het lichaam' voor 'lichamelijk'. Dan wordt de naamval het beste vertaald met '-lijk'."
