parsOudT,parsOud,parsT,pars,vv,aspect,tijd,toestand,vorm,modus,persoon,naamval,getal,geslacht,extra
D-APF,D-APF,D-AVM,D-AVM,D,,,,,,,A,M,V,
CONJ-N,CONJ-N,VOEG-N,VOEG-N,VOEG,,,,,,,,,,N
CONJ,CONJ,VOEG,VOEG,VOEG,,,,,,,,,,
COND,COND,COND,COND,COND,,,,,,,,,,
COND-K,COND-K,COND-K,COND-K,COND,,,,,,,,,,K
C-GPM,C-GPM,K-GMM,K-GMM,K,,,,,,,G,M,M,
C-GPN,C-GPN,K-GOM,K-GOM,K,,,,,,,G,M,O,
C-DPN,C-DPN,K-DOM,K-DOM,K,,,,,,,D,M,O,
C-DPM,C-DPM,K-DMM,K-DMM,K,,,,,,,D,M,M,
C-APM,C-APM,K-AMM,K-AMM,K,,,,,,,A,M,M,
ARAM,ARAM,ARAM,ARAM,ARAM,,,,,,,,,,
ADV-S,ADV-S,BIJW-O,BIJW-O,BIJW,,,,,,,,,,O
ADV-N,ADV-N,BIJW-N,BIJW-N,BIJW,,,,,,,,,,N
ADV-K,ADV-K,BIJW-K,BIJW-K,BIJW,,,,,,,,,,K
ADV-I,ADV-I,BIJW-Vr,BIJW-Vr,BIJW,,,,,,,,,,Vr
ADV-C,ADV-C,BIJW-V,BIJW-V,BIJW,,,,,,,,,,V
ADV,ADV,BIJW,BIJW,BIJW,,,,,,,,,,
A-VSM-S,A-VSM-S,A-VME-O,A-VME-O,A,,,,,,,V,E,M,O
A-VSM,A-VSM,A-VME,A-VME,A,,,,,,,V,E,M,
A-VSF,A-VSF,A-VVE,A-VVE,A,,,,,,,V,E,V,
A-VPM-C,A-VPM-C,A-VMM-V,A-VMM-V,A,,,,,,,V,M,M,V
A-VPM,A-VPM,A-VMM,A-VMM,A,,,,,,,V,M,M,
A-NUI,A-NUI,A-NAN,A-NAN,A-NAN,,,,,,,,,,
A-NSN-S,A-NSN-S,A-NOE-O,A-NOE-O,A,,,,,,,N,E,O,O
A-NSN-N,A-NSN-N,A-NOE-N,A-NOE-N,A,,,,,,,N,E,O,N
A-NSN-C,A-NSN-C,A-NOE-V,A-NOE-V,A,,,,,,,N,E,O,V
A-NSN,A-NSN,A-NOE,A-NOE,A,,,,,,,N,E,O,
A-NSM-S,A-NSM-S,A-NME-O,A-NME-O,A,,,,,,,N,E,M,O
A-NSM-N,A-NSM-N,A-NME-N,A-NME-N,A,,,,,,,N,E,M,N
A-NSM-C,A-NSM-C,A-NME-V,A-NME-V,A,,,,,,,N,E,M,V
A-NSM-ATT,A-NSM-ATT,A-NME-ATT,A-NME-ATT,A,,,,,,,N,E,M,ATT
A-NSM,A-NSM,A-NME,A-NME,A,,,,,,,N,E,M,
A-NSF-S,A-NSF-S,A-NVE-O,A-NVE-O,A,,,,,,,N,E,V,O
A-NSF-N,A-NSF-N,A-NVE-N,A-NVE-N,A,,,,,,,N,E,V,N
A-NSF-C,A-NSF-C,A-NVE-V,A-NVE-V,A,,,,,,,N,E,V,V
A-NSF,A-NSF,A-NVE,A-NVE,A,,,,,,,N,E,V,
A-NPN-S,A-NPN-S,A-NOM-O,A-NOM-O,A,,,,,,,N,M,O,O
A-NPN-C,A-NPN-C,A-NOM-V,A-NOM-V,A,,,,,,,N,M,O,V
A-NPN,A-NPN,A-NOM,A-NOM,A,,,,,,,N,M,O,
A-NPM-S,A-NPM-S,A-NMM-O,A-NMM-O,A,,,,,,,N,M,M,O
A-NPM-C,A-NPM-C,A-NMM-V,A-NMM-V,A,,,,,,,N,M,M,V
A-NPM,A-NPM,A-NMM,A-NMM,A,,,,,,,N,M,M,
A-NPF-S,A-NPF-S,A-NVM-O,A-NVM-O,A,,,,,,,N,M,V,O
A-NPF-C,A-NPF-C,A-NVM-V,A-NVM-V,A,,,,,,,N,M,V,V
A-NPF,A-NPF,A-NVM,A-NVM,A,,,,,,,N,M,V,
A-GSN-S,A-GSN-S,A-GOE-O,A-GOE-O,A,,,,,,,G,E,O,O
A-GSN-N,A-GSN-N,A-GOE-N,A-GOE-N,A,,,,,,,G,E,O,N
A-GSN,A-GSN,A-GOE,A-GOE,A,,,,,,,G,E,O,
A-GSM-S,A-GSM-S,A-GME-O,A-GME-O,A,,,,,,,G,E,M,O
A-GSM-N,A-GSM-N,A-GME-N,A-GME-N,A,,,,,,,G,E,M,N
A-GSM-C,A-GSM-C,A-GME-V,A-GME-V,A,,,,,,,G,E,M,V
A-GSM,A-GSM,A-GME,A-GME,A,,,,,,,G,E,M,
A-GSF-S,A-GSF-S,A-GVE-O,A-GVE-O,A,,,,,,,G,E,V,O
A-GSF-C,A-GSF-C,A-GVE-V,A-GVE-V,A,,,,,,,G,E,V,V
A-GSF,A-GSF,A-GVE,A-GVE,A,,,,,,,G,E,V,
A-GPN-S,A-GPN-S,A-GOM-O,A-GOM-O,A,,,,,,,G,M,O,O
A-GPN-C,A-GPN-C,A-GOM-V,A-GOM-V,A,,,,,,,G,M,O,V
A-GPN,A-GPN,A-GOM,A-GOM,A,,,,,,,G,M,O,
A-GPM-S,A-GPM-S,A-GMM-O,A-GMM-O,A,,,,,,,G,M,M,O
A-GPM-C,A-GPM-C,A-GMM-V,A-GMM-V,A,,,,,,,G,M,M,V
A-GPM,A-GPM,A-GMM,A-GMM,A,,,,,,,G,M,M,
A-GPF-S,A-GPF-S,A-GVM-O,A-GVM-O,A,,,,,,,G,M,V,O
A-GPF,A-GPF,A-GVM,A-GVM,A,,,,,,,G,M,V,
A-DSN-S,A-DSN-S,A-DOE-O,A-DOE-O,A,,,,,,,D,E,O,O
A-DSN-N,A-DSN-N,A-DOE-N,A-DOE-N,A,,,,,,,D,E,O,N
A-DSN-C,A-DSN-C,A-DOE-V,A-DOE-V,A,,,,,,,D,E,O,V
A-DSN,A-DSN,A-DOE,A-DOE,A,,,,,,,D,E,O,
A-DSM-S,A-DSM-S,A-DME-O,A-DME-O,A,,,,,,,D,E,M,O
A-DSM-N,A-DSM-N,A-DME-N,A-DME-N,A,,,,,,,D,E,M,N
A-DSM-C,A-DSM-C,A-DME-V,A-DME-V,A,,,,,,,D,E,M,V
A-DSM,A-DSM,A-DME,A-DME,A,,,,,,,D,E,M,
A-DSF-S,A-DSF-S,A-DVE-O,A-DVE-O,A,,,,,,,D,E,V,O
A-DSF-C,A-DSF-C,A-DVE-V,A-DVE-V,A,,,,,,,D,E,V,V
A-DSF,A-DSF,A-DVE,A-DVE,A,,,,,,,D,E,V,
A-DPN-S,A-DPN-S,A-DOM-O,A-DOM-O,A,,,,,,,D,M,O,O
A-DPN,A-DPN,A-DOM,A-DOM,A,,,,,,,D,M,O,
A-DPM-S,A-DPM-S,A-DMM-O,A-DMM-O,A,,,,,,,D,M,M,O
A-DPM-C,A-DPM-C,A-DMM-V,A-DMM-V,A,,,,,,,D,M,M,V
A-DPM,A-DPM,A-DMM,A-DMM,A,,,,,,,D,M,M,
A-DPF-S,A-DPF-S,A-DVM-O,A-DVM-O,A,,,,,,,D,M,V,O
A-DPF,A-DPF,A-DVM,A-DVM,A,,,,,,,D,M,V,
A-ASN-S,A-ASN-S,A-AOE-O,A-AOE-O,A,,,,,,,A,E,O,O
A-ASN-N,A-ASN-N,A-AOE-N,A-AOE-N,A,,,,,,,A,E,O,N
A-ASN-C,A-ASN-C,A-AOE-V,A-AOE-V,A,,,,,,,A,E,O,V
A-ASN,A-ASN,A-AOE,A-AOE,A,,,,,,,A,E,O,
A-ASM-S,A-ASM-S,A-AME-O,A-AME-O,A,,,,,,,A,E,M,O
A-ASM-N,A-ASM-N,A-AME-N,A-AME-N,A,,,,,,,A,E,M,N
A-ASM-C,A-ASM-C,A-AME-V,A-AME-V,A,,,,,,,A,E,M,V
A-ASM,A-ASM,A-AME,A-AME,A,,,,,,,A,E,M,
A-ASF-S,A-ASF-S,A-AVE-O,A-AVE-O,A,,,,,,,A,E,V,O
A-ASF-N,A-ASF-N,A-AVE-N,A-AVE-N,A,,,,,,,A,E,V,N
A-ASF-C,A-ASF-C,A-AVE-V,A-AVE-V,A,,,,,,,A,E,V,V
A-ASF,A-ASF,A-AVE,A-AVE,A,,,,,,,A,E,V,
A-APN-S,A-APN-S,A-AOM-O,A-AOM-O,A,,,,,,,A,M,O,O
A-APN-C,A-APN-C,A-AOM-V,A-AOM-V,A,,,,,,,A,M,O,V
A-APN,A-APN,A-AOM,A-AOM,A,,,,,,,A,M,O,
A-APM-S,A-APM-S,A-AMM-O,A-AMM-O,A,,,,,,,A,M,M,O
A-APM-C,A-APM-C,A-AMM-V,A-AMM-V,A,,,,,,,A,M,M,V
A-APM,A-APM,A-AMM,A-AMM,A,,,,,,,A,M,M,
A-APF-S,A-APF-S,A-AVM-O,A-AVM-O,A,,,,,,,A,M,V,O
A-APF-C,A-APF-C,A-AVM-V,A-AVM-V,A,,,,,,,A,M,V,V
A-APF,A-APF,A-AVM,A-AVM,A,,,,,,,A,M,V,
D-APM,D-APM,D-AMM,D-AMM,D,,,,,,,A,M,M,
D-APM-K,D-APM-K,D-AMM-K,D-AMM-K,D,,,,,,,A,M,M,K
D-APN,D-APN,D-AOM,D-AOM,D,,,,,,,A,M,O,
D-ASF,D-ASF,D-AVE,D-AVE,D,,,,,,,A,E,V,
D-ASM,D-ASM,D-AME,D-AME,D,,,,,,,A,E,M,
D-ASM-K,D-ASM-K,D-AME-K,D-AME-K,D,,,,,,,A,E,M,K
D-ASN,D-ASN,D-AOE,D-AOE,D,,,,,,,A,E,O,
D-DPF,D-DPF,D-DVM,D-DVM,D,,,,,,,D,M,V,
D-DPM,D-DPM,D-DMM,D-DMM,D,,,,,,,D,M,M,
D-DPN,D-DPN,D-DOM,D-DOM,D,,,,,,,D,M,O,
D-DSF,D-DSF,D-DVE,D-DVE,D,,,,,,,D,E,V,
D-DSM,D-DSM,D-DME,D-DME,D,,,,,,,D,E,M,
D-DSN,D-DSN,D-DOE,D-DOE,D,,,,,,,D,E,O,
D-GPF,D-GPF,D-GVM,D-GVM,D,,,,,,,G,M,V,
D-GPM,D-GPM,D-GMM,D-GMM,D,,,,,,,G,M,M,
D-GPN,D-GPN,D-GOM,D-GOM,D,,,,,,,G,M,O,
D-GSF,D-GSF,D-GVE,D-GVE,D,,,,,,,G,E,V,
D-GSM,D-GSM,D-GME,D-GME,D,,,,,,,G,E,M,
D-GSN,D-GSN,D-GOE,D-GOE,D,,,,,,,G,E,O,
D-NPF,D-NPF,D-NVM,D-NVM,D,,,,,,,N,M,V,
D-NPM,D-NPM,D-NMM,D-NMM,D,,,,,,,N,M,M,
D-NPM-K,D-NPM-K,D-NMM-K,D-NMM-K,D,,,,,,,N,M,M,K
D-NPN,D-NPN,D-NOM,D-NOM,D,,,,,,,N,M,O,
D-NPN-K,D-NPN-K,D-NOM-K,D-NOM-K,D,,,,,,,N,M,O,K
D-NSF,D-NSF,D-NVE,D-NVE,D,,,,,,,N,E,V,
D-NSM,D-NSM,D-NME,D-NME,D,,,,,,,N,E,M,
D-NSM-K,D-NSM-K,D-NME-K,D-NME-K,D,,,,,,,N,E,M,K
D-NSN,D-NSN,D-NOE,D-NOE,D,,,,,,,N,E,O,
F-1APM,F-1APM,F-1AMM,F-1AMM,F,,,,,,1,A,M,M,
F-1ASM,F-1ASM,F-1AME,F-1AME,F,,,,,,1,A,E,M,
F-1DPM,F-1DPM,F-1DMM,F-1DMM,F,,,,,,1,D,M,M,
F-1DSM,F-1DSM,F-1DME,F-1DME,F,,,,,,1,D,E,M,
F-1GPM,F-1GPM,F-1GMM,F-1GMM,F,,,,,,1,G,M,M,
F-1GSM,F-1GSM,F-1GME,F-1GME,F,,,,,,1,G,E,M,
F-2APF,F-2APF,F-2AVM,F-2AVM,F,,,,,,2,A,M,V,
F-2APM,F-2APM,F-2AMM,F-2AMM,F,,,,,,2,A,M,M,
F-2ASM,F-2ASM,F-2AME,F-2AME,F,,,,,,2,A,E,M,
F-2DPF,F-2DPF,F-2DVM,F-2DVM,F,,,,,,2,D,M,V,
F-2DPM,F-2DPM,F-2DMM,F-2DMM,F,,,,,,2,D,M,M,
F-2DSM,F-2DSM,F-2DME,F-2DME,F,,,,,,2,D,E,M,
F-2GPM,F-2GPM,F-2GMM,F-2GMM,F,,,,,,2,G,M,M,
F-2GSM,F-2GSM,F-2GME,F-2GME,F,,,,,,2,G,E,M,
F-3APF,F-3APF,F-3AVM,F-3AVM,F,,,,,,3,A,M,V,
F-3APM,F-3APM,F-3AMM,F-3AMM,F,,,,,,3,A,M,M,
F-3ASF,F-3ASF,F-3AVE,F-3AVE,F,,,,,,3,A,E,V,
F-3ASM,F-3ASM,F-3AME,F-3AME,F,,,,,,3,A,E,M,
F-3DPM,F-3DPM,F-3DMM,F-3DMM,F,,,,,,3,D,M,M,
F-3DSF,F-3DSF,F-3DVE,F-3DVE,F,,,,,,3,D,E,V,
F-3DSM,F-3DSM,F-3DME,F-3DME,F,,,,,,3,D,E,M,
F-3GPF,F-3GPF,F-3GVM,F-3GVM,F,,,,,,3,G,M,V,
F-3GPM,F-3GPM,F-3GMM,F-3GMM,F,,,,,,3,G,M,M,
F-3GPN,F-3GPN,F-3GOM,F-3GOM,F,,,,,,3,G,M,O,
F-3GSF,F-3GSF,F-3GVE,F-3GVE,F,,,,,,3,G,E,V,
F-3GSM,F-3GSM,F-3GME,F-3GME,F,,,,,,3,G,E,M,
F-3GSN,F-3GSN,F-3GOE,F-3GOE,F,,,,,,3,G,E,O,
HEB,HEB,HEB,HEB,HEB,,,,,,,,,,
I-APF,I-APF,V-AVM,V-AVM,V,,,,,,,A,M,V,
I-APM,I-APM,V-AMM,V-AMM,V,,,,,,,A,M,M,
I-ASF,I-ASF,V-AVE,V-AVE,V,,,,,,,A,E,V,
I-ASM,I-ASM,V-AME,V-AME,V,,,,,,,A,E,M,
I-ASN,I-ASN,V-AOE,V-AOE,V,,,,,,,A,E,O,
I-DPM,I-DPM,V-DMM,V-DMM,V,,,,,,,D,M,M,
I-DSF,I-DSF,V-DVE,V-DVE,V,,,,,,,D,E,V,
I-DSM,I-DSM,V-DME,V-DME,V,,,,,,,D,E,M,
I-DSN,I-DSN,V-DOE,V-DOE,V,,,,,,,D,E,O,
I-GPM,I-GPM,V-GMM,V-GMM,V,,,,,,,G,M,M,
I-GPN,I-GPN,V-GOM,V-GOM,V,,,,,,,G,M,O,
I-GSF,I-GSF,V-GVE,V-GVE,V,,,,,,,G,E,V,
I-GSM,I-GSM,V-GME,V-GME,V,,,,,,,G,E,M,
I-GSN,I-GSN,V-GOE,V-GOE,V,,,,,,,G,E,O,
I-NPM,I-NPM,V-NMM,V-NMM,V,,,,,,,N,M,M,
I-NPN,I-NPN,V-NOM,V-NOM,V,,,,,,,N,M,O,
I-NSF,I-NSF,V-NVE,V-NVE,V,,,,,,,N,E,V,
I-NSM,I-NSM,V-NME,V-NME,V,,,,,,,N,E,M,
I-NSN,I-NSN,V-NOE,V-NOE,V,,,,,,,N,E,O,
INJ,INJ,TUS,TUS,TUS,,,,,,,,,,
K-APM,K-APM,C-AMM,C-AMM,C,,,,,,,A,M,M,
K-APN,K-APN,C-AOM,C-AOM,C,,,,,,,A,M,O,
K-ASM,K-ASM,C-AME,C-AME,C,,,,,,,A,E,M,
K-ASN,K-ASN,C-AOE,C-AOE,C,,,,,,,A,E,O,
K-DSN,K-DSN,C-DOE,C-DOE,C,,,,,,,D,E,O,
K-NPF,K-NPF,C-NVM,C-NVM,C,,,,,,,N,M,V,
K-NPM,K-NPM,C-NMM,C-NMM,C,,,,,,,N,M,M,
K-NPN,K-NPN,C-NOM,C-NOM,C,,,,,,,N,M,O,
K-NSF,K-NSF,C-NVE,C-NVE,C,,,,,,,N,E,V,
K-NSM,K-NSM,C-NME,C-NME,C,,,,,,,N,E,M,
K-NSN,K-NSN,C-NOE,C-NOE,C,,,,,,,N,E,O,
N-APF,N-APF,N-AVM,N-AVM,N,,,,,,,A,M,V,
N-APF-S,N-APF-S,N-AVM-O,N-AVM-O,N,,,,,,,A,M,V,O
N-APM,N-APM,N-AMM,N-AMM,N,,,,,,,A,M,M,
N-APN,N-APN,N-AOM,N-AOM,N,,,,,,,A,M,O,
N-APN-S,N-APN-S,N-AOM-O,N-AOM-O,N,,,,,,,A,M,O,O
N-ASF,N-ASF,N-AVE,N-AVE,N,,,,,,,A,E,V,
N-ASF-S,N-ASF-S,N-AVE-O,N-AVE-O,N,,,,,,,A,E,V,O
N-ASM,N-ASM,N-AME,N-AME,N,,,,,,,A,E,M,
N-ASM-S,N-ASM-S,N-AME-O,N-AME-O,N,,,,,,,A,E,M,O
N-ASN,N-ASN,N-AOE,N-AOE,N,,,,,,,A,E,O,
N-DPF,N-DPF,N-DVM,N-DVM,N,,,,,,,D,M,V,
N-DPM,N-DPM,N-DMM,N-DMM,N,,,,,,,D,M,M,
N-DPM-S,N-DPM-S,N-DMM-O,N-DMM-O,N,,,,,,,D,M,M,O
N-DPN,N-DPN,N-DOM,N-DOM,N,,,,,,,D,M,O,
N-DSF,N-DSF,N-DVE,N-DVE,N,,,,,,,D,E,V,
N-DSM,N-DSM,N-DME,N-DME,N,,,,,,,D,E,M,
N-DSN,N-DSN,N-DOE,N-DOE,N,,,,,,,D,E,O,
N-GPF,N-GPF,N-GVM,N-GVM,N,,,,,,,G,M,V,
N-GPM,N-GPM,N-GMM,N-GMM,N,,,,,,,G,M,M,
N-GPN,N-GPN,N-GOM,N-GOM,N,,,,,,,G,M,O,
N-GSF,N-GSF,N-GVE,N-GVE,N,,,,,,,G,E,V,
N-GSM,N-GSM,N-GME,N-GME,N,,,,,,,G,E,M,
N-GSN,N-GSN,N-GOE,N-GOE,N,,,,,,,G,E,O,
N-LI,N-LI,N-NAL,N-NAL,N-NAL,,,,,,,,,,
N-NPF,N-NPF,N-NVM,N-NVM,N,,,,,,,N,M,V,
N-NPM,N-NPM,N-NMM,N-NMM,N,,,,,,,N,M,M,
N-NPM-S,N-NPM-S,N-NMM-O,N-NMM-O,N,,,,,,,N,M,M,O
N-NPN,N-NPN,N-NOM,N-NOM,N,,,,,,,N,M,O,
N-NSF,N-NSF,N-NVE,N-NVE,N,,,,,,,N,E,V,
N-NSM,N-NSM,N-NME,N-NME,N,,,,,,,N,E,M,
N-NSM-C,N-NSM-C,N-NME-V,N-NME-V,N,,,,,,,N,E,M,V
N-NSN,N-NSN,N-NOE,N-NOE,N,,,,,,,N,E,O,
N-OI,N-OI,N-NAN,N-NAN,N-NAN,,,,,,,,,,
N-PRI,N-PRI,N-NAE,N-NAE,N-NAE,,,,,,,,,,
N-VPF,N-VPF,N-VVM,N-VVM,N,,,,,,,V,M,V,
N-VPM,N-VPM,N-VMM,N-VMM,N,,,,,,,V,M,M,
N-VPN,N-VPN,N-VOM,N-VOM,N,,,,,,,V,M,O,
N-VSF,N-VSF,N-VVE,N-VVE,N,,,,,,,V,E,V,
N-VSM,N-VSM,N-VME,N-VME,N,,,,,,,V,E,M,
N-VSN,N-VSN,N-VOE,N-VOE,N,,,,,,,V,E,O,
P-1AP,P-1AP,P-1AM,P-1AM,P,,,,,,1,A,M,,
P-1AS,P-1AS,P-1AE,P-1AE,P,,,,,,1,A,E,,
P-1AS-K,P-1AS-K,P-1AE-K,P-1AE-K,P,,,,,,1,A,E,,K
P-1DP,P-1DP,P-1DM,P-1DM,P,,,,,,1,D,M,,
P-1DS,P-1DS,P-1DE,P-1DE,P,,,,,,1,D,E,,
P-1DS-K,P-1DS-K,P-1DE-K,P-1DE-K,P,,,,,,1,D,E,,K
P-1GP,P-1GP,P-1GM,P-1GM,P,,,,,,1,G,M,,
P-1GS,P-1GS,P-1GE,P-1GE,P,,,,,,1,G,E,,
P-1NP,P-1NP,P-1NM,P-1NM,P,,,,,,1,N,M,,
P-1NS,P-1NS,P-1NE,P-1NE,P,,,,,,1,N,E,,
P-1NS-K,P-1NS-K,P-1NE-K,P-1NE-K,P,,,,,,1,N,E,,K
P-2AP,P-2AP,P-2AM,P-2AM,P,,,,,,2,A,M,,
P-2AS,P-2AS,P-2AE,P-2AE,P,,,,,,2,A,E,,
P-2DP,P-2DP,P-2DM,P-2DM,P,,,,,,2,D,M,,
P-2DS,P-2DS,P-2DE,P-2DE,P,,,,,,2,D,E,,
P-2GP,P-2GP,P-2GM,P-2GM,P,,,,,,2,G,M,,
P-2GS,P-2GS,P-2GE,P-2GE,P,,,,,,2,G,E,,
P-2NP,P-2NP,P-2NM,P-2NM,P,,,,,,2,N,M,,
P-2NS,P-2NS,P-2NE,P-2NE,P,,,,,,2,N,E,,
P-APF,P-APF,P-AVM,P-AVM,P,,,,,,,A,M,V,
P-APM,P-APM,P-AMM,P-AMM,P,,,,,,,A,M,M,
P-APN,P-APN,P-AOM,P-AOM,P,,,,,,,A,M,O,
P-ASF,P-ASF,P-AVE,P-AVE,P,,,,,,,A,E,V,
P-ASM,P-ASM,P-AME,P-AME,P,,,,,,,A,E,M,
P-ASN,P-ASN,P-AOE,P-AOE,P,,,,,,,A,E,O,
P-DPF,P-DPF,P-DVM,P-DVM,P,,,,,,,D,M,V,
P-DPM,P-DPM,P-DMM,P-DMM,P,,,,,,,D,M,M,
P-DPN,P-DPN,P-DOM,P-DOM,P,,,,,,,D,M,O,
P-DSF,P-DSF,P-DVE,P-DVE,P,,,,,,,D,E,V,
P-DSM,P-DSM,P-DME,P-DME,P,,,,,,,D,E,M,
P-DSN,P-DSN,P-DOE,P-DOE,P,,,,,,,D,E,O,
P-GPF,P-GPF,P-GVM,P-GVM,P,,,,,,,G,M,V,
P-GPM,P-GPM,P-GMM,P-GMM,P,,,,,,,G,M,M,
P-GPN,P-GPN,P-GOM,P-GOM,P,,,,,,,G,M,O,
P-GSF,P-GSF,P-GVE,P-GVE,P,,,,,,,G,E,V,
P-GSM,P-GSM,P-GME,P-GME,P,,,,,,,G,E,M,
P-GSN,P-GSN,P-GOE,P-GOE,P,,,,,,,G,E,O,
P-NPM,P-NPM,P-NMM,P-NMM,P,,,,,,,N,M,M,
P-NPN,P-NPN,P-NOM,P-NOM,P,,,,,,,N,M,O,
P-NSF,P-NSF,P-NVE,P-NVE,P,,,,,,,N,E,V,
P-NSM,P-NSM,P-NME,P-NME,P,,,,,,,N,E,M,
P-NSN,P-NSN,P-NOE,P-NOE,P,,,,,,,N,E,O,
PREP,PREP,PREP,PREP,PREP,,,,,,,,,,
PRT,PRT,PRT,PRT,PRT,,,,,,,,,,
PRT-I,PRT-I,PRT-Vr,PRT-Vr,PRT,,,,,,,,,,Vr
PRT-N,PRT-N,PRT-N,PRT-N,PRT,,,,,,,,,,N
Q-APF,Q-APF,Q-AVM,Q-AVM,Q,,,,,,,A,M,V,
Q-APM,Q-APM,Q-AMM,Q-AMM,Q,,,,,,,A,M,M,
Q-APN,Q-APN,Q-AOM,Q-AOM,Q,,,,,,,A,M,O,
Q-ASF,Q-ASF,Q-AVE,Q-AVE,Q,,,,,,,A,E,V,
Q-ASN,Q-ASN,Q-AOE,Q-AOE,Q,,,,,,,A,E,O,
Q-DSN,Q-DSN,Q-DOE,Q-DOE,Q,,,,,,,D,E,O,
Q-GPN,Q-GPN,Q-GOM,Q-GOM,Q,,,,,,,G,M,O,
Q-NPF,Q-NPF,Q-NVM,Q-NVM,Q,,,,,,,N,M,V,
Q-NPM,Q-NPM,Q-NMM,Q-NMM,Q,,,,,,,N,M,M,
Q-NSM,Q-NSM,Q-NME,Q-NME,Q,,,,,,,N,E,M,
Q-NSN,Q-NSN,Q-NOE,Q-NOE,Q,,,,,,,N,E,O,
R-APF,R-APF,R-AVM,R-AVM,R,,,,,,,A,M,V,
R-APM,R-APM,R-AMM,R-AMM,R,,,,,,,A,M,M,
R-APN,R-APN,R-AOM,R-AOM,R,,,,,,,A,M,O,
R-ASF,R-ASF,R-AVE,R-AVE,R,,,,,,,A,E,V,
R-ASM,R-ASM,R-AME,R-AME,R,,,,,,,A,E,M,
R-ASN,R-ASN,R-AOE,R-AOE,R,,,,,,,A,E,O,
R-DPF,R-DPF,R-DVM,R-DVM,R,,,,,,,D,M,V,
R-DPM,R-DPM,R-DMM,R-DMM,R,,,,,,,D,M,M,
R-DPN,R-DPN,R-DOM,R-DOM,R,,,,,,,D,M,O,
R-DSF,R-DSF,R-DVE,R-DVE,R,,,,,,,D,E,V,
R-DSM,R-DSM,R-DME,R-DME,R,,,,,,,D,E,M,
R-DSN,R-DSN,R-DOE,R-DOE,R,,,,,,,D,E,O,
R-GPF,R-GPF,R-GVM,R-GVM,R,,,,,,,G,M,V,
R-GPM,R-GPM,R-GMM,R-GMM,R,,,,,,,G,M,M,
R-GPN,R-GPN,R-GOM,R-GOM,R,,,,,,,G,M,O,
R-GSF,R-GSF,R-GVE,R-GVE,R,,,,,,,G,E,V,
R-GSM,R-GSM,R-GME,R-GME,R,,,,,,,G,E,M,
R-GSN,R-GSN,R-GOE,R-GOE,R,,,,,,,G,E,O,
R-GSN-ATT,R-GSN-ATT,R-GOE-ATT,R-GOE-ATT,R,,,,,,,G,E,O,ATT
R-NPF,R-NPF,R-NVM,R-NVM,R,,,,,,,N,M,V,
R-NPM,R-NPM,R-NMM,R-NMM,R,,,,,,,N,M,M,
R-NPN,R-NPN,R-NOM,R-NOM,R,,,,,,,N,M,O,
R-NSF,R-NSF,R-NVE,R-NVE,R,,,,,,,N,E,V,
R-NSM,R-NSM,R-NME,R-NME,R,,,,,,,N,E,M,
R-NSN,R-NSN,R-NOE,R-NOE,R,,,,,,,N,E,O,
S-1APF,S-1APF,B-1AVM,B-1AVM,B,,,,,,1,A,M,V,
S-1APM,S-1APM,B-1AMM,B-1AMM,B,,,,,,1,A,M,M,
S-1APN,S-1APN,B-1AOM,B-1AOM,B,,,,,,1,A,M,O,
S-1ASF,S-1ASF,B-1AVE,B-1AVE,B,,,,,,1,A,E,V,
S-1ASM,S-1ASM,B-1AME,B-1AME,B,,,,,,1,A,E,M,
S-1ASN,S-1ASN,B-1AOE,B-1AOE,B,,,,,,1,A,E,O,
S-1DPF,S-1DPF,B-1DVM,B-1DVM,B,,,,,,1,D,M,V,
S-1DPM,S-1DPM,B-1DMM,B-1DMM,B,,,,,,1,D,M,M,
S-1DPN,S-1DPN,B-1DOM,B-1DOM,B,,,,,,1,D,M,O,
S-1DSF,S-1DSF,B-1DVE,B-1DVE,B,,,,,,1,D,E,V,
S-1DSM,S-1DSM,B-1DME,B-1DME,B,,,,,,1,D,E,M,
S-1DSN,S-1DSN,B-1DOE,B-1DOE,B,,,,,,1,D,E,O,
S-1GPF,S-1GPF,B-1GVM,B-1GVM,B,,,,,,1,G,M,V,
S-1GPN,S-1GPN,B-1GOM,B-1GOM,B,,,,,,1,G,M,O,
S-1GSF,S-1GSF,B-1GVE,B-1GVE,B,,,,,,1,G,E,V,
S-1NPF,S-1NPF,B-1NVM,B-1NVM,B,,,,,,1,N,M,V,
S-1NPM,S-1NPM,B-1NMM,B-1NMM,B,,,,,,1,N,M,M,
S-1NPN,S-1NPN,B-1NOM,B-1NOM,B,,,,,,1,N,M,O,
S-1NSF,S-1NSF,B-1NVE,B-1NVE,B,,,,,,1,N,E,V,
S-1NSM,S-1NSM,B-1NME,B-1NME,B,,,,,,1,N,E,M,
S-1NSN,S-1NSN,B-1NOE,B-1NOE,B,,,,,,1,N,E,O,
S-2APF,S-2APF,B-2AVM,B-2AVM,B,,,,,,2,A,M,V,
S-2APM,S-2APM,B-2AMM,B-2AMM,B,,,,,,2,A,M,M,
S-2APN,S-2APN,B-2AOM,B-2AOM,B,,,,,,2,A,M,O,
S-2ASF,S-2ASF,B-2AVE,B-2AVE,B,,,,,,2,A,E,V,
S-2ASN,S-2ASN,B-2AOE,B-2AOE,B,,,,,,2,A,E,O,
S-2DPF,S-2DPF,B-2DVM,B-2DVM,B,,,,,,2,D,M,V,
S-2DPM,S-2DPM,B-2DMM,B-2DMM,B,,,,,,2,D,M,M,
S-2DSF,S-2DSF,B-2DVE,B-2DVE,B,,,,,,2,D,E,V,
S-2DSM,S-2DSM,B-2DME,B-2DME,B,,,,,,2,D,E,M,
S-2GPF,S-2GPF,B-2GVM,B-2GVM,B,,,,,,2,G,M,V,
S-2GSF,S-2GSF,B-2GVE,B-2GVE,B,,,,,,2,G,E,V,
S-2NPF,S-2NPF,B-2NVM,B-2NVM,B,,,,,,2,N,M,V,
S-2NPM,S-2NPM,B-2NMM,B-2NMM,B,,,,,,2,N,M,M,
S-2NPN,S-2NPN,B-2NOM,B-2NOM,B,,,,,,2,N,M,O,
S-2NSM,S-2NSM,B-2NME,B-2NME,B,,,,,,2,N,E,M,
S-2NSN,S-2NSN,B-2NOE,B-2NOE,B,,,,,,2,N,E,O,
T-APF,T-APF,T-AVM,T-AVM,T,,,,,,,A,M,V,
T-APM,T-APM,T-AMM,T-AMM,T,,,,,,,A,M,M,
T-APN,T-APN,T-AOM,T-AOM,T,,,,,,,A,M,O,
T-ASF,T-ASF,T-AVE,T-AVE,T,,,,,,,A,E,V,
T-ASM,T-ASM,T-AME,T-AME,T,,,,,,,A,E,M,
T-ASN,T-ASN,T-AOE,T-AOE,T,,,,,,,A,E,O,
T-DPF,T-DPF,T-DVM,T-DVM,T,,,,,,,D,M,V,
T-DPM,T-DPM,T-DMM,T-DMM,T,,,,,,,D,M,M,
T-DPN,T-DPN,T-DOM,T-DOM,T,,,,,,,D,M,O,
T-DSF,T-DSF,T-DVE,T-DVE,T,,,,,,,D,E,V,
T-DSM,T-DSM,T-DME,T-DME,T,,,,,,,D,E,M,
T-DSN,T-DSN,T-DOE,T-DOE,T,,,,,,,D,E,O,
T-GPF,T-GPF,T-GVM,T-GVM,T,,,,,,,G,M,V,
T-GPM,T-GPM,T-GMM,T-GMM,T,,,,,,,G,M,M,
T-GPN,T-GPN,T-GOM,T-GOM,T,,,,,,,G,M,O,
T-GSF,T-GSF,T-GVE,T-GVE,T,,,,,,,G,E,V,
T-GSM,T-GSM,T-GME,T-GME,T,,,,,,,G,E,M,
T-GSN,T-GSN,T-GOE,T-GOE,T,,,,,,,G,E,O,
T-NPF,T-NPF,T-NVM,T-NVM,T,,,,,,,N,M,V,
T-NPM,T-NPM,T-NMM,T-NMM,T,,,,,,,N,M,M,
T-NPN,T-NPN,T-NOM,T-NOM,T,,,,,,,N,M,O,
T-NSF,T-NSF,T-NVE,T-NVE,T,,,,,,,N,E,V,
T-NSM,T-NSM,T-NME,T-NME,T,,,,,,,N,E,M,
T-NSN,T-NSN,T-NOE,T-NOE,T,,,,,,,N,E,O,
V-2AAI-1P,V-NNAI-1P,W-2Ao-Act-Ind-1M,W-GHAA-1M,W,2Ao,G,H,A,A,1,,M,,
V-2AAI-1S,V-NNAI-1S,W-2Ao-Act-Ind-1E,W-GHAA-1E,W,2Ao,G,H,A,A,1,,E,,
V-2AAI-2P,V-NNAI-2P,W-2Ao-Act-Ind-2M,W-GHAA-2M,W,2Ao,G,H,A,A,2,,M,,
V-2AAI-2S,V-NNAI-2S,W-2Ao-Act-Ind-2E,W-GHAA-2E,W,2Ao,G,H,A,A,2,,E,,
V-2AAI-3P,V-NNAI-3P,W-2Ao-Act-Ind-3M,W-GHAA-3M,W,2Ao,G,H,A,A,3,,M,,
V-2AAI-3P-ATT,V-NNAI-3P-ATT,W-2Ao-Act-Ind-3M-ATT,W-GHAA-3M-ATT,W,2Ao,G,H,A,A,3,,M,,ATT
V-2AAI-3S,V-NNAI-3S,W-2Ao-Act-Ind-3E,W-GHAA-3E,W,2Ao,G,H,A,A,3,,E,,
V-2AAM-2P,V-NNAM-2P,W-2Ao-Act-Imp-2M,W-GHAG-2M,W,2Ao,G,H,A,G,2,,M,,
V-2AAM-2S,V-NNAM-2S,W-2Ao-Act-Imp-2E,W-GHAG-2E,W,2Ao,G,H,A,G,2,,E,,
V-2AAM-3P,V-NNAM-3P,W-2Ao-Act-Imp-3M,W-GHAG-3M,W,2Ao,G,H,A,G,3,,M,,
V-2AAM-3S,V-NNAM-3S,W-2Ao-Act-Imp-3E,W-GHAG-3E,W,2Ao,G,H,A,G,3,,E,,
V-2AAN,V-NNAN,W-2Ao-Act-Inf,W-GHAO,W,2Ao,G,H,A,O,,,,,
V-2AAO-3P,NULL,W-2Ao-Act-Opt-3M,W-GHAW-3M,W,2Ao,G,H,A,W,3,,M,,
V-2AAO-3S,NULL,W-2Ao-Act-Opt-3E,W-GHAW-3E,W,2Ao,G,H,A,W,3,,E,,
V-2AAP-APF,V-NNAP-APF,W-2Ao-Act-Ptc-AVM,W-GHAD-AVM,W,2Ao,G,H,A,D,,A,M,V,
V-2AAP-APM,V-NNAP-APM,W-2Ao-Act-Ptc-AMM,W-GHAD-AMM,W,2Ao,G,H,A,D,,A,M,M,
V-2AAP-ASF,V-NNAP-ASF,W-2Ao-Act-Ptc-AVE,W-GHAD-AVE,W,2Ao,G,H,A,D,,A,E,V,
V-2AAP-ASM,V-NNAP-ASM,W-2Ao-Act-Ptc-AME,W-GHAD-AME,W,2Ao,G,H,A,D,,A,E,M,
V-2AAP-ASN,V-NNAP-ASN,W-2Ao-Act-Ptc-AOE,W-GHAD-AOE,W,2Ao,G,H,A,D,,A,E,O,
V-2AAP-DPF,V-NNAP-DPF,W-2Ao-Act-Ptc-DVM,W-GHAD-DVM,W,2Ao,G,H,A,D,,D,M,V,
V-2AAP-DPM,V-NNAP-DPM,W-2Ao-Act-Ptc-DMM,W-GHAD-DMM,W,2Ao,G,H,A,D,,D,M,M,
V-2AAP-DSF,V-NNAP-DSF,W-2Ao-Act-Ptc-DVE,W-GHAD-DVE,W,2Ao,G,H,A,D,,D,E,V,
V-2AAP-DSM,V-NNAP-DSM,W-2Ao-Act-Ptc-DME,W-GHAD-DME,W,2Ao,G,H,A,D,,D,E,M,
V-2AAP-GPM,V-NNAP-GPM,W-2Ao-Act-Ptc-GMM,W-GHAD-GMM,W,2Ao,G,H,A,D,,G,M,M,
V-2AAP-GSF,V-NNAP-GSF,W-2Ao-Act-Ptc-GVE,W-GHAD-GVE,W,2Ao,G,H,A,D,,G,E,V,
V-2AAP-GSM,V-NNAP-GSM,W-2Ao-Act-Ptc-GME,W-GHAD-GME,W,2Ao,G,H,A,D,,G,E,M,
V-2AAP-GSN,V-NNAP-GSN,W-2Ao-Act-Ptc-GOE,W-GHAD-GOE,W,2Ao,G,H,A,D,,G,E,O,
V-2AAP-NPF,V-NNAP-NPF,W-2Ao-Act-Ptc-NVM,W-GHAD-NVM,W,2Ao,G,H,A,D,,N,M,V,
V-2AAP-NPM,V-NNAP-NPM,W-2Ao-Act-Ptc-NMM,W-GHAD-NMM,W,2Ao,G,H,A,D,,N,M,M,
V-2AAP-NPN,V-NNAP-NPN,W-2Ao-Act-Ptc-NOM,W-GHAD-NOM,W,2Ao,G,H,A,D,,N,M,O,
V-2AAP-NSF,V-NNAP-NSF,W-2Ao-Act-Ptc-NVE,W-GHAD-NVE,W,2Ao,G,H,A,D,,N,E,V,
V-2AAP-NSM,V-NNAP-NSM,W-2Ao-Act-Ptc-NME,W-GHAD-NME,W,2Ao,G,H,A,D,,N,E,M,
V-2AAP-NSN,V-NNAP-NSN,W-2Ao-Act-Ptc-NOE,W-GHAD-NOE,W,2Ao,G,H,A,D,,N,E,O,
V-2AAS-1P,V-NNAS-1P,W-2Ao-Act-Con-1M,W-GHAV-1M,W,2Ao,G,H,A,V,1,,M,,
V-2AAS-1S,V-NNAS-1S,W-2Ao-Act-Con-1E,W-GHAV-1E,W,2Ao,G,H,A,V,1,,E,,
V-2AAS-2P,V-NNAS-2P,W-2Ao-Act-Con-2M,W-GHAV-2M,W,2Ao,G,H,A,V,2,,M,,
V-2AAS-2S,V-NNAS-2S,W-2Ao-Act-Con-2E,W-GHAV-2E,W,2Ao,G,H,A,V,2,,E,,
V-2AAS-3P,V-NNAS-3P,W-2Ao-Act-Con-3M,W-GHAV-3M,W,2Ao,G,H,A,V,3,,M,,
V-2AAS-3S,V-NNAS-3S,W-2Ao-Act-Con-3E,W-GHAV-3E,W,2Ao,G,H,A,V,3,,E,,
V-2ADI-1S,V-NNMI-1S,W-2Ao-Med-Ind-1E,W-GHMA-1E,W,2Ao,G,H,M,A,1,,E,,
V-2ADI-2P,V-NNMI-2P,W-2Ao-Med-Ind-2M,W-GHMA-2M,W,2Ao,G,H,M,A,2,,M,,
V-2ADI-2S,V-NNMI-2S,W-2Ao-Med-Ind-2E,W-GHMA-2E,W,2Ao,G,H,M,A,2,,E,,
V-2ADI-3P,V-NNMI-3P,W-2Ao-Med-Ind-3M,W-GHMA-3M,W,2Ao,G,H,M,A,3,,M,,
V-2ADI-3S,V-NNMI-3S,W-2Ao-Med-Ind-3E,W-GHMA-3E,W,2Ao,G,H,M,A,3,,E,,
V-2ADM-2S,V-NNMM-2S,W-2Ao-Med-Imp-2E,W-GHMG-2E,W,2Ao,G,H,M,G,2,,E,,
V-2ADM-3S,V-NNMM-3S,W-2Ao-Med-Imp-3E,W-GHMG-3E,W,2Ao,G,H,M,G,3,,E,,
V-2ADN,V-NNMN,W-2Ao-Med-Inf,W-GHMO,W,2Ao,G,H,M,O,,,,,
V-2ADO-1S,V-NNMO-1S,W-2Ao-Med-Opt-1E,W-GHMW-1E,W,2Ao,G,H,M,W,1,,E,,
V-2ADO-3S,V-NNMO-3S,W-2Ao-Med-Opt-3E,W-GHMW-3E,W,2Ao,G,H,M,W,3,,E,,
V-2ADP-APM,V-NNMP-APM,W-2Ao-Med-Ptc-AMM,W-GHMD-AMM,W,2Ao,G,H,M,D,,A,M,M,
V-2ADP-APN,V-NNMP-APN,W-2Ao-Med-Ptc-AOM,W-GHMD-AOM,W,2Ao,G,H,M,D,,A,M,O,
V-2ADP-ASF,V-NNMP-ASF,W-2Ao-Med-Ptc-AVE,W-GHMD-AVE,W,2Ao,G,H,M,D,,A,E,V,
V-2ADP-ASM,V-NNMP-ASM,W-2Ao-Med-Ptc-AME,W-GHMD-AME,W,2Ao,G,H,M,D,,A,E,M,
V-2ADP-ASN,V-NNMP-ASN,W-2Ao-Med-Ptc-AOE,W-GHMD-AOE,W,2Ao,G,H,M,D,,A,E,O,
V-2ADP-DPM,V-NNMP-DPM,W-2Ao-Med-Ptc-DMM,W-GHMD-DMM,W,2Ao,G,H,M,D,,D,M,M,
V-2ADP-DPN,V-NNMP-DPN,W-2Ao-Med-Ptc-DOM,W-GHMD-DOM,W,2Ao,G,H,M,D,,D,M,O,
V-2ADP-GPF,V-NNMP-GPF,W-2Ao-Med-Ptc-GVM,W-GHMD-GVM,W,2Ao,G,H,M,D,,G,M,V,
V-2ADP-GPM,V-NNMP-GPM,W-2Ao-Med-Ptc-GMM,W-GHMD-GMM,W,2Ao,G,H,M,D,,G,M,M,
V-2ADP-GSF,V-NNMP-GSF,W-2Ao-Med-Ptc-GVE,W-GHMD-GVE,W,2Ao,G,H,M,D,,G,E,V,
V-2ADP-GSM,V-NNMP-GSM,W-2Ao-Med-Ptc-GME,W-GHMD-GME,W,2Ao,G,H,M,D,,G,E,M,
V-2ADP-GSN,V-NNMP-GSN,W-2Ao-Med-Ptc-GOE,W-GHMD-GOE,W,2Ao,G,H,M,D,,G,E,O,
V-2ADP-NPF,V-NNMP-NPF,W-2Ao-Med-Ptc-NVM,W-GHMD-NVM,W,2Ao,G,H,M,D,,N,M,V,
V-2ADP-NPM,V-NNMP-NPM,W-2Ao-Med-Ptc-NMM,W-GHMD-NMM,W,2Ao,G,H,M,D,,N,M,M,
V-2ADP-NSM,V-NNMP-NSM,W-2Ao-Med-Ptc-NME,W-GHMD-NME,W,2Ao,G,H,M,D,,N,E,M,
V-2ADS-1P,V-NNMS-1P,W-2Ao-Med-Con-1M,W-GHMV-1M,W,2Ao,G,H,M,V,1,,M,,
V-2ADS-1S,V-NNMS-1S,W-2Ao-Med-Con-1E,W-GHMV-1E,W,2Ao,G,H,M,V,1,,E,,
V-2ADS-2P,V-NNMS-2P,W-2Ao-Med-Con-2M,W-GHMV-2M,W,2Ao,G,H,M,V,2,,M,,
V-2ADS-3P,V-NNMS-3P,W-2Ao-Med-Con-3M,W-GHMV-3M,W,2Ao,G,H,M,V,3,,M,,
V-2ADS-3S,V-NNMS-3S,W-2Ao-Med-Con-3E,W-GHMV-3E,W,2Ao,G,H,M,V,3,,E,,
V-2AMI-1P,V-NNMI-1P,W-2Ao-Med-Ind-1M,W-GHMA-1M,W,2Ao,G,H,M,A,1,,M,,
V-2AMI-1S,V-NNMI-1S,W-2Ao-Med-Ind-1E,W-GHMA-1E,W,2Ao,G,H,M,A,1,,E,,
V-2AMI-2P,V-NNMI-2P,W-2Ao-Med-Ind-2M,W-GHMA-2M,W,2Ao,G,H,M,A,2,,M,,
V-2AMI-2S,V-NNMI-2S,W-2Ao-Med-Ind-2E,W-GHMA-2E,W,2Ao,G,H,M,A,2,,E,,
V-2AMI-3P,V-NNMI-3P,W-2Ao-Med-Ind-3M,W-GHMA-3M,W,2Ao,G,H,M,A,3,,M,,
V-2AMI-3S,V-NNMI-3S,W-2Ao-Med-Ind-3E,W-GHMA-3E,W,2Ao,G,H,M,A,3,,E,,
V-2AMM-2P,V-NNMM-2P,W-2Ao-Med-Imp-2M,W-GHMG-2M,W,2Ao,G,H,M,G,2,,M,,
V-2AMM-2S,V-NNMM-2S,W-2Ao-Med-Imp-2E,W-GHMG-2E,W,2Ao,G,H,M,G,2,,E,,
V-2AMN,V-NNMN,W-2Ao-Med-Inf,W-GHMO,W,2Ao,G,H,M,O,,,,,
V-2AMP-GSM,V-NNMP-GSM,W-2Ao-Med-Ptc-GME,W-GHMD-GME,W,2Ao,G,H,M,D,,G,E,M,
V-2AMP-NPM,V-NNMP-NPM,W-2Ao-Med-Ptc-NMM,W-GHMD-NMM,W,2Ao,G,H,M,D,,N,M,M,
V-2AMP-NSM,V-NNMP-NSM,W-2Ao-Med-Ptc-NME,W-GHMD-NME,W,2Ao,G,H,M,D,,N,E,M,
V-2AMS-1P,V-NNMS-1P,W-2Ao-Med-Con-1M,W-GHMV-1M,W,2Ao,G,H,M,V,1,,M,,
V-2AMS-1S,V-NNMS-1S,W-2Ao-Med-Con-1E,W-GHMV-1E,W,2Ao,G,H,M,V,1,,E,,
V-2AMS-2S,V-NNMS-2S,W-2Ao-Med-Con-2E,W-GHMV-2E,W,2Ao,G,H,M,V,2,,E,,
V-2AMS-3P,V-NNMS-3P,W-2Ao-Med-Con-3M,W-GHMV-3M,W,2Ao,G,H,M,V,3,,M,,
V-2AMS-3S,V-NNMS-3S,W-2Ao-Med-Con-3E,W-GHMV-3E,W,2Ao,G,H,M,V,3,,E,,
V-2AOI-1P,V-NNPI-1P,W-2Ao-Pas-Ind-1M,W-GHPA-1M,W,2Ao,G,H,P,A,1,,M,,
V-2AOI-1S,V-NNPI-1S,W-2Ao-Pas-Ind-1E,W-GHPA-1E,W,2Ao,G,H,P,A,1,,E,,
V-2AOI-2P,V-NNPI-2P,W-2Ao-Pas-Ind-2M,W-GHPA-2M,W,2Ao,G,H,P,A,2,,M,,
V-2AOI-3P,V-NNPI-3P,W-2Ao-Pas-Ind-3M,W-GHPA-3M,W,2Ao,G,H,P,A,3,,M,,
V-2AOI-3S,V-NNPI-3S,W-2Ao-Pas-Ind-3E,W-GHPA-3E,W,2Ao,G,H,P,A,3,,E,,
V-2AOM-2P,V-NNPM-2P,W-2Ao-Pas-Imp-2M,W-GHPG-2M,W,2Ao,G,H,P,G,2,,M,,
V-2AON,V-NNPN,W-2Ao-Pas-Inf,W-GHPO,W,2Ao,G,H,P,O,,,,,
V-2AOS-2P,V-NNPS-2P,W-2Ao-Pas-Con-2M,W-GHPV-2M,W,2Ao,G,H,P,V,2,,M,,
V-2API-1P,V-NNPI-1P,W-2Ao-Pas-Ind-1M,W-GHPA-1M,W,2Ao,G,H,P,A,1,,M,,
V-2API-1S,V-NNPI-1S,W-2Ao-Pas-Ind-1E,W-GHPA-1E,W,2Ao,G,H,P,A,1,,E,,
V-2API-2P,V-NNPI-2P,W-2Ao-Pas-Ind-2M,W-GHPA-2M,W,2Ao,G,H,P,A,2,,M,,
V-2API-2S,V-NNPI-2S,W-2Ao-Pas-Ind-2E,W-GHPA-2E,W,2Ao,G,H,P,A,2,,E,,
V-2API-3P,V-NNPI-3P,W-2Ao-Pas-Ind-3M,W-GHPA-3M,W,2Ao,G,H,P,A,3,,M,,
V-2API-3S,V-NNPI-3S,W-2Ao-Pas-Ind-3E,W-GHPA-3E,W,2Ao,G,H,P,A,3,,E,,
V-2APM-2P,V-NNPM-2P,W-2Ao-Pas-Imp-2M,W-GHPG-2M,W,2Ao,G,H,P,G,2,,M,,
V-2APM-2S,V-NNPM-2S,W-2Ao-Pas-Imp-2E,W-GHPG-2E,W,2Ao,G,H,P,G,2,,E,,
V-2APM-3S,V-NNPM-3S,W-2Ao-Pas-Imp-3E,W-GHPG-3E,W,2Ao,G,H,P,G,3,,E,,
V-2APN,V-NNPN,W-2Ao-Pas-Inf,W-GHPO,W,2Ao,G,H,P,O,,,,,
V-2APP-ASM,V-NNPP-ASM,W-2Ao-Pas-Ptc-AME,W-GHPD-AME,W,2Ao,G,H,P,D,,A,E,M,
V-2APP-DSN,V-NNPP-DSN,W-2Ao-Pas-Ptc-DOE,W-GHPD-DOE,W,2Ao,G,H,P,D,,D,E,O,
V-2APP-GPM,V-NNPP-GPM,W-2Ao-Pas-Ptc-GMM,W-GHPD-GMM,W,2Ao,G,H,P,D,,G,M,M,
V-2APP-NPF,V-NNPP-NPF,W-2Ao-Pas-Ptc-NVM,W-GHPD-NVM,W,2Ao,G,H,P,D,,N,M,V,
V-2APP-NPM,V-NNPP-NPM,W-2Ao-Pas-Ptc-NMM,W-GHPD-NMM,W,2Ao,G,H,P,D,,N,M,M,
V-2APP-NSF,V-NNPP-NSF,W-2Ao-Pas-Ptc-NVE,W-GHPD-NVE,W,2Ao,G,H,P,D,,N,E,V,
V-2APP-NSM,V-NNPP-NSM,W-2Ao-Pas-Ptc-NME,W-GHPD-NME,W,2Ao,G,H,P,D,,N,E,M,
V-2APP-NSN,V-NNPP-NSN,W-2Ao-Pas-Ptc-NOE,W-GHPD-NOE,W,2Ao,G,H,P,D,,N,E,O,
V-2APS-1P,V-NNPS-1P,W-2Ao-Pas-Con-1M,W-GHPV-1M,W,2Ao,G,H,P,V,1,,M,,
V-2APS-2P,V-NNPS-2P,W-2Ao-Pas-Con-2M,W-GHPV-2M,W,2Ao,G,H,P,V,2,,M,,
V-2APS-2S,V-NNPS-2S,W-2Ao-Pas-Con-2E,W-GHPV-2E,W,2Ao,G,H,P,V,2,,E,,
V-2APS-3P,V-NNPS-3P,W-2Ao-Pas-Con-3M,W-GHPV-3M,W,2Ao,G,H,P,V,3,,M,,
V-2APS-3S,V-NNPS-3S,W-2Ao-Pas-Con-3E,W-GHPV-3E,W,2Ao,G,H,P,V,3,,E,,
V-2FAI-3S,V-FIAI-3S,W-2Fu-Act-Ind-3E,W-TOAA-3E,W,2Fu,T,O,A,A,3,,E,,
V-2FMI-3S,V-FIMI-3S,W-2Fu-Med-Ind-3E,W-TOMA-3E,W,2Fu,T,O,M,A,3,,E,,
V-2FOI-1S,V-FIPI-1S,W-2Fu-Pas-Ind-1E,W-TOPA-1E,W,2Fu,T,O,P,A,1,,E,,
V-2FOI-3P,V-FIPI-3P,W-2Fu-Pas-Ind-3M,W-TOPA-3M,W,2Fu,T,O,P,A,3,,M,,
V-2FOI-3S,V-FIPI-3S,W-2Fu-Pas-Ind-3E,W-TOPA-3E,W,2Fu,T,O,P,A,3,,E,,
V-2FPI-1P,V-FIPI-1P,W-2Fu-Pas-Ind-1M,W-TOPA-1M,W,2Fu,T,O,P,A,1,,M,,
V-2FPI-2P,V-FIPI-2P,W-2Fu-Pas-Ind-2M,W-TOPA-2M,W,2Fu,T,O,P,A,2,,M,,
V-2FPI-2S,V-FIPI-2S,W-2Fu-Pas-Ind-2E,W-TOPA-2E,W,2Fu,T,O,P,A,2,,E,,
V-2FPI-3P,V-FIPI-3P,W-2Fu-Pas-Ind-3M,W-TOPA-3M,W,2Fu,T,O,P,A,3,,M,,
V-2FPI-3S,V-FIPI-3S,W-2Fu-Pas-Ind-3E,W-TOPA-3E,W,2Fu,T,O,P,A,3,,E,,
V-2LAI-3S,V-PCAI-3S,W-2Pv-Act-Ind-3E,W-VVAA-3E,W,2Pv,V,V,A,A,3,,E,,
V-2RAI-1P,V-RCAI-1P,W-2Pf-Act-Ind-1M,W-HVAA-1M,W,2Pf,H,V,A,A,1,,M,,
V-2RAI-1P-ATT,V-RCAI-1P-ATT,W-2Pf-Act-Ind-1M-ATT,W-HVAA-1M-ATT,W,2Pf,H,V,A,A,1,,M,,ATT
V-2RAI-1S,V-RCAI-1S,W-2Pf-Act-Ind-1E,W-HVAA-1E,W,2Pf,H,V,A,A,1,,E,,
V-2RAI-2P,V-RCAI-2P,W-2Pf-Act-Ind-2M,W-HVAA-2M,W,2Pf,H,V,A,A,2,,M,,
V-2RAI-2P-ATT,V-RCAI-2P-ATT,W-2Pf-Act-Ind-2M-ATT,W-HVAA-2M-ATT,W,2Pf,H,V,A,A,2,,M,,ATT
V-2RAI-2S,V-RCAI-2S,W-2Pf-Act-Ind-2E,W-HVAA-2E,W,2Pf,H,V,A,A,2,,E,,
V-2RAI-3P,V-RCAI-3P,W-2Pf-Act-Ind-3M,W-HVAA-3M,W,2Pf,H,V,A,A,3,,M,,
V-2RAI-3P-ATT,V-RCAI-3P-ATT,W-2Pf-Act-Ind-3M-ATT,W-HVAA-3M-ATT,W,2Pf,H,V,A,A,3,,M,,ATT
V-2RAI-3S,V-RCAI-3S,W-2Pf-Act-Ind-3E,W-HVAA-3E,W,2Pf,H,V,A,A,3,,E,,
V-2RAI-3S-ATT,V-RCAI-3S-ATT,W-2Pf-Act-Ind-3E-ATT,W-HVAA-3E-ATT,W,2Pf,H,V,A,A,3,,E,,ATT
V-2RAN,V-NCAN,W-2Pf-Act-Inf,W-GVAO,W,2Pf,G,V,A,O,,,,,
V-2RAP-APM,V-NCAP-APM,W-2Pf-Act-Ptc-AMM,W-GVAD-AMM,W,2Pf,G,V,A,D,,A,M,M,
V-2RAP-APM-ATT,V-NCAP-APM-ATT,W-2Pf-Act-Ptc-AMM-ATT,W-GVAD-AMM-ATT,W,2Pf,G,V,A,D,,A,M,M,ATT
V-2RAP-APN,V-NCAP-APN,W-2Pf-Act-Ptc-AOM,W-GVAD-AOM,W,2Pf,G,V,A,D,,A,M,O,
V-2RAP-ASF,V-NCAP-ASF,W-2Pf-Act-Ptc-AVE,W-GVAD-AVE,W,2Pf,G,V,A,D,,A,E,V,
V-2RAP-ASM,V-NCAP-ASM,W-2Pf-Act-Ptc-AME,W-GVAD-AME,W,2Pf,G,V,A,D,,A,E,M,
V-2RAP-ASN,V-NCAP-ASN,W-2Pf-Act-Ptc-AOE,W-GVAD-AOE,W,2Pf,G,V,A,D,,A,E,O,
V-2RAP-DSN,V-NCAP-DSN,W-2Pf-Act-Ptc-DOE,W-GVAD-DOE,W,2Pf,G,V,A,D,,D,E,O,
V-2RAP-NPM,V-NCAP-NPM,W-2Pf-Act-Ptc-NMM,W-GVAD-NMM,W,2Pf,G,V,A,D,,N,M,M,
V-2RAP-NSF,V-NCAP-NSF,W-2Pf-Act-Ptc-NVE,W-GVAD-NVE,W,2Pf,G,V,A,D,,N,E,V,
V-2RAP-NSM,V-NCAP-NSM,W-2Pf-Act-Ptc-NME,W-GVAD-NME,W,2Pf,G,V,A,D,,N,E,M,
V-2RAP-NSN,V-NCAP-NSN,W-2Pf-Act-Ptc-NOE,W-GVAD-NOE,W,2Pf,G,V,A,D,,N,E,O,
V-AAI-1P,V-NNAI-1P,W-Ao-Act-Ind-1M,W-GHAA-1M,W,Ao,G,H,A,A,1,,M,,
V-AAI-1S,V-NNAI-1S,W-Ao-Act-Ind-1E,W-GHAA-1E,W,Ao,G,H,A,A,1,,E,,
V-AAI-2P,V-NNAI-2P,W-Ao-Act-Ind-2M,W-GHAA-2M,W,Ao,G,H,A,A,2,,M,,
V-AAI-2S,V-NNAI-2S,W-Ao-Act-Ind-2E,W-GHAA-2E,W,Ao,G,H,A,A,2,,E,,
V-AAI-3P,V-NNAI-3P,W-Ao-Act-Ind-3M,W-GHAA-3M,W,Ao,G,H,A,A,3,,M,,
V-AAI-3S,V-NNAI-3S,W-Ao-Act-Ind-3E,W-GHAA-3E,W,Ao,G,H,A,A,3,,E,,
V-AAN,V-NNAN,W-Ao-Act-Inf,W-GHAO,W,Ao,G,H,A,O,,,,,
V-AAO-3P,NULL,W-Ao-Act-Opt-3M,W-GHAW-3M,W,Ao,G,H,A,W,3,,M,,
V-AAO-3S,NULL,W-Ao-Act-Opt-3E,W-GHAW-3E,W,Ao,G,H,A,W,3,,E,,
V-AAP-APM,V-NNAP-APM,W-Ao-Act-Ptc-AMM,W-GHAD-AMM,W,Ao,G,H,A,D,,A,M,M,
V-AAP-APN,V-NNAP-APN,W-Ao-Act-Ptc-AOM,W-GHAD-AOM,W,Ao,G,H,A,D,,A,M,O,
V-AAP-ASF,V-NNAP-ASF,W-Ao-Act-Ptc-AVE,W-GHAD-AVE,W,Ao,G,H,A,D,,A,E,V,
V-AAP-ASM,V-NNAP-ASM,W-Ao-Act-Ptc-AME,W-GHAD-AME,W,Ao,G,H,A,D,,A,E,M,
V-AAP-ASN,V-NNAP-ASN,W-Ao-Act-Ptc-AOE,W-GHAD-AOE,W,Ao,G,H,A,D,,A,E,O,
V-AAP-DPM,V-NNAP-DPM,W-Ao-Act-Ptc-DMM,W-GHAD-DMM,W,Ao,G,H,A,D,,D,M,M,
V-AAP-DSM,V-NNAP-DSM,W-Ao-Act-Ptc-DME,W-GHAD-DME,W,Ao,G,H,A,D,,D,E,M,
V-AAP-GPM,V-NNAP-GPM,W-Ao-Act-Ptc-GMM,W-GHAD-GMM,W,Ao,G,H,A,D,,G,M,M,
V-AAP-GSM,V-NNAP-GSM,W-Ao-Act-Ptc-GME,W-GHAD-GME,W,Ao,G,H,A,D,,G,E,M,
V-AAP-NPF,V-NNAP-NPF,W-Ao-Act-Ptc-NVM,W-GHAD-NVM,W,Ao,G,H,A,D,,N,M,V,
V-AAP-NPM,V-NNAP-NPM,W-Ao-Act-Ptc-NMM,W-GHAD-NMM,W,Ao,G,H,A,D,,N,M,M,
V-AAP-NSF,V-NNAP-NSF,W-Ao-Act-Ptc-NVE,W-GHAD-NVE,W,Ao,G,H,A,D,,N,E,V,
V-AAP-NSM,V-NNAP-NSM,W-Ao-Act-Ptc-NME,W-GHAD-NME,W,Ao,G,H,A,D,,N,E,M,
V-AAP-NSN,V-NNAP-NSN,W-Ao-Act-Ptc-NOE,W-GHAD-NOE,W,Ao,G,H,A,D,,N,E,O,
V-AAS-1P,V-NNAS-1P,W-Ao-Act-Con-1M,W-GHAV-1M,W,Ao,G,H,A,V,1,,M,,
V-AAS-1S,V-NNAS-1S,W-Ao-Act-Con-1E,W-GHAV-1E,W,Ao,G,H,A,V,1,,E,,
V-AAS-2P,V-NNAS-2P,W-Ao-Act-Con-2M,W-GHAV-2M,W,Ao,G,H,A,V,2,,M,,
V-AAS-2S,V-NNAS-2S,W-Ao-Act-Con-2E,W-GHAV-2E,W,Ao,G,H,A,V,2,,E,,
V-AAS-3P,V-NNAS-3P,W-Ao-Act-Con-3M,W-GHAV-3M,W,Ao,G,H,A,V,3,,M,,
V-AAS-3S,V-NNAS-3S,W-Ao-Act-Con-3E,W-GHAV-3E,W,Ao,G,H,A,V,3,,E,,
V-ADI-1P,V-NNMI-1P,W-Ao-Med-Ind-1M,W-GHMA-1M,W,Ao,G,H,M,A,1,,M,,
V-ADI-1S,V-NNMI-1S,W-Ao-Med-Ind-1E,W-GHMA-1E,W,Ao,G,H,M,A,1,,E,,
V-ADI-2P,V-NNMI-2P,W-Ao-Med-Ind-2M,W-GHMA-2M,W,Ao,G,H,M,A,2,,M,,
V-ADI-2S,V-NNMI-2S,W-Ao-Med-Ind-2E,W-GHMA-2E,W,Ao,G,H,M,A,2,,E,,
V-ADI-3P,V-NNMI-3P,W-Ao-Med-Ind-3M,W-GHMA-3M,W,Ao,G,H,M,A,3,,M,,
V-ADI-3S,V-NNMI-3S,W-Ao-Med-Ind-3E,W-GHMA-3E,W,Ao,G,H,M,A,3,,E,,
V-ADM-2P,V-NNMM-2P,W-Ao-Med-Imp-2M,W-GHMG-2M,W,Ao,G,H,M,G,2,,M,,
V-ADM-2S,V-NNMM-2S,W-Ao-Med-Imp-2E,W-GHMG-2E,W,Ao,G,H,M,G,2,,E,,
V-ADM-3P,V-NNMM-3P,W-Ao-Med-Imp-3M,W-GHMG-3M,W,Ao,G,H,M,G,3,,M,,
V-ADM-3S,V-NNMM-3S,W-Ao-Med-Imp-3E,W-GHMG-3E,W,Ao,G,H,M,G,3,,E,,
V-ADN,V-NNMN,W-Ao-Med-Inf,W-GHMO,W,Ao,G,H,M,O,,,,,
V-ADO-1S,NULL,W-Ao-Med-Opt-1E,W-GHMW-1E,W,Ao,G,H,M,W,1,,E,,
V-ADP-APM,V-NNMP-APM,W-Ao-Med-Ptc-AMM,W-GHMD-AMM,W,Ao,G,H,M,D,,A,M,M,
V-ADP-ASM,V-NNMP-ASM,W-Ao-Med-Ptc-AME,W-GHMD-AME,W,Ao,G,H,M,D,,A,E,M,
V-ADP-DPM,V-NNMP-DPM,W-Ao-Med-Ptc-DMM,W-GHMD-DMM,W,Ao,G,H,M,D,,D,M,M,
V-ADP-GSF,V-NNMP-GSF,W-Ao-Med-Ptc-GVE,W-GHMD-GVE,W,Ao,G,H,M,D,,G,E,V,
V-ADP-NPM,V-NNMP-NPM,W-Ao-Med-Ptc-NMM,W-GHMD-NMM,W,Ao,G,H,M,D,,N,M,M,
V-ADP-NSF,V-NNMP-NSF,W-Ao-Med-Ptc-NVE,W-GHMD-NVE,W,Ao,G,H,M,D,,N,E,V,
V-ADP-NSM,V-NNMP-NSM,W-Ao-Med-Ptc-NME,W-GHMD-NME,W,Ao,G,H,M,D,,N,E,M,
V-ADS-1P,V-NNMS-1P,W-Ao-Med-Con-1M,W-GHMV-1M,W,Ao,G,H,M,V,1,,M,,
V-ADS-1S,V-NNMS-1S,W-Ao-Med-Con-1E,W-GHMV-1E,W,Ao,G,H,M,V,1,,E,,
V-ADS-2P,V-NNMS-2P,W-Ao-Med-Con-2M,W-GHMV-2M,W,Ao,G,H,M,V,2,,M,,
V-ADS-2S,V-NNMS-2S,W-Ao-Med-Con-2E,W-GHMV-2E,W,Ao,G,H,M,V,2,,E,,
V-ADS-3P,V-NNMS-3P,W-Ao-Med-Con-3M,W-GHMV-3M,W,Ao,G,H,M,V,3,,M,,
V-ADS-3S,V-NNMS-3S,W-Ao-Med-Con-3E,W-GHMV-3E,W,Ao,G,H,M,V,3,,E,,
V-AMI-1P,V-NNMI-1P,W-Ao-Med-Ind-1M,W-GHMA-1M,W,Ao,G,H,M,A,1,,M,,
V-AMI-1S,V-NNMI-1S,W-Ao-Med-Ind-1E,W-GHMA-1E,W,Ao,G,H,M,A,1,,E,,
V-AMI-2P,V-NNMI-2P,W-Ao-Med-Ind-2M,W-GHMA-2M,W,Ao,G,H,M,A,2,,M,,
V-AMI-2S,V-NNMI-2S,W-Ao-Med-Ind-2E,W-GHMA-2E,W,Ao,G,H,M,A,2,,E,,
V-AMI-3P,V-NNMI-3P,W-Ao-Med-Ind-3M,W-GHMA-3M,W,Ao,G,H,M,A,3,,M,,
V-AMI-3S,V-NNMI-3S,W-Ao-Med-Ind-3E,W-GHMA-3E,W,Ao,G,H,M,A,3,,E,,
V-AMN,V-NNMN,W-Ao-Med-Inf,W-GHMO,W,Ao,G,H,M,O,,,,,
V-AMP-APM,V-NNMP-APM,W-Ao-Med-Ptc-AMM,W-GHMD-AMM,W,Ao,G,H,M,D,,A,M,M,
V-AMP-DPM,V-NNMP-DPM,W-Ao-Med-Ptc-DMM,W-GHMD-DMM,W,Ao,G,H,M,D,,D,M,M,
V-AMP-GPM,V-NNMP-GPM,W-Ao-Med-Ptc-GMM,W-GHMD-GMM,W,Ao,G,H,M,D,,G,M,M,
V-AMP-GSM,V-NNMP-GSM,W-Ao-Med-Ptc-GME,W-GHMD-GME,W,Ao,G,H,M,D,,G,E,M,
V-AMP-NPM,V-NNMP-NPM,W-Ao-Med-Ptc-NMM,W-GHMD-NMM,W,Ao,G,H,M,D,,N,M,M,
V-AMP-NSF,V-NNMP-NSF,W-Ao-Med-Ptc-NVE,W-GHMD-NVE,W,Ao,G,H,M,D,,N,E,V,
V-AMP-NSM,V-NNMP-NSM,W-Ao-Med-Ptc-NME,W-GHMD-NME,W,Ao,G,H,M,D,,N,E,M,
V-AMS-1P,V-NNMS-1P,W-Ao-Med-Con-1M,W-GHMV-1M,W,Ao,G,H,M,V,1,,M,,
V-AMS-1S,V-NNMS-1S,W-Ao-Med-Con-1E,W-GHMV-1E,W,Ao,G,H,M,V,1,,E,,
V-AMS-2P,V-NNMS-2P,W-Ao-Med-Con-2M,W-GHMV-2M,W,Ao,G,H,M,V,2,,M,,
V-AMS-2S,V-NNMS-2S,W-Ao-Med-Con-2E,W-GHMV-2E,W,Ao,G,H,M,V,2,,E,,
V-AMS-3P,V-NNMS-3P,W-Ao-Med-Con-3M,W-GHMV-3M,W,Ao,G,H,M,V,3,,M,,
V-AMS-3S,V-NNMS-3S,W-Ao-Med-Con-3E,W-GHMV-3E,W,Ao,G,H,M,V,3,,E,,
V-ANI-3P,V-NNMI-3P,W-Ao-Med-Ind-3M,W-GHMA-3M,W,Ao,G,H,M,A,3,,M,,
V-ANI-3S,V-NNMI-3S,W-Ao-Med-Ind-3E,W-GHMA-3E,W,Ao,G,H,M,A,3,,E,,
V-ANP-NSM,V-NNMP-NSM,W-Ao-Med-Ptc-NME,W-GHMD-NME,W,Ao,G,H,M,D,,N,E,M,
V-ANP-NSN,V-NNMP-NSN,W-Ao-Med-Ptc-NOE,W-GHMD-NOE,W,Ao,G,H,M,D,,N,E,O,
V-AOI-1P,V-NNPI-1P,W-Ao-Pas-Ind-1M,W-GHPA-1M,W,Ao,G,H,P,A,1,,M,,
V-AOI-1P-ATT,V-NNPI-1P-ATT,W-Ao-Pas-Ind-1M-ATT,W-GHPA-1M-ATT,W,Ao,G,H,P,A,1,,M,,ATT
V-AOI-1S,V-NNPI-1S,W-Ao-Pas-Ind-1E,W-GHPA-1E,W,Ao,G,H,P,A,1,,E,,
V-AOI-1S-ATT,V-NNPI-1S-ATT,W-Ao-Pas-Ind-1E-ATT,W-GHPA-1E-ATT,W,Ao,G,H,P,A,1,,E,,ATT
V-AOI-2P,V-NNPI-2P,W-Ao-Pas-Ind-2M,W-GHPA-2M,W,Ao,G,H,P,A,2,,M,,
V-AOI-2P-ATT,V-NNPI-2P-ATT,W-Ao-Pas-Ind-2M-ATT,W-GHPA-2M-ATT,W,Ao,G,H,P,A,2,,M,,ATT
V-AOI-3P,V-NNPI-3P,W-Ao-Pas-Ind-3M,W-GHPA-3M,W,Ao,G,H,P,A,3,,M,,
V-AOI-3P-ATT,V-NNPI-3P-ATT,W-Ao-Pas-Ind-3M-ATT,W-GHPA-3M-ATT,W,Ao,G,H,P,A,3,,M,,ATT
V-AOI-3S,V-NNPI-3S,W-Ao-Pas-Ind-3E,W-GHPA-3E,W,Ao,G,H,P,A,3,,E,,
V-AOM-2P,V-NNPM-2P,W-Ao-Pas-Imp-2M,W-GHPG-2M,W,Ao,G,H,P,G,2,,M,,
V-AOM-2S,V-NNPM-2S,W-Ao-Pas-Imp-2E,W-GHPG-2E,W,Ao,G,H,P,G,2,,E,,
V-AOM-3S,V-NNPM-3S,W-Ao-Pas-Imp-3E,W-GHPG-3E,W,Ao,G,H,P,G,3,,E,,
V-AON,V-NNPN,W-Ao-Pas-Inf,W-GHPO,W,Ao,G,H,P,O,,,,,
V-AOO-3S,V-NNPO-3S,W-Ao-Pas-Opt-3E,W-GHPW-3E,W,Ao,G,H,P,W,3,,E,,
V-AOP-APM,V-NNPP-APM,W-Ao-Pas-Ptc-AMM,W-GHPD-AMM,W,Ao,G,H,P,D,,A,M,M,
V-AOP-DSM,V-NNPP-DSM,W-Ao-Pas-Ptc-DME,W-GHPD-DME,W,Ao,G,H,P,D,,D,E,M,
V-AOP-GPM,V-NNPP-GPM,W-Ao-Pas-Ptc-GMM,W-GHPD-GMM,W,Ao,G,H,P,D,,G,M,M,
V-AOP-GPN,V-NNPP-GPN,W-Ao-Pas-Ptc-GOM,W-GHPD-GOM,W,Ao,G,H,P,D,,G,M,O,
V-AOP-GSM,V-NNPP-GSM,W-Ao-Pas-Ptc-GME,W-GHPD-GME,W,Ao,G,H,P,D,,G,E,M,
V-AOP-NPF,V-NNPP-NPF,W-Ao-Pas-Ptc-NVM,W-GHPD-NVM,W,Ao,G,H,P,D,,N,M,V,
V-AOP-NPM,V-NNPP-NPM,W-Ao-Pas-Ptc-NMM,W-GHPD-NMM,W,Ao,G,H,P,D,,N,M,M,
V-AOP-NSF,V-NNPP-NSF,W-Ao-Pas-Ptc-NVE,W-GHPD-NVE,W,Ao,G,H,P,D,,N,E,V,
V-AOP-NSM,V-NNPP-NSM,W-Ao-Pas-Ptc-NME,W-GHPD-NME,W,Ao,G,H,P,D,,N,E,M,
V-AOP-NSN,V-NNPP-NSN,W-Ao-Pas-Ptc-NOE,W-GHPD-NOE,W,Ao,G,H,P,D,,N,E,O,
V-AOS-1P,V-NNPS-1P,W-Ao-Pas-Con-1M,W-GHPV-1M,W,Ao,G,H,P,V,1,,M,,
V-AOS-1S,V-NNPS-1S,W-Ao-Pas-Con-1E,W-GHPV-1E,W,Ao,G,H,P,V,1,,E,,
V-AOS-2P,V-NNPS-2P,W-Ao-Pas-Con-2M,W-GHPV-2M,W,Ao,G,H,P,V,2,,M,,
V-AOS-2S,V-NNPS-2S,W-Ao-Pas-Con-2E,W-GHPV-2E,W,Ao,G,H,P,V,2,,E,,
V-AOS-3P,V-NNPS-3P,W-Ao-Pas-Con-3M,W-GHPV-3M,W,Ao,G,H,P,V,3,,M,,
V-AOS-3S,V-NNPS-3S,W-Ao-Pas-Con-3E,W-GHPV-3E,W,Ao,G,H,P,V,3,,E,,
V-API-1P,V-NNPI-1P,W-Ao-Pas-Ind-1M,W-GHPA-1M,W,Ao,G,H,P,A,1,,M,,
V-API-1S,V-NNPI-1S,W-Ao-Pas-Ind-1E,W-GHPA-1E,W,Ao,G,H,P,A,1,,E,,
V-API-2P,V-NNPI-2P,W-Ao-Pas-Ind-2M,W-GHPA-2M,W,Ao,G,H,P,A,2,,M,,
V-API-2S,V-NNPI-2S,W-Ao-Pas-Ind-2E,W-GHPA-2E,W,Ao,G,H,P,A,2,,E,,
V-API-3P,V-NNPI-3P,W-Ao-Pas-Ind-3M,W-GHPA-3M,W,Ao,G,H,P,A,3,,M,,
V-API-3S,V-NNPI-3S,W-Ao-Pas-Ind-3E,W-GHPA-3E,W,Ao,G,H,P,A,3,,E,,
V-APN,V-NNPN,W-Ao-Pas-Inf,W-GHPO,W,Ao,G,H,P,O,,,,,
V-APO-3S,V-NNPO-3S,W-Ao-Pas-Opt-3E,W-GHPW-3E,W,Ao,G,H,P,W,3,,E,,
V-APP-APM,V-NNPP-APM,W-Ao-Pas-Ptc-AMM,W-GHPD-AMM,W,Ao,G,H,P,D,,A,M,M,
V-APP-APN,V-NNPP-APN,W-Ao-Pas-Ptc-AOM,W-GHPD-AOM,W,Ao,G,H,P,D,,A,M,O,
V-APP-ASF,V-NNPP-ASF,W-Ao-Pas-Ptc-AVE,W-GHPD-AVE,W,Ao,G,H,P,D,,A,E,V,
V-APP-ASM,V-NNPP-ASM,W-Ao-Pas-Ptc-AME,W-GHPD-AME,W,Ao,G,H,P,D,,A,E,M,
V-APP-ASN,V-NNPP-ASN,W-Ao-Pas-Ptc-AOE,W-GHPD-AOE,W,Ao,G,H,P,D,,A,E,O,
V-APP-DPN,V-NNPP-DPN,W-Ao-Pas-Ptc-DOM,W-GHPD-DOM,W,Ao,G,H,P,D,,D,M,O,
V-APP-DSF,V-NNPP-DSF,W-Ao-Pas-Ptc-DVE,W-GHPD-DVE,W,Ao,G,H,P,D,,D,E,V,
V-APP-DSM,V-NNPP-DSM,W-Ao-Pas-Ptc-DME,W-GHPD-DME,W,Ao,G,H,P,D,,D,E,M,
V-APP-GPF,V-NNPP-GPF,W-Ao-Pas-Ptc-GVM,W-GHPD-GVM,W,Ao,G,H,P,D,,G,M,V,
V-APP-GPM,V-NNPP-GPM,W-Ao-Pas-Ptc-GMM,W-GHPD-GMM,W,Ao,G,H,P,D,,G,M,M,
V-APP-GPN,V-NNPP-GPN,W-Ao-Pas-Ptc-GOM,W-GHPD-GOM,W,Ao,G,H,P,D,,G,M,O,
V-APP-GSF,V-NNPP-GSF,W-Ao-Pas-Ptc-GVE,W-GHPD-GVE,W,Ao,G,H,P,D,,G,E,V,
V-APP-GSM,V-NNPP-GSM,W-Ao-Pas-Ptc-GME,W-GHPD-GME,W,Ao,G,H,P,D,,G,E,M,
V-APP-GSN,V-NNPP-GSN,W-Ao-Pas-Ptc-GOE,W-GHPD-GOE,W,Ao,G,H,P,D,,G,E,O,
V-APP-NPM,V-NNPP-NPM,W-Ao-Pas-Ptc-NMM,W-GHPD-NMM,W,Ao,G,H,P,D,,N,M,M,
V-APP-NPN,V-NNPP-NPN,W-Ao-Pas-Ptc-NOM,W-GHPD-NOM,W,Ao,G,H,P,D,,N,M,O,
V-APP-NSF,V-NNPP-NSF,W-Ao-Pas-Ptc-NVE,W-GHPD-NVE,W,Ao,G,H,P,D,,N,E,V,
V-APP-NSM,V-NNPP-NSM,W-Ao-Pas-Ptc-NME,W-GHPD-NME,W,Ao,G,H,P,D,,N,E,M,
V-APP-NSN,V-NNPP-NSN,W-Ao-Pas-Ptc-NOE,W-GHPD-NOE,W,Ao,G,H,P,D,,N,E,O,
V-APS-1P,V-NNPS-1P,W-Ao-Pas-Con-1M,W-GHPV-1M,W,Ao,G,H,P,V,1,,M,,
V-APS-1S,V-NNPS-1S,W-Ao-Pas-Con-1E,W-GHPV-1E,W,Ao,G,H,P,V,1,,E,,
V-APS-2P,V-NNPS-2P,W-Ao-Pas-Con-2M,W-GHPV-2M,W,Ao,G,H,P,V,2,,M,,
V-APS-2S,V-NNPS-2S,W-Ao-Pas-Con-2E,W-GHPV-2E,W,Ao,G,H,P,V,2,,E,,
V-APS-3P,V-NNPS-3P,W-Ao-Pas-Con-3M,W-GHPV-3M,W,Ao,G,H,P,V,3,,M,,
V-APS-3S,V-NNPS-3S,W-Ao-Pas-Con-3E,W-GHPV-3E,W,Ao,G,H,P,V,3,,E,,
V-FAI-1P,V-FIAI-1P,W-Fu-Act-Ind-1M,W-TOAA-1M,W,Fu,T,O,A,A,1,,M,,
V-FAI-1S,V-FIAI-1S,W-Fu-Act-Ind-1E,W-TOAA-1E,W,Fu,T,O,A,A,1,,E,,
V-FAI-1S-ATT,V-FIAI-1S-ATT,W-Fu-Act-Ind-1E-ATT,W-TOAA-1E-ATT,W,Fu,T,O,A,A,1,,E,,ATT
V-FAI-2P,V-FIAI-2P,W-Fu-Act-Ind-2M,W-TOAA-2M,W,Fu,T,O,A,A,2,,M,,
V-FAI-2S,V-FIAI-2S,W-Fu-Act-Ind-2E,W-TOAA-2E,W,Fu,T,O,A,A,2,,E,,
V-FAI-3P,V-FIAI-3P,W-Fu-Act-Ind-3M,W-TOAA-3M,W,Fu,T,O,A,A,3,,M,,
V-FAI-3P-ATT,V-FIAI-3P-ATT,W-Fu-Act-Ind-3M-ATT,W-TOAA-3M-ATT,W,Fu,T,O,A,A,3,,M,,ATT
V-FAI-3S,V-FIAI-3S,W-Fu-Act-Ind-3E,W-TOAA-3E,W,Fu,T,O,A,A,3,,E,,
V-FAI-3S-ATT,V-FIAI-3S-ATT,W-Fu-Act-Ind-3E-ATT,W-TOAA-3E-ATT,W,Fu,T,O,A,A,3,,E,,ATT
V-FAN,NULL,W-Fu-Act-Inf,W-TOAO,W,Fu,T,O,A,O,,,,,
V-FAP-APN,V-FIAP-APN,W-Fu-Act-Ptc-AOM,W-TOAD-AOM,W,Fu,T,O,A,D,,A,M,O,
V-FAP-NPM,V-FIAP-NPM,W-Fu-Act-Ptc-NMM,W-TOAD-NMM,W,Fu,T,O,A,D,,N,M,M,
V-FAP-NSM,V-FIAP-NSM,W-Fu-Act-Ptc-NME,W-TOAD-NME,W,Fu,T,O,A,D,,N,E,M,
V-FAS-3P,V-FIAS-3P,W-Fu-Act-Con-3M,W-TOAV-3M,W,Fu,T,O,A,V,3,,M,,
V-FDI-1P,V-FIMI-1P,W-Fu-Med-Ind-1M,W-TOMA-1M,W,Fu,T,O,M,A,1,,M,,
V-FDI-1S,V-FIMI-1S,W-Fu-Med-Ind-1E,W-TOMA-1E,W,Fu,T,O,M,A,1,,E,,
V-FDI-2P,V-FIMI-2P,W-Fu-Med-Ind-2M,W-TOMA-2M,W,Fu,T,O,M,A,2,,M,,
V-FDI-2P-ATT,V-FIMI-2P-ATT,W-Fu-Med-Ind-2M-ATT,W-TOMA-2M-ATT,W,Fu,T,O,M,A,2,,M,,ATT
V-FDI-2S,V-FIMI-2S,W-Fu-Med-Ind-2E,W-TOMA-2E,W,Fu,T,O,M,A,2,,E,,
V-FDI-3P,V-FIMI-3P,W-Fu-Med-Ind-3M,W-TOMA-3M,W,Fu,T,O,M,A,3,,M,,
V-FDI-3S,V-FIMI-3S,W-Fu-Med-Ind-3E,W-TOMA-3E,W,Fu,T,O,M,A,3,,E,,
V-FDN,V-FIMN,W-Fu-Med-Inf,W-TOMO,W,Fu,T,O,M,O,,,,,
V-FDP-ASN,V-FIMP-ASN,W-Fu-Med-Ptc-AOE,W-TOMD-AOE,W,Fu,T,O,M,D,,A,E,O,
V-FDP-NPM,V-FIMP-NPM,W-Fu-Med-Ptc-NMM,W-TOMD-NMM,W,Fu,T,O,M,D,,N,M,M,
V-FMI-1S,V-FIMI-1S,W-Fu-Med-Ind-1E,W-TOMA-1E,W,Fu,T,O,M,A,1,,E,,
V-FMI-2P,V-FIMI-2P,W-Fu-Med-Ind-2M,W-TOMA-2M,W,Fu,T,O,M,A,2,,M,,
V-FMI-3P,V-FIMI-3P,W-Fu-Med-Ind-3M,W-TOMA-3M,W,Fu,T,O,M,A,3,,M,,
V-FMI-3S,V-FIMI-3S,W-Fu-Med-Ind-3E,W-TOMA-3E,W,Fu,T,O,M,A,3,,E,,
V-FMN,V-FIMN,W-Fu-Med-Inf,W-TOMO,W,Fu,T,O,M,O,,,,,
V-FMS-3P,V-FIMS-3P,W-Fu-Med-Con-3M,W-TOMV-3M,W,Fu,T,O,M,V,3,,M,,
V-FNI-3P,V-FIMI-3P,W-Fu-Med-Ind-3M,W-TOMA-3M,W,Fu,T,O,M,A,3,,M,,
V-FNI-3S,V-FIMI-3S,W-Fu-Med-Ind-3E,W-TOMA-3E,W,Fu,T,O,M,A,3,,E,,
V-FOI-1S,V-FIPI-1S,W-Fu-Pas-Ind-1E,W-TOPA-1E,W,Fu,T,O,P,A,1,,E,,
V-FOI-3P,V-FIPI-3P,W-Fu-Pas-Ind-3M,W-TOPA-3M,W,Fu,T,O,P,A,3,,M,,
V-FOI-3S,V-FIPI-3S,W-Fu-Pas-Ind-3E,W-TOPA-3E,W,Fu,T,O,P,A,3,,E,,
V-FPI-1P,V-FIPI-1P,W-Fu-Pas-Ind-1M,W-TOPA-1M,W,Fu,T,O,P,A,1,,M,,
V-FPI-1S,V-FIPI-1S,W-Fu-Pas-Ind-1E,W-TOPA-1E,W,Fu,T,O,P,A,1,,E,,
V-FPI-2P,V-FIPI-2P,W-Fu-Pas-Ind-2M,W-TOPA-2M,W,Fu,T,O,P,A,2,,M,,
V-FPI-2S,V-FIPI-2S,W-Fu-Pas-Ind-2E,W-TOPA-2E,W,Fu,T,O,P,A,2,,E,,
V-FPI-3P,V-FIPI-3P,W-Fu-Pas-Ind-3M,W-TOPA-3M,W,Fu,T,O,P,A,3,,M,,
V-FPI-3S,V-FIPI-3S,W-Fu-Pas-Ind-3E,W-TOPA-3E,W,Fu,T,O,P,A,3,,E,,
V-FPN,NULL,W-Fu-Pas-Inf,W-TOPO,W,Fu,T,O,P,O,,,,,
V-FPP-GPN,NULL,W-Fu-Pas-Ptc-GOM,W-TOPD-GOM,W,Fu,T,O,P,D,,G,M,O,
V-IAI-1P,V-PIAI-1P,W-Im-Act-Ind-1M,W-VOAA-1M,W,Im,V,O,A,A,1,,M,,
V-IAI-1S,V-PIAI-1S,W-Im-Act-Ind-1E,W-VOAA-1E,W,Im,V,O,A,A,1,,E,,
V-IAI-2P,V-PIAI-2P,W-Im-Act-Ind-2M,W-VOAA-2M,W,Im,V,O,A,A,2,,M,,
V-IAI-2S,V-PIAI-2S,W-Im-Act-Ind-2E,W-VOAA-2E,W,Im,V,O,A,A,2,,E,,
V-IAI-3P,V-PIAI-3P,W-Im-Act-Ind-3M,W-VOAA-3M,W,Im,V,O,A,A,3,,M,,
V-IAI-3S,V-PIAI-3S,W-Im-Act-Ind-3E,W-VOAA-3E,W,Im,V,O,A,A,3,,E,,
V-IAI-3S-ATT,V-PIAI-3S-ATT,W-Im-Act-Ind-3E-ATT,W-VOAA-3E-ATT,W,Im,V,O,A,A,3,,E,,ATT
V-IDI-3P,V-PIMI-3P,W-Im-Med-Ind-3M,W-VOMA-3M,W,Im,V,O,M,A,3,,M,,
V-IEI-3S,V-PIMI-3S,W-Im-Med-Ind-3E,W-VOMA-3E,W,Im,V,O,M,A,3,,E,,
V-IMI-1P,V-PIMI-1P,W-Im-Med-Ind-1M,W-VOMA-1M,W,Im,V,O,M,A,1,,M,,
V-IMI-1S,V-PIMI-1S,W-Im-Med-Ind-1E,W-VOMA-1E,W,Im,V,O,M,A,1,,E,,
V-IMI-3P,V-PIMI-3P,W-Im-Med-Ind-3M,W-VOMA-3M,W,Im,V,O,M,A,3,,M,,
V-IMI-3S,V-PIMI-3S,W-Im-Med-Ind-3E,W-VOMA-3E,W,Im,V,O,M,A,3,,E,,
V-INI-1P,V-PIMI-1P,W-Im-Med-Ind-1M,W-VOMA-1M,W,Im,V,O,M,A,1,,M,,
V-INI-1S,V-PIMI-1S,W-Im-Med-Ind-1E,W-VOMA-1E,W,Im,V,O,M,A,1,,E,,
V-INI-2P,V-PIMI-2P,W-Im-Med-Ind-2M,W-VOMA-2M,W,Im,V,O,M,A,2,,M,,
V-INI-2S,V-PIMI-2S,W-Im-Med-Ind-2E,W-VOMA-2E,W,Im,V,O,M,A,2,,E,,
V-INI-3P,V-PIMI-3P,W-Im-Med-Ind-3M,W-VOMA-3M,W,Im,V,O,M,A,3,,M,,
V-INI-3P-ATT,V-PIMI-3P-ATT,W-Im-Med-Ind-3M-ATT,W-VOMA-3M-ATT,W,Im,V,O,M,A,3,,M,,ATT
V-INI-3S,V-PIMI-3S,W-Im-Med-Ind-3E,W-VOMA-3E,W,Im,V,O,M,A,3,,E,,
V-INI-3S-ATT,V-PIMI-3S-ATT,W-Im-Med-Ind-3E-ATT,W-VOMA-3E-ATT,W,Im,V,O,M,A,3,,E,,ATT
V-IPI-1P,V-PNPI-1P,W-Im-Pas-Ind-1M,W-VHPA-1M,W,Im,V,H,P,A,1,,M,,
V-IPI-1S,V-PNPI-1S,W-Im-Pas-Ind-1E,W-VHPA-1E,W,Im,V,H,P,A,1,,E,,
V-IPI-2P,V-PNPI-2P,W-Im-Pas-Ind-2M,W-VHPA-2M,W,Im,V,H,P,A,2,,M,,
V-IPI-3P,V-PNPI-3P,W-Im-Pas-Ind-3M,W-VHPA-3M,W,Im,V,H,P,A,3,,M,,
V-IPI-3S,V-PNPI-3S,W-Im-Pas-Ind-3E,W-VHPA-3E,W,Im,V,H,P,A,3,,E,,
V-LAI-1S,V-PCAI-1S,W-Pv-Act-Ind-1E,W-VVAA-1E,W,Pv,V,V,A,A,1,,E,,
V-LAI-2P,V-PCAI-2P,W-Pv-Act-Ind-2M,W-VVAA-2M,W,Pv,V,V,A,A,2,,M,,
V-LAI-2S,V-PCAI-2S,W-Pv-Act-Ind-2E,W-VVAA-2E,W,Pv,V,V,A,A,2,,E,,
V-LAI-3P,V-PCAI-3P,W-Pv-Act-Ind-3M,W-VVAA-3M,W,Pv,V,V,A,A,3,,M,,
V-LAI-3P-ATT,V-PCAI-3P-ATT,W-Pv-Act-Ind-3M-ATT,W-VVAA-3M-ATT,W,Pv,V,V,A,A,3,,M,,ATT
V-LAI-3S,V-PCAI-3S,W-Pv-Act-Ind-3E,W-VVAA-3E,W,Pv,V,V,A,A,3,,E,,
V-LAI-3S-ATT,V-PCAI-3S-ATT,W-Pv-Act-Ind-3E-ATT,W-VVAA-3E-ATT,W,Pv,V,V,A,A,3,,E,,ATT
V-LDI-3S,V-PCMI-3S,W-Pv-Med-Ind-3E,W-VVMA-3E,W,Pv,V,V,M,A,3,,E,,
V-LMI-3P,V-PCMI-3P,W-Pv-Med-Ind-3M,W-VVMA-3M,W,Pv,V,V,M,A,3,,M,,
V-LPI-3S,NULL,W-Pv-Pas-Ind-3E,W-VVPA-3E,W,Pv,V,V,P,A,3,,E,,
V-PAI-1P,V-RIAI-1P,W-Pr-Act-Ind-1M,W-HOAA-1M,W,Pr,H,O,A,A,1,,M,,
V-PAI-1S,V-RIAI-1S,W-Pr-Act-Ind-1E,W-HOAA-1E,W,Pr,H,O,A,A,1,,E,,
V-PAI-1S-C,V-RIAI-1S-C,W-Pr-Act-Ind-1E-V,W-HOAA-1E-V,W,Pr,H,O,A,A,1,,E,,V
V-PAI-2P,V-RIAI-2P,W-Pr-Act-Ind-2M,W-HOAA-2M,W,Pr,H,O,A,A,2,,M,,
V-PAI-2S,V-RIAI-2S,W-Pr-Act-Ind-2E,W-HOAA-2E,W,Pr,H,O,A,A,2,,E,,
V-PAI-3P,V-RIAI-3P,W-Pr-Act-Ind-3M,W-HOAA-3M,W,Pr,H,O,A,A,3,,M,,
V-PAI-3P-ATT,V-RIAI-3P-ATT,W-Pr-Act-Ind-3M-ATT,W-HOAA-3M-ATT,W,Pr,H,O,A,A,3,,M,,ATT
V-PAI-3S,V-RIAI-3S,W-Pr-Act-Ind-3E,W-HOAA-3E,W,Pr,H,O,A,A,3,,E,,
V-RMM-3S,V-RCMM-3S,W-Pf-Med-Imp-3E,W-HVMG-3E,W,Pf,H,V,M,G,3,,E,,
V-RMM-3P,V-RCMM-3P,W-Pf-Med-Imp-3M,W-HVMG-3M,W,Pf,H,V,M,G,3,,M,,
V-RAM-3S,NULL,W-Pf-Act-Imp-3E,W-GVAG-3E,W,Pf,G,V,A,G,3,,E,,
V-RAM-3P,NULL,W-Pf-Act-Imp-3M,W-GVAG-3M,W,Pf,G,V,A,G,3,,M,,
V-PAN,V-NIAN,W-Pr-Act-Inf,W-GOAO,W,Pr,G,O,A,O,,,,,
V-PAO-2P,V-NIAO-2P,W-Pr-Act-Opt-2M,W-GOAW-2M,W,Pr,G,O,A,W,2,,M,,
V-PAO-3P,V-NIAO-3P,W-Pr-Act-Opt-3M,W-GOAW-3M,W,Pr,G,O,A,W,3,,M,,
V-PAO-3S,V-NIAO-3S,W-Pr-Act-Opt-3E,W-GOAW-3E,W,Pr,G,O,A,W,3,,E,,
V-PAP-APF,V-NIAP-APF,W-Pr-Act-Ptc-AVM,W-GOAD-AVM,W,Pr,G,O,A,D,,A,M,V,
V-PAP-APM,V-NIAP-APM,W-Pr-Act-Ptc-AMM,W-GOAD-AMM,W,Pr,G,O,A,D,,A,M,M,
V-PAP-APN,V-NIAP-APN,W-Pr-Act-Ptc-AOM,W-GOAD-AOM,W,Pr,G,O,A,D,,A,M,O,
V-PAP-ASF,V-NIAP-ASF,W-Pr-Act-Ptc-AVE,W-GOAD-AVE,W,Pr,G,O,A,D,,A,E,V,
V-PAP-ASM,V-NIAP-ASM,W-Pr-Act-Ptc-AME,W-GOAD-AME,W,Pr,G,O,A,D,,A,E,M,
V-PAP-ASN,V-NIAP-ASN,W-Pr-Act-Ptc-AOE,W-GOAD-AOE,W,Pr,G,O,A,D,,A,E,O,
V-PAP-DPF,V-NIAP-DPF,W-Pr-Act-Ptc-DVM,W-GOAD-DVM,W,Pr,G,O,A,D,,D,M,V,
V-PAP-DPM,V-NIAP-DPM,W-Pr-Act-Ptc-DMM,W-GOAD-DMM,W,Pr,G,O,A,D,,D,M,M,
V-PAP-DPN,V-NIAP-DPN,W-Pr-Act-Ptc-DOM,W-GOAD-DOM,W,Pr,G,O,A,D,,D,M,O,
V-PAP-DSF,V-NIAP-DSF,W-Pr-Act-Ptc-DVE,W-GOAD-DVE,W,Pr,G,O,A,D,,D,E,V,
V-PAP-DSM,V-NIAP-DSM,W-Pr-Act-Ptc-DME,W-GOAD-DME,W,Pr,G,O,A,D,,D,E,M,
V-PAP-DSN,V-NIAP-DSN,W-Pr-Act-Ptc-DOE,W-GOAD-DOE,W,Pr,G,O,A,D,,D,E,O,
V-PAP-GPF,V-NIAP-GPF,W-Pr-Act-Ptc-GVM,W-GOAD-GVM,W,Pr,G,O,A,D,,G,M,V,
V-PAP-GPM,V-NIAP-GPM,W-Pr-Act-Ptc-GMM,W-GOAD-GMM,W,Pr,G,O,A,D,,G,M,M,
V-PAP-GPN,V-NIAP-GPN,W-Pr-Act-Ptc-GOM,W-GOAD-GOM,W,Pr,G,O,A,D,,G,M,O,
V-PAP-GSF,V-NIAP-GSF,W-Pr-Act-Ptc-GVE,W-GOAD-GVE,W,Pr,G,O,A,D,,G,E,V,
V-PAP-GSM,V-NIAP-GSM,W-Pr-Act-Ptc-GME,W-GOAD-GME,W,Pr,G,O,A,D,,G,E,M,
V-PAP-GSN,V-NIAP-GSN,W-Pr-Act-Ptc-GOE,W-GOAD-GOE,W,Pr,G,O,A,D,,G,E,O,
V-PAP-NPF,V-NIAP-NPF,W-Pr-Act-Ptc-NVM,W-GOAD-NVM,W,Pr,G,O,A,D,,N,M,V,
V-PAP-NPM,V-NIAP-NPM,W-Pr-Act-Ptc-NMM,W-GOAD-NMM,W,Pr,G,O,A,D,,N,M,M,
V-PAP-NPN,V-NIAP-NPN,W-Pr-Act-Ptc-NOM,W-GOAD-NOM,W,Pr,G,O,A,D,,N,M,O,
V-PAP-NSF,V-NIAP-NSF,W-Pr-Act-Ptc-NVE,W-GOAD-NVE,W,Pr,G,O,A,D,,N,E,V,
V-PAP-NSM,V-NIAP-NSM,W-Pr-Act-Ptc-NME,W-GOAD-NME,W,Pr,G,O,A,D,,N,E,M,
V-PAP-NSN,V-NIAP-NSN,W-Pr-Act-Ptc-NOE,W-GOAD-NOE,W,Pr,G,O,A,D,,N,E,O,
V-PAS-1P,V-NIAS-1P,W-Pr-Act-Con-1M,W-GOAV-1M,W,Pr,G,O,A,V,1,,M,,
V-PAS-1S,V-NIAS-1S,W-Pr-Act-Con-1E,W-GOAV-1E,W,Pr,G,O,A,V,1,,E,,
V-PAS-2P,V-NIAS-2P,W-Pr-Act-Con-2M,W-GOAV-2M,W,Pr,G,O,A,V,2,,M,,
V-PAS-2S,V-NIAS-2S,W-Pr-Act-Con-2E,W-GOAV-2E,W,Pr,G,O,A,V,2,,E,,
V-PAS-3P,V-NIAS-3P,W-Pr-Act-Con-3M,W-GOAV-3M,W,Pr,G,O,A,V,3,,M,,
V-PAS-3S,V-NIAS-3S,W-Pr-Act-Con-3E,W-GOAV-3E,W,Pr,G,O,A,V,3,,E,,
V-PDP-NPM,V-NIMP-NPM,W-Pr-Med-Ptc-NMM,W-GOMD-NMM,W,Pr,G,O,M,D,,N,M,M,
V-PEI-2P,V-RIMI-2P,W-Pr-Med-Ind-2M,W-HOMA-2M,W,Pr,H,O,M,A,2,,M,,
V-PEI-3P,V-RIMI-3P,W-Pr-Med-Ind-3M,W-HOMA-3M,W,Pr,H,O,M,A,3,,M,,
V-PEI-3S,V-RIMI-3S,W-Pr-Med-Ind-3E,W-HOMA-3E,W,Pr,H,O,M,A,3,,E,,
V-PEM-2P,V-NIMM-2P,W-Pr-Med-Imp-2M,W-GOMG-2M,W,Pr,G,O,M,G,2,,M,,
V-PEN,V-NIMN,W-Pr-Med-Inf,W-GOMO,W,Pr,G,O,M,O,,,,,
V-PEP-DPM,V-NIMP-DPM,W-Pr-Med-Ptc-DMM,W-GOMD-DMM,W,Pr,G,O,M,D,,D,M,M,
V-PEP-DSM,V-NIMP-DSM,W-Pr-Med-Ptc-DME,W-GOMD-DME,W,Pr,G,O,M,D,,D,E,M,
V-PEP-GPN,V-NIMP-GPN,W-Pr-Med-Ptc-GOM,W-GOMD-GOM,W,Pr,G,O,M,D,,G,M,O,
V-PEP-GSM,V-NIMP-GSM,W-Pr-Med-Ptc-GME,W-GOMD-GME,W,Pr,G,O,M,D,,G,E,M,
V-PEP-NPF,V-NIMP-NPF,W-Pr-Med-Ptc-NVM,W-GOMD-NVM,W,Pr,G,O,M,D,,N,M,V,
V-PEP-NPM,V-NIMP-NPM,W-Pr-Med-Ptc-NMM,W-GOMD-NMM,W,Pr,G,O,M,D,,N,M,M,
V-PEP-NSF,V-NIMP-NSF,W-Pr-Med-Ptc-NVE,W-GOMD-NVE,W,Pr,G,O,M,D,,N,E,V,
V-PMI-1P,V-RIMI-1P,W-Pr-Med-Ind-1M,W-HOMA-1M,W,Pr,H,O,M,A,1,,M,,
V-PMI-1S,V-RIMI-1S,W-Pr-Med-Ind-1E,W-HOMA-1E,W,Pr,H,O,M,A,1,,E,,
V-PMI-2P,V-RIMI-2P,W-Pr-Med-Ind-2M,W-HOMA-2M,W,Pr,H,O,M,A,2,,M,,
V-PMI-3P,V-RIMI-3P,W-Pr-Med-Ind-3M,W-HOMA-3M,W,Pr,H,O,M,A,3,,M,,
V-PMI-3S,V-RIMI-3S,W-Pr-Med-Ind-3E,W-HOMA-3E,W,Pr,H,O,M,A,3,,E,,
V-RAM-2S,NULL,W-Pf-Act-Imp-2E,W-GVAG-2E,W,Pf,G,V,A,G,2,,E,,
V-PPM-3S,NULL,W-Pr-Pas-Imp-3E,W-GOPG-3E,W,Pr,G,O,P,G,3,,E,,
V-RAM-2P,NULL,W-Pf-Act-Imp-2M,W-GVAG-2M,W,Pf,G,V,A,G,2,,M,,
V-PMN,V-NIMN,W-Pr-Med-Inf,W-GOMO,W,Pr,G,O,M,O,,,,,
V-PMP-APM,V-NIMP-APM,W-Pr-Med-Ptc-AMM,W-GOMD-AMM,W,Pr,G,O,M,D,,A,M,M,
V-PMP-ASF,V-NIMP-ASF,W-Pr-Med-Ptc-AVE,W-GOMD-AVE,W,Pr,G,O,M,D,,A,E,V,
V-PMP-ASM,V-NIMP-ASM,W-Pr-Med-Ptc-AME,W-GOMD-AME,W,Pr,G,O,M,D,,A,E,M,
V-PMP-ASN,V-NIMP-ASN,W-Pr-Med-Ptc-AOE,W-GOMD-AOE,W,Pr,G,O,M,D,,A,E,O,
V-PMP-DPM,V-NIMP-DPM,W-Pr-Med-Ptc-DMM,W-GOMD-DMM,W,Pr,G,O,M,D,,D,M,M,
V-PMP-DSM,V-NIMP-DSM,W-Pr-Med-Ptc-DME,W-GOMD-DME,W,Pr,G,O,M,D,,D,E,M,
V-PMP-GPF,V-NIMP-GPF,W-Pr-Med-Ptc-GVM,W-GOMD-GVM,W,Pr,G,O,M,D,,G,M,V,
V-PMP-GPM,V-NIMP-GPM,W-Pr-Med-Ptc-GMM,W-GOMD-GMM,W,Pr,G,O,M,D,,G,M,M,
V-PMP-GSF,V-NIMP-GSF,W-Pr-Med-Ptc-GVE,W-GOMD-GVE,W,Pr,G,O,M,D,,G,E,V,
V-PMP-GSM,V-NIMP-GSM,W-Pr-Med-Ptc-GME,W-GOMD-GME,W,Pr,G,O,M,D,,G,E,M,
V-PMP-GSN,V-NIMP-GSN,W-Pr-Med-Ptc-GOE,W-GOMD-GOE,W,Pr,G,O,M,D,,G,E,O,
V-PMP-NPF,V-NIMP-NPF,W-Pr-Med-Ptc-NVM,W-GOMD-NVM,W,Pr,G,O,M,D,,N,M,V,
V-PMP-NPM,V-NIMP-NPM,W-Pr-Med-Ptc-NMM,W-GOMD-NMM,W,Pr,G,O,M,D,,N,M,M,
V-PMP-NSF,V-NIMP-NSF,W-Pr-Med-Ptc-NVE,W-GOMD-NVE,W,Pr,G,O,M,D,,N,E,V,
V-PMP-NSM,V-NIMP-NSM,W-Pr-Med-Ptc-NME,W-GOMD-NME,W,Pr,G,O,M,D,,N,E,M,
V-PMP-NSN,V-NIMP-NSN,W-Pr-Med-Ptc-NOE,W-GOMD-NOE,W,Pr,G,O,M,D,,N,E,O,
V-PMS-1P,V-NIMS-1P,W-Pr-Med-Con-1M,W-GOMV-1M,W,Pr,G,O,M,V,1,,M,,
V-PMS-1S,V-NIMS-1S,W-Pr-Med-Con-1E,W-GOMV-1E,W,Pr,G,O,M,V,1,,E,,
V-PMS-2S,V-NIMS-2S,W-Pr-Med-Con-2E,W-GOMV-2E,W,Pr,G,O,M,V,2,,E,,
V-PMS-3S,V-NIMS-3S,W-Pr-Med-Con-3E,W-GOMV-3E,W,Pr,G,O,M,V,3,,E,,
V-PNI-1P,V-RIMI-1P,W-Pr-Med-Ind-1M,W-HOMA-1M,W,Pr,H,O,M,A,1,,M,,
V-PNI-1S,V-RIMI-1S,W-Pr-Med-Ind-1E,W-HOMA-1E,W,Pr,H,O,M,A,1,,E,,
V-PNI-2P,V-RIMI-2P,W-Pr-Med-Ind-2M,W-HOMA-2M,W,Pr,H,O,M,A,2,,M,,
V-PNI-2S,V-RIMI-2S,W-Pr-Med-Ind-2E,W-HOMA-2E,W,Pr,H,O,M,A,2,,E,,
V-PNI-2S-ATT,V-RIMI-2S-ATT,W-Pr-Med-Ind-2E-ATT,W-HOMA-2E-ATT,W,Pr,H,O,M,A,2,,E,,ATT
V-PNI-2S-C,V-RIMI-2S-C,W-Pr-Med-Ind-2E-V,W-HOMA-2E-V,W,Pr,H,O,M,A,2,,E,,V
V-PNI-3P,V-RIMI-3P,W-Pr-Med-Ind-3M,W-HOMA-3M,W,Pr,H,O,M,A,3,,M,,
V-PNI-3S,V-RIMI-3S,W-Pr-Med-Ind-3E,W-HOMA-3E,W,Pr,H,O,M,A,3,,E,,
V-PNM-2P,V-NIMM-2P,W-Pr-Med-Imp-2M,W-GOMG-2M,W,Pr,G,O,M,G,2,,M,,
V-PNM-2S,V-NIMM-2S,W-Pr-Med-Imp-2E,W-GOMG-2E,W,Pr,G,O,M,G,2,,E,,
V-PNM-3P,V-NIMM-3P,W-Pr-Med-Imp-3M,W-GOMG-3M,W,Pr,G,O,M,G,3,,M,,
V-PNM-3S,V-NIMM-3S,W-Pr-Med-Imp-3E,W-GOMG-3E,W,Pr,G,O,M,G,3,,E,,
V-PNN,V-NIMN,W-Pr-Med-Inf,W-GOMO,W,Pr,G,O,M,O,,,,,
V-PNO-1S,V-NIMO-1S,W-Pr-Med-Opt-1E,W-GOMW-1E,W,Pr,G,O,M,W,1,,E,,
V-PNO-3P,V-NIMO-3P,W-Pr-Med-Opt-3M,W-GOMW-3M,W,Pr,G,O,M,W,3,,M,,
V-PNO-3S,V-NIMO-3S,W-Pr-Med-Opt-3E,W-GOMW-3E,W,Pr,G,O,M,W,3,,E,,
V-PNP-APF,V-NIMP-APF,W-Pr-Med-Ptc-AVM,W-GOMD-AVM,W,Pr,G,O,M,D,,A,M,V,
V-PNP-APM,V-NIMP-APM,W-Pr-Med-Ptc-AMM,W-GOMD-AMM,W,Pr,G,O,M,D,,A,M,M,
V-PNP-APN,V-NIMP-APN,W-Pr-Med-Ptc-AOM,W-GOMD-AOM,W,Pr,G,O,M,D,,A,M,O,
V-PNP-ASF,V-NIMP-ASF,W-Pr-Med-Ptc-AVE,W-GOMD-AVE,W,Pr,G,O,M,D,,A,E,V,
V-PNP-ASM,V-NIMP-ASM,W-Pr-Med-Ptc-AME,W-GOMD-AME,W,Pr,G,O,M,D,,A,E,M,
V-PNP-ASN,V-NIMP-ASN,W-Pr-Med-Ptc-AOE,W-GOMD-AOE,W,Pr,G,O,M,D,,A,E,O,
V-PNP-DPF,V-NIMP-DPF,W-Pr-Med-Ptc-DVM,W-GOMD-DVM,W,Pr,G,O,M,D,,D,M,V,
V-PNP-DPM,V-NIMP-DPM,W-Pr-Med-Ptc-DMM,W-GOMD-DMM,W,Pr,G,O,M,D,,D,M,M,
V-PNP-DPN,V-NIMP-DPN,W-Pr-Med-Ptc-DOM,W-GOMD-DOM,W,Pr,G,O,M,D,,D,M,O,
V-PNP-DSF,V-NIMP-DSF,W-Pr-Med-Ptc-DVE,W-GOMD-DVE,W,Pr,G,O,M,D,,D,E,V,
V-PNP-DSM,V-NIMP-DSM,W-Pr-Med-Ptc-DME,W-GOMD-DME,W,Pr,G,O,M,D,,D,E,M,
V-PNP-DSN,V-NIMP-DSN,W-Pr-Med-Ptc-DOE,W-GOMD-DOE,W,Pr,G,O,M,D,,D,E,O,
V-PNP-GPF,V-NIMP-GPF,W-Pr-Med-Ptc-GVM,W-GOMD-GVM,W,Pr,G,O,M,D,,G,M,V,
V-PNP-GPM,V-NIMP-GPM,W-Pr-Med-Ptc-GMM,W-GOMD-GMM,W,Pr,G,O,M,D,,G,M,M,
V-PNP-GPN,V-NIMP-GPN,W-Pr-Med-Ptc-GOM,W-GOMD-GOM,W,Pr,G,O,M,D,,G,M,O,
V-PNP-GSF,V-NIMP-GSF,W-Pr-Med-Ptc-GVE,W-GOMD-GVE,W,Pr,G,O,M,D,,G,E,V,
V-PNP-GSM,V-NIMP-GSM,W-Pr-Med-Ptc-GME,W-GOMD-GME,W,Pr,G,O,M,D,,G,E,M,
V-PNP-GSN,V-NIMP-GSN,W-Pr-Med-Ptc-GOE,W-GOMD-GOE,W,Pr,G,O,M,D,,G,E,O,
V-PNP-NPF,V-NIMP-NPF,W-Pr-Med-Ptc-NVM,W-GOMD-NVM,W,Pr,G,O,M,D,,N,M,V,
V-PNP-NPM,V-NIMP-NPM,W-Pr-Med-Ptc-NMM,W-GOMD-NMM,W,Pr,G,O,M,D,,N,M,M,
V-PNP-NPN,V-NIMP-NPN,W-Pr-Med-Ptc-NOM,W-GOMD-NOM,W,Pr,G,O,M,D,,N,M,O,
V-PNP-NSF,V-NIMP-NSF,W-Pr-Med-Ptc-NVE,W-GOMD-NVE,W,Pr,G,O,M,D,,N,E,V,
V-PNP-NSM,V-NIMP-NSM,W-Pr-Med-Ptc-NME,W-GOMD-NME,W,Pr,G,O,M,D,,N,E,M,
V-PNP-NSN,V-NIMP-NSN,W-Pr-Med-Ptc-NOE,W-GOMD-NOE,W,Pr,G,O,M,D,,N,E,O,
V-PNS-1P,V-NIMS-1P,W-Pr-Med-Con-1M,W-GOMV-1M,W,Pr,G,O,M,V,1,,M,,
V-PNS-1S,V-NIMS-1S,W-Pr-Med-Con-1E,W-GOMV-1E,W,Pr,G,O,M,V,1,,E,,
V-PNS-2P,V-NIMS-2P,W-Pr-Med-Con-2M,W-GOMV-2M,W,Pr,G,O,M,V,2,,M,,
V-PNS-2S,V-NIMS-2S,W-Pr-Med-Con-2E,W-GOMV-2E,W,Pr,G,O,M,V,2,,E,,
V-PNS-3P,V-NIMS-3P,W-Pr-Med-Con-3M,W-GOMV-3M,W,Pr,G,O,M,V,3,,M,,
V-PNS-3S,V-NIMS-3S,W-Pr-Med-Con-3E,W-GOMV-3E,W,Pr,G,O,M,V,3,,E,,
V-POP-NPM,V-NIMP-NPM,W-Pr-Med-Ptc-NMM,W-GOMD-NMM,W,Pr,G,O,M,D,,N,M,M,
V-PPI-1P,NULL,W-Pr-Pas-Ind-1M,W-HOPA-1M,W,Pr,H,O,P,A,1,,M,,
V-PPI-1S,NULL,W-Pr-Pas-Ind-1E,W-HOPA-1E,W,Pr,H,O,P,A,1,,E,,
V-PPI-2P,NULL,W-Pr-Pas-Ind-2M,W-HOPA-2M,W,Pr,H,O,P,A,2,,M,,
V-PPI-2S,NULL,W-Pr-Pas-Ind-2E,W-HOPA-2E,W,Pr,H,O,P,A,2,,E,,
V-PPI-3P,NULL,W-Pr-Pas-Ind-3M,W-HOPA-3M,W,Pr,H,O,P,A,3,,M,,
V-PPI-3S,NULL,W-Pr-Pas-Ind-3E,W-HOPA-3E,W,Pr,H,O,P,A,3,,E,,
V-PPM-2P,NULL,W-Pr-Pas-Imp-2M,W-GOPG-2M,W,Pr,G,O,P,G,2,,M,,
V-PPN,NULL,W-Pr-Pas-Inf,W-GOPO,W,Pr,G,O,P,O,,,,,
V-PPP-APF,V-NIMP-APF,W-Pr-Med-Ptc-AVM,W-GOMD-AVM,W,Pr,G,O,M,D,,A,M,V,
V-PPP-APM,V-NIMP-APM,W-Pr-Med-Ptc-AMM,W-GOMD-AMM,W,Pr,G,O,M,D,,A,M,M,
V-PPP-APN,V-NIMP-APN,W-Pr-Med-Ptc-AOM,W-GOMD-AOM,W,Pr,G,O,M,D,,A,M,O,
V-PPP-ASF,V-NIMP-ASF,W-Pr-Med-Ptc-AVE,W-GOMD-AVE,W,Pr,G,O,M,D,,A,E,V,
V-PPP-ASM,V-NIMP-ASM,W-Pr-Med-Ptc-AME,W-GOMD-AME,W,Pr,G,O,M,D,,A,E,M,
V-PPP-ASN,V-NIMP-ASN,W-Pr-Med-Ptc-AOE,W-GOMD-AOE,W,Pr,G,O,M,D,,A,E,O,
V-PPP-DPM,V-NIMP-DPM,W-Pr-Med-Ptc-DMM,W-GOMD-DMM,W,Pr,G,O,M,D,,D,M,M,
V-PPP-DPN,V-NIMP-DPN,W-Pr-Med-Ptc-DOM,W-GOMD-DOM,W,Pr,G,O,M,D,,D,M,O,
V-PPP-DSF,V-NIMP-DSF,W-Pr-Med-Ptc-DVE,W-GOMD-DVE,W,Pr,G,O,M,D,,D,E,V,
V-PPP-DSM,V-NIMP-DSM,W-Pr-Med-Ptc-DME,W-GOMD-DME,W,Pr,G,O,M,D,,D,E,M,
V-PPP-DSN,V-NIMP-DSN,W-Pr-Med-Ptc-DOE,W-GOMD-DOE,W,Pr,G,O,M,D,,D,E,O,
V-PPP-GPM,V-NIMP-GPM,W-Pr-Med-Ptc-GMM,W-GOMD-GMM,W,Pr,G,O,M,D,,G,M,M,
V-PPP-GPN,V-NIMP-GPN,W-Pr-Med-Ptc-GOM,W-GOMD-GOM,W,Pr,G,O,M,D,,G,M,O,
V-PPP-GSF,V-NIMP-GSF,W-Pr-Med-Ptc-GVE,W-GOMD-GVE,W,Pr,G,O,M,D,,G,E,V,
V-PPP-GSM,V-NIMP-GSM,W-Pr-Med-Ptc-GME,W-GOMD-GME,W,Pr,G,O,M,D,,G,E,M,
V-PPP-GSN,V-NIMP-GSN,W-Pr-Med-Ptc-GOE,W-GOMD-GOE,W,Pr,G,O,M,D,,G,E,O,
V-PPP-NPF,V-NIMP-NPF,W-Pr-Med-Ptc-NVM,W-GOMD-NVM,W,Pr,G,O,M,D,,N,M,V,
V-PPP-NPM,V-NIMP-NPM,W-Pr-Med-Ptc-NMM,W-GOMD-NMM,W,Pr,G,O,M,D,,N,M,M,
V-PPP-NPN,V-NIMP-NPN,W-Pr-Med-Ptc-NOM,W-GOMD-NOM,W,Pr,G,O,M,D,,N,M,O,
V-PPP-NSF,V-NIMP-NSF,W-Pr-Med-Ptc-NVE,W-GOMD-NVE,W,Pr,G,O,M,D,,N,E,V,
V-PPP-NSM,V-NIMP-NSM,W-Pr-Med-Ptc-NME,W-GOMD-NME,W,Pr,G,O,M,D,,N,E,M,
V-PPP-NSN,V-NIMP-NSN,W-Pr-Med-Ptc-NOE,W-GOMD-NOE,W,Pr,G,O,M,D,,N,E,O,
V-PPS-1P,NULL,W-Pr-Pas-Con-1M,W-GOPV-1M,W,Pr,G,O,P,V,1,,M,,
V-PPS-1S,NULL,W-Pr-Pas-Con-1E,W-GOPV-1E,W,Pr,G,O,P,V,1,,E,,
V-PPS-2P,NULL,W-Pr-Pas-Con-2M,W-GOPV-2M,W,Pr,G,O,P,V,2,,M,,
V-PPS-3P,NULL,W-Pr-Pas-Con-3M,W-GOPV-3M,W,Pr,G,O,P,V,3,,M,,
V-PPS-3S,NULL,W-Pr-Pas-Con-3E,W-GOPV-3E,W,Pr,G,O,P,V,3,,E,,
V-RAI-1P,V-RCAI-1P,W-Pf-Act-Ind-1M,W-HVAA-1M,W,Pf,H,V,A,A,1,,M,,
V-RAI-1P-ATT,V-RCAI-1P-ATT,W-Pf-Act-Ind-1M-ATT,W-HVAA-1M-ATT,W,Pf,H,V,A,A,1,,M,,ATT
V-RAI-1S,V-RCAI-1S,W-Pf-Act-Ind-1E,W-HVAA-1E,W,Pf,H,V,A,A,1,,E,,
V-RAI-1S-ATT,V-RCAI-1S-ATT,W-Pf-Act-Ind-1E-ATT,W-HVAA-1E-ATT,W,Pf,H,V,A,A,1,,E,,ATT
V-RAI-2P,V-RCAI-2P,W-Pf-Act-Ind-2M,W-HVAA-2M,W,Pf,H,V,A,A,2,,M,,
V-RAI-2P-ATT,V-RCAI-2P-ATT,W-Pf-Act-Ind-2M-ATT,W-HVAA-2M-ATT,W,Pf,H,V,A,A,2,,M,,ATT
V-RAI-2S,V-RCAI-2S,W-Pf-Act-Ind-2E,W-HVAA-2E,W,Pf,H,V,A,A,2,,E,,
V-RAI-2S-ATT,V-RCAI-2S-ATT,W-Pf-Act-Ind-2E-ATT,W-HVAA-2E-ATT,W,Pf,H,V,A,A,2,,E,,ATT
V-RAI-3P,V-RCAI-3P,W-Pf-Act-Ind-3M,W-HVAA-3M,W,Pf,H,V,A,A,3,,M,,
V-RAI-3P-ATT,V-RCAI-3P-ATT,W-Pf-Act-Ind-3M-ATT,W-HVAA-3M-ATT,W,Pf,H,V,A,A,3,,M,,ATT
V-RAI-3S,V-RCAI-3S,W-Pf-Act-Ind-3E,W-HVAA-3E,W,Pf,H,V,A,A,3,,E,,
V-RAI-3S-ATT,V-RCAI-3S-ATT,W-Pf-Act-Ind-3E-ATT,W-HVAA-3E-ATT,W,Pf,H,V,A,A,3,,E,,ATT
V-RAN,V-NCAN,W-Pf-Act-Inf,W-GVAO,W,Pf,G,V,A,O,,,,,
V-RAN-ATT,V-NCAN-ATT,W-Pf-Act-Inf-ATT,W-GVAO-ATT,W,Pf,G,V,A,O,,,,,ATT
V-RAP-APM,V-NCAP-APM,W-Pf-Act-Ptc-AMM,W-GVAD-AMM,W,Pf,G,V,A,D,,A,M,M,
V-RAP-APN,V-NCAP-APN,W-Pf-Act-Ptc-AOM,W-GVAD-AOM,W,Pf,G,V,A,D,,A,M,O,
V-RAP-ASF,V-NCAP-ASF,W-Pf-Act-Ptc-AVE,W-GVAD-AVE,W,Pf,G,V,A,D,,A,E,V,
V-RAP-ASM,V-NCAP-ASM,W-Pf-Act-Ptc-AME,W-GVAD-AME,W,Pf,G,V,A,D,,A,E,M,
V-RAP-ASN,V-NCAP-ASN,W-Pf-Act-Ptc-AOE,W-GVAD-AOE,W,Pf,G,V,A,D,,A,E,O,
V-RAP-DPM,V-NCAP-DPM,W-Pf-Act-Ptc-DMM,W-GVAD-DMM,W,Pf,G,V,A,D,,D,M,M,
V-RAP-DSM,V-NCAP-DSM,W-Pf-Act-Ptc-DME,W-GVAD-DME,W,Pf,G,V,A,D,,D,E,M,
V-RAP-DSN,V-NCAP-DSN,W-Pf-Act-Ptc-DOE,W-GVAD-DOE,W,Pf,G,V,A,D,,D,E,O,
V-RAP-GPM,V-NCAP-GPM,W-Pf-Act-Ptc-GMM,W-GVAD-GMM,W,Pf,G,V,A,D,,G,M,M,
V-RAP-GPN,V-NCAP-GPN,W-Pf-Act-Ptc-GOM,W-GVAD-GOM,W,Pf,G,V,A,D,,G,M,O,
V-RAP-GSF,V-NCAP-GSF,W-Pf-Act-Ptc-GVE,W-GVAD-GVE,W,Pf,G,V,A,D,,G,E,V,
V-RAP-GSM,V-NCAP-GSM,W-Pf-Act-Ptc-GME,W-GVAD-GME,W,Pf,G,V,A,D,,G,E,M,
V-RAP-GSN-ATT,V-NCAP-GSN-ATT,W-Pf-Act-Ptc-GOE-ATT,W-GVAD-GOE-ATT,W,Pf,G,V,A,D,,G,E,O,ATT
V-RAP-NPF,V-NCAP-NPF,W-Pf-Act-Ptc-NVM,W-GVAD-NVM,W,Pf,G,V,A,D,,N,M,V,
V-RAP-NPM,V-NCAP-NPM,W-Pf-Act-Ptc-NMM,W-GVAD-NMM,W,Pf,G,V,A,D,,N,M,M,
V-RAP-NPM-ATT,V-NCAP-NPM-ATT,W-Pf-Act-Ptc-NMM-ATT,W-GVAD-NMM-ATT,W,Pf,G,V,A,D,,N,M,M,ATT
V-RAP-NPN,V-NCAP-NPN,W-Pf-Act-Ptc-NOM,W-GVAD-NOM,W,Pf,G,V,A,D,,N,M,O,
V-RAP-NSF,V-NCAP-NSF,W-Pf-Act-Ptc-NVE,W-GVAD-NVE,W,Pf,G,V,A,D,,N,E,V,
V-RAP-NSM,V-NCAP-NSM,W-Pf-Act-Ptc-NME,W-GVAD-NME,W,Pf,G,V,A,D,,N,E,M,
V-RAP-NSM-ATT,V-NCAP-NSM-ATT,W-Pf-Act-Ptc-NME-ATT,W-GVAD-NME-ATT,W,Pf,G,V,A,D,,N,E,M,ATT
V-RAP-NSN,V-NCAP-NSN,W-Pf-Act-Ptc-NOE,W-GVAD-NOE,W,Pf,G,V,A,D,,N,E,O,
V-RAS-1P,NULL,W-Pf-Act-Con-1M,W-GVAV-1M,W,Pf,G,V,A,V,1,,M,,
V-RAS-1S,NULL,W-Pf-Act-Con-1E,W-GVAV-1E,W,Pf,G,V,A,V,1,,E,,
V-RAS-2P,NULL,W-Pf-Act-Con-2M,W-GVAV-2M,W,Pf,G,V,A,V,2,,M,,
V-RAS-2S,NULL,W-Pf-Act-Con-2E,W-GVAV-2E,W,Pf,G,V,A,V,2,,E,,
V-RDI-3S,V-RCMI-3S,W-Pf-Med-Ind-3E,W-HVMA-3E,W,Pf,H,V,M,A,3,,E,,
V-REP-APM,V-NCMP-APM,W-Pf-Med-Ptc-AMM,W-GVMD-AMM,W,Pf,G,V,M,D,,A,M,M,
V-RMI-2S,V-RCMI-2S,W-Pf-Med-Ind-2E,W-HVMA-2E,W,Pf,H,V,M,A,2,,E,,
V-RMI-3S,V-RCMI-3S,W-Pf-Med-Ind-3E,W-HVMA-3E,W,Pf,H,V,M,A,3,,E,,
V-RMP-ASM,V-NCMP-ASM,W-Pf-Med-Ptc-AME,W-GVMD-AME,W,Pf,G,V,M,D,,A,E,M,
V-RMP-DPM,V-NCMP-DPM,W-Pf-Med-Ptc-DMM,W-GVMD-DMM,W,Pf,G,V,M,D,,D,M,M,
V-RMP-NPM,V-NCMP-NPM,W-Pf-Med-Ptc-NMM,W-GVMD-NMM,W,Pf,G,V,M,D,,N,M,M,
V-RMP-NSM,V-NCMP-NSM,W-Pf-Med-Ptc-NME,W-GVMD-NME,W,Pf,G,V,M,D,,N,E,M,
V-RNI-1P,V-RCMI-1P,W-Pf-Med-Ind-1M,W-HVMA-1M,W,Pf,H,V,M,A,1,,M,,
V-RNI-1S,V-RCMI-1S,W-Pf-Med-Ind-1E,W-HVMA-1E,W,Pf,H,V,M,A,1,,E,,
V-RNI-3S,V-RCMI-3S,W-Pf-Med-Ind-3E,W-HVMA-3E,W,Pf,H,V,M,A,3,,E,,
V-RNN,V-NCMN,W-Pf-Med-Inf,W-GVMO,W,Pf,G,V,M,O,,,,,
V-RNP-APM,V-NCMP-APM,W-Pf-Med-Ptc-AMM,W-GVMD-AMM,W,Pf,G,V,M,D,,A,M,M,
V-RNP-ASF,V-NCMP-ASF,W-Pf-Med-Ptc-AVE,W-GVMD-AVE,W,Pf,G,V,M,D,,A,E,V,
V-RNP-DPF,V-NCMP-DPF,W-Pf-Med-Ptc-DVM,W-GVMD-DVM,W,Pf,G,V,M,D,,D,M,V,
V-RNP-NPM,V-NCMP-NPM,W-Pf-Med-Ptc-NMM,W-GVMD-NMM,W,Pf,G,V,M,D,,N,M,M,
V-RNP-NSM,V-NCMP-NSM,W-Pf-Med-Ptc-NME,W-GVMD-NME,W,Pf,G,V,M,D,,N,E,M,
V-RPI-1P,NULL,W-Pf-Pas-Ind-1M,W-HVPA-1M,W,Pf,H,V,P,A,1,,M,,
V-RPI-1S,NULL,W-Pf-Pas-Ind-1E,W-HVPA-1E,W,Pf,H,V,P,A,1,,E,,
V-RPI-2P,NULL,W-Pf-Pas-Ind-2M,W-HVPA-2M,W,Pf,H,V,P,A,2,,M,,
V-RPI-2S,NULL,W-Pf-Pas-Ind-2E,W-HVPA-2E,W,Pf,H,V,P,A,2,,E,,
V-RPI-3P,NULL,W-Pf-Pas-Ind-3M,W-HVPA-3M,W,Pf,H,V,P,A,3,,M,,
V-RPI-3S,NULL,W-Pf-Pas-Ind-3E,W-HVPA-3E,W,Pf,H,V,P,A,3,,E,,
V-RPM-2P,V-NCPM-2P,W-Pf-Pas-Imp-2M,W-GVPG-2M,W,Pf,G,V,P,G,2,,M,,
V-RPM-2S,V-NCMM-2S,W-Pf-Pas-Imp-2E,W-GVPG-2E,W,Pf,G,V,P,G,2,,E,,
V-RPN,NULL,W-Pf-Pas-Inf,W-GOPO,W,Pf,G,O,P,O,,,,,
V-RPP-APF,V-NCMP-APF,W-Pf-Med-Ptc-AVM,W-GVMD-AVM,W,Pf,G,V,M,D,,A,M,V,
V-RPP-APM,V-NCMP-APM,W-Pf-Med-Ptc-AMM,W-GVMD-AMM,W,Pf,G,V,M,D,,A,M,M,
V-RPP-APN,V-NCMP-APN,W-Pf-Med-Ptc-AOM,W-GVMD-AOM,W,Pf,G,V,M,D,,A,M,O,
V-RPP-ASF,V-NCMP-ASF,W-Pf-Med-Ptc-AVE,W-GVMD-AVE,W,Pf,G,V,M,D,,A,E,V,
V-RPP-ASM,V-NCMP-ASM,W-Pf-Med-Ptc-AME,W-GVMD-AME,W,Pf,G,V,M,D,,A,E,M,
V-RPP-ASN,V-NCMP-ASN,W-Pf-Med-Ptc-AOE,W-GVMD-AOE,W,Pf,G,V,M,D,,A,E,O,
V-RPP-ASN-ATT,V-NCMP-ASN-ATT,W-Pf-Med-Ptc-AOE-ATT,W-GVMD-AOE-ATT,W,Pf,G,V,M,D,,A,E,O,ATT
V-RPP-DPM,V-NCMP-DPM,W-Pf-Med-Ptc-DMM,W-GVMD-DMM,W,Pf,G,V,M,D,,D,M,M,
V-RPP-DPN,V-NCMP-DPN,W-Pf-Med-Ptc-DOM,W-GVMD-DOM,W,Pf,G,V,M,D,,D,M,O,
V-RPP-DSF,V-NCMP-DSF,W-Pf-Med-Ptc-DVE,W-GVMD-DVE,W,Pf,G,V,M,D,,D,E,V,
V-RPP-DSM,V-NCMP-DSM,W-Pf-Med-Ptc-DME,W-GVMD-DME,W,Pf,G,V,M,D,,D,E,M,
V-RPP-DSN,V-NCMP-DSN,W-Pf-Med-Ptc-DOE,W-GVMD-DOE,W,Pf,G,V,M,D,,D,E,O,
V-RPP-GPF,V-NCMP-GPF,W-Pf-Med-Ptc-GVM,W-GVMD-GVM,W,Pf,G,V,M,D,,G,M,V,
V-RPP-GPM,V-NCMP-GPM,W-Pf-Med-Ptc-GMM,W-GVMD-GMM,W,Pf,G,V,M,D,,G,M,M,
V-RPP-GPN,V-NCMP-GPN,W-Pf-Med-Ptc-GOM,W-GVMD-GOM,W,Pf,G,V,M,D,,G,M,O,
V-RPP-GSF,V-NCMP-GSF,W-Pf-Med-Ptc-GVE,W-GVMD-GVE,W,Pf,G,V,M,D,,G,E,V,
V-RPP-GSM,V-NCMP-GSM,W-Pf-Med-Ptc-GME,W-GVMD-GME,W,Pf,G,V,M,D,,G,E,M,
V-RPP-GSN,V-NCMP-GSN,W-Pf-Med-Ptc-GOE,W-GVMD-GOE,W,Pf,G,V,M,D,,G,E,O,
V-RPP-NPF,V-NCMP-NPF,W-Pf-Med-Ptc-NVM,W-GVMD-NVM,W,Pf,G,V,M,D,,N,M,V,
V-RPP-NPM,V-NCMP-NPM,W-Pf-Med-Ptc-NMM,W-GVMD-NMM,W,Pf,G,V,M,D,,N,M,M,
V-RPP-NPN,V-NCMP-NPN,W-Pf-Med-Ptc-NOM,W-GVMD-NOM,W,Pf,G,V,M,D,,N,M,O,
V-RPP-NSF,V-NCMP-NSF,W-Pf-Med-Ptc-NVE,W-GVMD-NVE,W,Pf,G,V,M,D,,N,E,V,
V-RPP-NSM,V-NCMP-NSM,W-Pf-Med-Ptc-NME,W-GVMD-NME,W,Pf,G,V,M,D,,N,E,M,
V-RPP-NSN,V-NCMP-NSN,W-Pf-Med-Ptc-NOE,W-GVMD-NOE,W,Pf,G,V,M,D,,N,E,O,
V-RPP-NSN-ATT,V-NCMP-NSN-ATT,W-Pf-Med-Ptc-NOE-ATT,W-GVMD-NOE-ATT,W,Pf,G,V,M,D,,N,E,O,ATT
V-RPP-VSM,V-NCMP-VSM,W-Pf-Med-Ptc-VME,W-GVMD-VME,W,Pf,G,V,M,D,,V,E,M,
X-APF,X-APF,O-AVM,O-AVM,O,,,,,,,A,M,V,
X-APM,X-APM,O-AMM,O-AMM,O,,,,,,,A,M,M,
X-APN,X-APN,O-AOM,O-AOM,O,,,,,,,A,M,O,
X-ASF,X-ASF,O-AVE,O-AVE,O,,,,,,,A,E,V,
X-ASM,X-ASM,O-AME,O-AME,O,,,,,,,A,E,M,
X-ASN,X-ASN,O-AOE,O-AOE,O,,,,,,,A,E,O,
X-DPM,X-DPM,O-DMM,O-DMM,O,,,,,,,D,M,M,
X-DSF,X-DSF,O-DVE,O-DVE,O,,,,,,,D,E,V,
X-DSM,X-DSM,O-DME,O-DME,O,,,,,,,D,E,M,
X-DSN,X-DSN,O-DOE,O-DOE,O,,,,,,,D,E,O,
X-GPF,X-GPF,O-GVM,O-GVM,O,,,,,,,G,M,V,
X-GPM,X-GPM,O-GMM,O-GMM,O,,,,,,,G,M,M,
X-GPN,X-GPN,O-GOM,O-GOM,O,,,,,,,G,M,O,
X-GSM,X-GSM,O-GME,O-GME,O,,,,,,,G,E,M,
X-GSN,X-GSN,O-GOE,O-GOE,O,,,,,,,G,E,O,
X-NPF,X-NPF,O-NVM,O-NVM,O,,,,,,,N,M,V,
X-NPM,X-NPM,O-NMM,O-NMM,O,,,,,,,N,M,M,
X-NPN,X-NPN,O-NOM,O-NOM,O,,,,,,,N,M,O,
X-NSF,X-NSF,O-NVE,O-NVE,O,,,,,,,N,E,V,
X-NSM,X-NSM,O-NME,O-NME,O,,,,,,,N,E,M,
X-NSN,X-NSN,O-NOE,O-NOE,O,,,,,,,N,E,O,
A-GSN-C,A-GSN-C,A-GOE-V,A-GOE-V,A,,,,,,,G,E,O,V
A-VSN,A-VSN,A-VOE,A-VOE,A,,,,,,,V,E,O,
I-APN,I-APN,V-AOM,V-AOM,V,,,,,,,A,M,O,
I-NPF,I-NPF,V-NVM,V-NVM,V,,,,,,,N,M,V,
N-APM-C,N-APM-C,N-AMM-V,N-AMM-V,N,,,,,,,A,M,M,V
N-GPM-S,N-GPM-S,N-GMM-O,N-GMM-O,N,,,,,,,G,M,M,O
P-2VS,P-2VS,P-2VE,P-2VE,P,,,,,,2,V,E,,
T-VPM,T-VPM,T-VMM,T-VMM,T,,,,,,,V,M,M,
T-VPN,T-VPN,T-VOM,T-VOM,T,,,,,,,V,M,O,
T-VSF,T-VSF,T-VVE,T-VVE,T,,,,,,,V,E,V,
T-VSM,T-VSM,T-VME,T-VME,T,,,,,,,V,E,M,
T-VSN,T-VSN,T-VOE,T-VOE,T,,,,,,,V,E,O,
V-AAO-1P,NULL,W-Ao-Act-Opt-1M,W-GHAW-1M,W,Ao,G,H,A,W,1,,M,,
V-AAO-1S,NULL,W-Ao-Act-Opt-1E,W-GHAW-1E,W,Ao,G,H,A,W,1,,E,,
V-AAO-2P,NULL,W-Ao-Act-Opt-2M,W-GHAW-2M,W,Ao,G,H,A,W,2,,M,,
V-AAO-2S,NULL,W-Ao-Act-Opt-2E,W-GHAW-2E,W,Ao,G,H,A,W,2,,E,,
V-AAP-APF,V-NNAP-APF,W-Ao-Act-Ptc-AVM,W-GHAD-AVM,W,Ao,G,H,A,D,,A,M,V,
V-AAP-DPF,V-NNAP-DPF,W-Ao-Act-Ptc-DVM,W-GHAD-DVM,W,Ao,G,H,A,D,,D,M,V,
V-AAP-DPN,V-NNAP-DPN,W-Ao-Act-Ptc-DOM,W-GHAD-DOM,W,Ao,G,H,A,D,,D,M,O,
V-AAP-DSF,V-NNAP-DSF,W-Ao-Act-Ptc-DVE,W-GHAD-DVE,W,Ao,G,H,A,D,,D,E,V,
V-AAP-GPF,V-NNAP-GPF,W-Ao-Act-Ptc-GVM,W-GHAD-GVM,W,Ao,G,H,A,D,,G,M,V,
V-AAP-GPN,V-NNAP-GPN,W-Ao-Act-Ptc-GOM,W-GHAD-GOM,W,Ao,G,H,A,D,,G,M,O,
V-AAP-GSF,V-NNAP-GSF,W-Ao-Act-Ptc-GVE,W-GHAD-GVE,W,Ao,G,H,A,D,,G,E,V,
V-AAP-GSN,V-NNAP-GSN,W-Ao-Act-Ptc-GOE,W-GHAD-GOE,W,Ao,G,H,A,D,,G,E,O,
V-AAP-NDM,V-NNAP-NDM,W-Ao-Act-Ptc-NMT,W-GHAD-NMT,W,Ao,G,H,A,D,,N,T,M,
V-AAP-NPN,V-NNAP-NPN,W-Ao-Act-Ptc-NOM,W-GHAD-NOM,W,Ao,G,H,A,D,,N,M,O,
V-PPM-3P,NULL,W-Pr-Pas-Imp-3M,W-GOPG-3M,W,Pr,G,O,P,G,3,,M,,
V-AMO-1S,NULL,W-Ao-Med-Opt-1E,W-GHMW-1E,W,Ao,G,H,M,W,1,,E,,
V-AMO-2S,NULL,W-Ao-Med-Opt-2E,W-GHMW-2E,W,Ao,G,H,M,W,2,,E,,
V-AMO-3P,NULL,W-Ao-Med-Opt-3M,W-GHMW-3M,W,Ao,G,H,M,W,3,,M,,
V-AMO-3S,NULL,W-Ao-Med-Opt-3E,W-GHMW-3E,W,Ao,G,H,M,W,3,,E,,
V-AMP-APF,V-NNMP-APF,W-Ao-Med-Ptc-AVM,W-GHMD-AVM,W,Ao,G,H,M,D,,A,M,V,
V-AMP-APN,V-NNMP-APN,W-Ao-Med-Ptc-AOM,W-GHMD-AOM,W,Ao,G,H,M,D,,A,M,O,
V-AMP-ASF,V-NNMP-ASF,W-Ao-Med-Ptc-AVE,W-GHMD-AVE,W,Ao,G,H,M,D,,A,E,V,
V-AMP-ASM,V-NNMP-ASM,W-Ao-Med-Ptc-AME,W-GHMD-AME,W,Ao,G,H,M,D,,A,E,M,
V-AMP-ASN,V-NNMP-ASN,W-Ao-Med-Ptc-AOE,W-GHMD-AOE,W,Ao,G,H,M,D,,A,E,O,
V-AMP-DPF,V-NNMP-DPF,W-Ao-Med-Ptc-DVM,W-GHMD-DVM,W,Ao,G,H,M,D,,D,M,V,
V-AMP-DSF,V-NNMP-DSF,W-Ao-Med-Ptc-DVE,W-GHMD-DVE,W,Ao,G,H,M,D,,D,E,V,
V-AMP-DSM,V-NNMP-DSM,W-Ao-Med-Ptc-DME,W-GHMD-DME,W,Ao,G,H,M,D,,D,E,M,
V-AMP-GSF,V-NNMP-GSF,W-Ao-Med-Ptc-GVE,W-GHMD-GVE,W,Ao,G,H,M,D,,G,E,V,
V-AMP-NPF,V-NNMP-NPF,W-Ao-Med-Ptc-NVM,W-GHMD-NVM,W,Ao,G,H,M,D,,N,M,V,
V-AMP-NSN,V-NNMP-NSN,W-Ao-Med-Ptc-NOE,W-GHMD-NOE,W,Ao,G,H,M,D,,N,E,O,
V-PPM-2S,NULL,W-Pr-Pas-Imp-2E,W-GOPG-2E,W,Pr,G,O,P,G,2,,E,,
V-PMM-3S,V-NIMM-3S,W-Pr-Med-Imp-3E,W-GOMG-3E,W,Pr,G,O,M,G,3,,E,,
V-PMM-3P,V-NIMM-3P,W-Pr-Med-Imp-3M,W-GOMG-3M,W,Pr,G,O,M,G,3,,M,,
V-PMM-2S,V-NIMM-2S,W-Pr-Med-Imp-2E,W-GOMG-2E,W,Pr,G,O,M,G,2,,E,,
V-APO-1P,V-NNPO-1P,W-Ao-Pas-Opt-1M,W-GHPW-1M,W,Ao,G,H,P,W,1,,M,,
V-APO-1S,V-NNPO-1S,W-Ao-Pas-Opt-1E,W-GHPW-1E,W,Ao,G,H,P,W,1,,E,,
V-APO-2P,V-NNPO-2P,W-Ao-Pas-Opt-2M,W-GHPW-2M,W,Ao,G,H,P,W,2,,M,,
V-APO-3P,V-NNPO-3P,W-Ao-Pas-Opt-3M,W-GHPW-3M,W,Ao,G,H,P,W,3,,M,,
V-APP-APF,V-NNPP-APF,W-Ao-Pas-Ptc-AVM,W-GHPD-AVM,W,Ao,G,H,P,D,,A,M,V,
V-APP-DPM,V-NNPP-DPM,W-Ao-Pas-Ptc-DMM,W-GHPD-DMM,W,Ao,G,H,P,D,,D,M,M,
V-APP-NPF,V-NNPP-NPF,W-Ao-Pas-Ptc-NVM,W-GHPD-NVM,W,Ao,G,H,P,D,,N,M,V,
V-PMM-2P,V-NIMM-2P,W-Pr-Med-Imp-2M,W-GOMG-2M,W,Pr,G,O,M,G,2,,M,,
V-FAO-3S,V-FIAO-3S,W-Fu-Act-Opt-3E,W-TOAW-3E,W,Fu,T,O,A,W,3,,E,,
V-FAP-ASN,V-FIAP-ASN,W-Fu-Act-Ptc-AOE,W-TOAD-AOE,W,Fu,T,O,A,D,,A,E,O,
V-FAP-NSN,V-FIAP-NSN,W-Fu-Act-Ptc-NOE,W-TOAD-NOE,W,Fu,T,O,A,D,,N,E,O,
V-FAS-1S,V-FIAS-1S,W-Fu-Act-Con-1E,W-TOAV-1E,W,Fu,T,O,A,V,1,,E,,
V-FMI-1P,V-FIMI-1P,W-Fu-Med-Ind-1M,W-TOMA-1M,W,Fu,T,O,M,A,1,,M,,
V-FMI-2S,V-FIMI-2S,W-Fu-Med-Ind-2E,W-TOMA-2E,W,Fu,T,O,M,A,2,,E,,
V-FMO-3S,NULL,W-Fu-Med-Opt-3E,W-TOMW-3E,W,Fu,T,O,M,W,3,,E,,
V-FMP-APN,V-FIMP-APN,W-Fu-Med-Ptc-AOM,W-TOMD-AOM,W,Fu,T,O,M,D,,A,M,O,
V-FMP-ASM,V-FIMP-ASM,W-Fu-Med-Ptc-AME,W-TOMD-AME,W,Fu,T,O,M,D,,A,E,M,
V-FMP-ASN,V-FIMP-ASN,W-Fu-Med-Ptc-AOE,W-TOMD-AOE,W,Fu,T,O,M,D,,A,E,O,
V-FMP-GPN,V-FIMP-GPN,W-Fu-Med-Ptc-GOM,W-TOMD-GOM,W,Fu,T,O,M,D,,G,M,O,
V-FMP-GSM,V-FIMP-GSM,W-Fu-Med-Ptc-GME,W-TOMD-GME,W,Fu,T,O,M,D,,G,E,M,
V-FMP-NSM,V-FIMP-NSM,W-Fu-Med-Ptc-NME,W-TOMD-NME,W,Fu,T,O,M,D,,N,E,M,
V-FMP-NSN,V-FIMP-NSN,W-Fu-Med-Ptc-NOE,W-TOMD-NOE,W,Fu,T,O,M,D,,N,E,O,
V-FMS-2S,V-FIMS-2S,W-Fu-Med-Con-2E,W-TOMV-2E,W,Fu,T,O,M,V,2,,E,,
V-FPP-APF,NULL,W-Fu-Pas-Ptc-AVM,W-TOPD-AVM,W,Fu,T,O,P,D,,A,M,V,
V-FPP-DPM,NULL,W-Fu-Pas-Ptc-DMM,W-TOPD-DMM,W,Fu,T,O,P,D,,D,M,M,
V-FPP-DSM,NULL,W-Fu-Pas-Ptc-DME,W-TOPD-DME,W,Fu,T,O,P,D,,D,E,M,
V-FPP-GPM,NULL,W-Fu-Pas-Ptc-GMM,W-TOPD-GMM,W,Fu,T,O,P,D,,G,M,M,
V-FPP-NPM,NULL,W-Fu-Pas-Ptc-NMM,W-TOPD-NMM,W,Fu,T,O,P,D,,N,M,M,
V-FPP-NSM,NULL,W-Fu-Pas-Ptc-NME,W-TOPD-NME,W,Fu,T,O,P,D,,N,E,M,
V-FPP-NSN,NULL,W-Fu-Pas-Ptc-NOE,W-TOPD-NOE,W,Fu,T,O,P,D,,N,E,O,
V-FPS-2S,V-FIPS-2S,W-Fu-Pas-Con-2E,W-TOPV-2E,W,Fu,T,O,P,V,2,,E,,
V-FPS-3P,V-FIPS-3P,W-Fu-Pas-Con-3M,W-TOPV-3M,W,Fu,T,O,P,V,3,,M,,
V-IMI-2P,V-PIMI-2P,W-Im-Med-Ind-2M,W-VOMA-2M,W,Im,V,O,M,A,2,,M,,
V-IMI-2S,V-PIMI-2S,W-Im-Med-Ind-2E,W-VOMA-2E,W,Im,V,O,M,A,2,,E,,
V-LAI-1P,V-PCAI-1P,W-Pv-Act-Ind-1M,W-VVAA-1M,W,Pv,V,V,A,A,1,,M,,
V-LMI-3S,V-PCMI-3S,W-Pv-Med-Ind-3E,W-VVMA-3E,W,Pv,V,V,M,A,3,,E,,
V-LMP-ASN,NULL,W-Pv-Med-Ptc-AOE,W-VVMD-AOE,W,Pv,V,V,M,D,,A,E,O,
V-LMP-NPM,NULL,W-Pv-Med-Ptc-NMM,W-VVMD-NMM,W,Pv,V,V,M,D,,N,M,M,
V-LMP-NSM,NULL,W-Pv-Med-Ptc-NME,W-VVMD-NME,W,Pv,V,V,M,D,,N,E,M,
V-LMP-NSN,NULL,W-Pv-Med-Ptc-NOE,W-VVMD-NOE,W,Pv,V,V,M,D,,N,E,O,
V-LPI-3S,NULL,W-Pv-Pas-Ind-3E,W-VVPA-3E,W,Pv,V,V,P,A,3,,E,,
V-LPP-ASM,NULL,W-Pv-Pas-Ptc-AME,W-VVPD-AME,W,Pv,V,V,P,D,,A,E,M,
V-PAM-3S,V-NIAM-3S,W-Pr-Act-Imp-3E,W-GOAG-3E,W,Pr,G,O,A,G,3,,E,,
V-PAM-3P,V-NIAM-3P,W-Pr-Act-Imp-3M,W-GOAG-3M,W,Pr,G,O,A,G,3,,M,,
V-PAM-2S,V-NIAM-2S,W-Pr-Act-Imp-2E,W-GOAG-2E,W,Pr,G,O,A,G,2,,E,,
V-PAM-2P,V-NIAM-2P,W-Pr-Act-Imp-2M,W-GOAG-2M,W,Pr,G,O,A,G,2,,M,,
V-PAI-1D,V-RIAI-1D,W-Pr-Act-Ind-1T,W-HOAA-1T,W,Pr,H,O,A,A,1,,T,,
V-PAP-VPM,V-NIAP-VPM,W-Pr-Act-Ptc-VMM,W-GOAD-VMM,W,Pr,G,O,A,D,,V,M,M,
V-PAP-VSF,V-NIAP-VSF,W-Pr-Act-Ptc-VVE,W-GOAD-VVE,W,Pr,G,O,A,D,,V,E,V,
V-PAP-VSM,V-NIAP-VSM,W-Pr-Act-Ptc-VME,W-GOAD-VME,W,Pr,G,O,A,D,,V,E,M,
V-FAM-2S,NULL,W-Fu-Act-Imp-2E,W-TOAG-2E,W,Fu,T,O,A,G,2,,E,,
V-APM-3S,V-NNPM-3S,W-Ao-Pas-Imp-3E,W-GHPG-3E,W,Ao,G,H,P,G,3,,E,,
V-APM-3P,V-NNPM-3P,W-Ao-Pas-Imp-3M,W-GHPG-3M,W,Ao,G,H,P,G,3,,M,,
V-APM-2S,V-NNPM-2S,W-Ao-Pas-Imp-2E,W-GHPG-2E,W,Ao,G,H,P,G,2,,E,,
V-PMI-2S,V-RIMI-2S,W-Pr-Med-Ind-2E,W-HOMA-2E,W,Pr,H,O,M,A,2,,E,,
V-PMO-1S,V-NIMO-1S,W-Pr-Med-Opt-1E,W-GOMW-1E,W,Pr,G,O,M,W,1,,E,,
V-PMO-2S,V-NIMO-2S,W-Pr-Med-Opt-2E,W-GOMW-2E,W,Pr,G,O,M,W,2,,E,,
V-PMO-3S,V-NIMO-3S,W-Pr-Med-Opt-3E,W-GOMW-3E,W,Pr,G,O,M,W,3,,E,,
V-PMP-APF,V-NIMP-APF,W-Pr-Med-Ptc-AVM,W-GOMD-AVM,W,Pr,G,O,M,D,,A,M,V,
V-PMP-APN,V-NIMP-APN,W-Pr-Med-Ptc-AOM,W-GOMD-AOM,W,Pr,G,O,M,D,,A,M,O,
V-PMP-DPF,V-NIMP-DPF,W-Pr-Med-Ptc-DVM,W-GOMD-DVM,W,Pr,G,O,M,D,,D,M,V,
V-PMP-DPN,V-NIMP-DPN,W-Pr-Med-Ptc-DOM,W-GOMD-DOM,W,Pr,G,O,M,D,,D,M,O,
V-PMP-DSF,V-NIMP-DSF,W-Pr-Med-Ptc-DVE,W-GOMD-DVE,W,Pr,G,O,M,D,,D,E,V,
V-PMP-DSN,V-NIMP-DSN,W-Pr-Med-Ptc-DOE,W-GOMD-DOE,W,Pr,G,O,M,D,,D,E,O,
V-PMP-GPN,V-NIMP-GPN,W-Pr-Med-Ptc-GOM,W-GOMD-GOM,W,Pr,G,O,M,D,,G,M,O,
V-PMP-NPN,V-NIMP-NPN,W-Pr-Med-Ptc-NOM,W-GOMD-NOM,W,Pr,G,O,M,D,,N,M,O,
V-PMP-VPM,V-NIMP-VPM,W-Pr-Med-Ptc-VMM,W-GOMD-VMM,W,Pr,G,O,M,D,,V,M,M,
V-PMP-VPN,V-NIMP-VPN,W-Pr-Med-Ptc-VOM,W-GOMD-VOM,W,Pr,G,O,M,D,,V,M,O,
V-PMP-VSM,V-NIMP-VSM,W-Pr-Med-Ptc-VME,W-GOMD-VME,W,Pr,G,O,M,D,,V,E,M,
V-PMS-2P,V-NIMS-2P,W-Pr-Med-Con-2M,W-GOMV-2M,W,Pr,G,O,M,V,2,,M,,
V-PMS-3P,V-NIMS-3P,W-Pr-Med-Con-3M,W-GOMV-3M,W,Pr,G,O,M,V,3,,M,,
V-APM-2P,V-NNPM-2P,W-Ao-Pas-Imp-2M,W-GHPG-2M,W,Ao,G,H,P,G,2,,M,,
V-AMM-3S,V-NNMM-3S,W-Ao-Med-Imp-3E,W-GHMG-3E,W,Ao,G,H,M,G,3,,E,,
V-AMM-3P,V-NNMM-3P,W-Ao-Med-Imp-3M,W-GHMG-3M,W,Ao,G,H,M,G,3,,M,,
V-PPP-GPF,V-NIMP-GPF,W-Pr-Med-Ptc-GVM,W-GOMD-GVM,W,Pr,G,O,M,D,,G,M,V,
V-PPS-2S,NULL,W-Pr-Pas-Con-2E,W-GOPV-2E,W,Pr,G,O,P,V,2,,E,,
V-AMM-2S,V-NNMM-2S,W-Ao-Med-Imp-2E,W-GHMG-2E,W,Ao,G,H,M,G,2,,E,,
V-AMM-2P,V-NNMM-2P,W-Ao-Med-Imp-2M,W-GHMG-2M,W,Ao,G,H,M,G,2,,M,,
V-AAM-3S,V-NNAM-3S,W-Ao-Act-Imp-3E,W-GHAG-3E,W,Ao,G,H,A,G,3,,E,,
V-AAM-3P,V-NNAM-3P,W-Ao-Act-Imp-3M,W-GHAG-3M,W,Ao,G,H,A,G,3,,M,,
V-RAO-3S,NULL,W-Pf-Act-Opt-3E,W-GVAW-3E,W,Pf,G,V,A,W,3,,E,,
V-RAP-DPN,V-NCAP-DPN,W-Pf-Act-Ptc-DOM,W-GVAD-DOM,W,Pf,G,V,A,D,,D,M,O,
V-RAP-DSF,V-NCAP-DSF,W-Pf-Act-Ptc-DVE,W-GVAD-DVE,W,Pf,G,V,A,D,,D,E,V,
V-RAP-GPF,V-NCAP-GPF,W-Pf-Act-Ptc-GVM,W-GVAD-GVM,W,Pf,G,V,A,D,,G,M,V,
V-RAP-GSN,V-NCAP-GSN,W-Pf-Act-Ptc-GOE,W-GVAD-GOE,W,Pf,G,V,A,D,,G,E,O,
V-RAP-VPM,V-NCAP-VPM,W-Pf-Act-Ptc-VMM,W-GVAD-VMM,W,Pf,G,V,A,D,,V,M,M,
V-AAM-2S,V-NNAM-2S,W-Ao-Act-Imp-2E,W-GHAG-2E,W,Ao,G,H,A,G,2,,E,,
V-AAM-2P,V-NNAM-2P,W-Ao-Act-Imp-2M,W-GHAG-2M,W,Ao,G,H,A,G,2,,M,,
V-RMI-1P,V-RCMI-1P,W-Pf-Med-Ind-1M,W-HVMA-1M,W,Pf,H,V,M,A,1,,M,,
V-RMI-1S,V-RCMI-1S,W-Pf-Med-Ind-1E,W-HVMA-1E,W,Pf,H,V,M,A,1,,E,,
V-RMI-2P,V-RCMI-2P,W-Pf-Med-Ind-2M,W-HVMA-2M,W,Pf,H,V,M,A,2,,M,,
V-RMI-3P,V-RCMI-3P,W-Pf-Med-Ind-3M,W-HVMA-3M,W,Pf,H,V,M,A,3,,M,,
V-RMN,V-NCMN,W-Pf-Med-Inf,W-GVMO,W,Pf,G,V,M,O,,,,,
V-RMP-APF,V-NCMP-APF,W-Pf-Med-Ptc-AVM,W-GVMD-AVM,W,Pf,G,V,M,D,,A,M,V,
V-RMP-APM,V-NCMP-APM,W-Pf-Med-Ptc-AMM,W-GVMD-AMM,W,Pf,G,V,M,D,,A,M,M,
V-RMP-APN,V-NCMP-APN,W-Pf-Med-Ptc-AOM,W-GVMD-AOM,W,Pf,G,V,M,D,,A,M,O,
V-RMP-ASF,V-NCMP-ASF,W-Pf-Med-Ptc-AVE,W-GVMD-AVE,W,Pf,G,V,M,D,,A,E,V,
V-RMP-ASN,V-NCMP-ASN,W-Pf-Med-Ptc-AOE,W-GVMD-AOE,W,Pf,G,V,M,D,,A,E,O,
V-RMP-DPF,V-NCMP-DPF,W-Pf-Med-Ptc-DVM,W-GVMD-DVM,W,Pf,G,V,M,D,,D,M,V,
V-RMP-DPN,V-NCMP-DPN,W-Pf-Med-Ptc-DOM,W-GVMD-DOM,W,Pf,G,V,M,D,,D,M,O,
V-RMP-DSF,V-NCMP-DSF,W-Pf-Med-Ptc-DVE,W-GVMD-DVE,W,Pf,G,V,M,D,,D,E,V,
V-RMP-DSM,V-NCMP-DSM,W-Pf-Med-Ptc-DME,W-GVMD-DME,W,Pf,G,V,M,D,,D,E,M,
V-RMP-DSN,V-NCMP-DSN,W-Pf-Med-Ptc-DOE,W-GVMD-DOE,W,Pf,G,V,M,D,,D,E,O,
V-RMP-GPF,V-NCMP-GPF,W-Pf-Med-Ptc-GVM,W-GVMD-GVM,W,Pf,G,V,M,D,,G,M,V,
V-RMP-GPM,V-NCMP-GPM,W-Pf-Med-Ptc-GMM,W-GVMD-GMM,W,Pf,G,V,M,D,,G,M,M,
V-RMP-GPN,V-NCMP-GPN,W-Pf-Med-Ptc-GOM,W-GVMD-GOM,W,Pf,G,V,M,D,,G,M,O,
V-RMP-GSF,V-NCMP-GSF,W-Pf-Med-Ptc-GVE,W-GVMD-GVE,W,Pf,G,V,M,D,,G,E,V,
V-RMP-GSM,V-NCMP-GSM,W-Pf-Med-Ptc-GME,W-GVMD-GME,W,Pf,G,V,M,D,,G,E,M,
V-RMP-GSN,V-NCMP-GSN,W-Pf-Med-Ptc-GOE,W-GVMD-GOE,W,Pf,G,V,M,D,,G,E,O,
V-RMP-NPF,V-NCMP-NPF,W-Pf-Med-Ptc-NVM,W-GVMD-NVM,W,Pf,G,V,M,D,,N,M,V,
V-RMP-NPN,V-NCMP-NPN,W-Pf-Med-Ptc-NOM,W-GVMD-NOM,W,Pf,G,V,M,D,,N,M,O,
V-RMP-NSF,V-NCMP-NSF,W-Pf-Med-Ptc-NVE,W-GVMD-NVE,W,Pf,G,V,M,D,,N,E,V,
V-RMP-NSN,V-NCMP-NSN,W-Pf-Med-Ptc-NOE,W-GVMD-NOE,W,Pf,G,V,M,D,,N,E,O,
V-RPP-DPF,V-NCMP-DPF,W-Pf-Med-Ptc-DVM,W-GVMD-DVM,W,Pf,G,V,M,D,,D,M,V,
V-2FDI-3S,V-FIMI-3S,W-2Fu-Med-Ind-3E,W-TOMA-3E,W,2Fu,T,O,M,A,3,,E,,
"PREP,R-GPN",PREP,PREP,PREP,PREP,,,,,,,,,,
"PREP,R-GPN",R-GPN,R-GOM,R-GOM,R,,,,,,,G,M,O,
"PREP,R-GPM",PREP,PREP,PREP,PREP,,,,,,,,,,
"PREP,R-GPM",R-GPM,R-GMM,R-GMM,R,,,,,,,G,M,M,
"PREP,R-DSN",PREP,PREP,PREP,PREP,,,,,,,,,,
"PREP,R-DSN",R-DSN,R-DOE,R-DOE,R,,,,,,,D,E,O,
"PREP,I-ASN",PREP,PREP,PREP,PREP,,,,,,,,,,
"PREP,I-ASN",I-ASN,V-AOE,V-AOE,V,,,,,,,A,E,O,
"PREP,D-ASN",PREP,PREP,PREP,PREP,,,,,,,,,,
"PREP,D-ASN",D-ASN,D-AOE,D-AOE,D,,,,,,,A,E,O,
"PREP,A-GSN",PREP,PREP,PREP,PREP,,,,,,,,,,
"PREP,A-GSN",A-GSN,A-GOE,A-GOE,A,,,,,,,G,E,O,
"PREP,A-GSM",PREP,PREP,PREP,PREP,,,,,,,,,,
"PREP,A-GSM",A-GSM,A-GME,A-GME,A,,,,,,,G,E,M,
"N-GSM,N-GSN",N-GSM,N-GME,N-GME,N,,,,,,,G,E,M,
"N-GSM,N-GSN",N-GSN,N-GOE,N-GOE,N,,,,,,,G,E,O,
"N-GSM,N-GSM",N-GSM,N-GME,N-GME,N,,,,,,,G,E,M,
"N-ASM,N-ASM",N-ASM,N-AME,N-AME,N,,,,,,,A,E,M,
"CONJ,PRT-N",CONJ,VOEG,VOEG,VOEG,,,,,,,,,,
"CONJ,PRT-N",PRT-N,PRT-N,PRT-N,PRT,,,,,,,,,,N
"CONJ,I-ASN",CONJ,VOEG,VOEG,VOEG,,,,,,,,,,
"CONJ,I-ASN",I-ASN,V-AOE,V-AOE,V,,,,,,,A,E,O,
"CONJ,ADV,CONJ,ADV",CONJ,VOEG,VOEG,VOEG,,,,,,,,,,
"CONJ,ADV,CONJ,ADV",ADV,BIJW,BIJW,BIJW,,,,,,,,,,
"COND,PRT-N",COND,COND,COND,COND,,,,,,,,,,
"COND,PRT-N",PRT-N,PRT-N,PRT-N,PRT,,,,,,,,,,N
"COND,PRT-I",COND,COND,COND,COND,,,,,,,,,,
"COND,PRT-I",PRT-I,PRT-Vr,PRT-Vr,PRT,,,,,,,,,,Vr
"COND,CONJ,PRT-N,PRT",PRT-N,PRT-N,PRT-N,PRT,,,,,,,,,,N
"COND,CONJ,PRT-N,PRT",COND,COND,COND,COND,,,,,,,,,,
"COND,CONJ,PRT-N,PRT",CONJ,VOEG,VOEG,VOEG,,,,,,,,,,
"COND,CONJ,PRT-N,PRT",PRT,PRT,PRT,PRT,,,,,,,,,,
"COND,CONJ,PRT-N",PRT-N,PRT-N,PRT-N,PRT,,,,,,,,,,N
"COND,CONJ,PRT-N",COND,COND,COND,COND,,,,,,,,,,
"COND,CONJ,PRT-N",CONJ,VOEG,VOEG,VOEG,,,,,,,,,,
"A-GPN,D-GPN",A-GPN,A-GOM,A-GOM,A,,,,,,,G,M,O,
"A-GPN,D-GPN",D-GPN,D-GOM,D-GOM,D,,,,,,,G,M,O,
"A-GPF,N-GPF",A-GPF,A-GVM,A-GVM,A,,,,,,,G,M,V,
"A-GPF,N-GPF",N-GPF,N-GVM,N-GVM,N,,,,,,,G,M,V,
"A-ASF,N-ASF",A-ASF,A-AVE,A-AVE,A,,,,,,,A,E,V,
"A-ASF,N-ASF",N-ASF,N-AVE,N-AVE,N,,,,,,,A,E,V,
"A-APM,N-APM",A-APM,A-AMM,A-AMM,A,,,,,,,A,M,M,
"A-APM,N-APM",N-APM,N-AMM,N-AMM,N,,,,,,,A,M,M,
"PRT-N,PRT-N",PRT-N,PRT-N,PRT-N,PRT,,,,,,,,,,N
"PRT-N,V-2ADO-3S",PRT-N,PRT-N,PRT-N,PRT,,,,,,,,,,N
"PRT-N,V-2ADO-3S",V-2ADO-3S,W-2Ao-Med-Opt-3E-N,W-GOMW-3E-N,W,2Ao,G,O,M,W,3,,E,,N
PREP,PREP+2,PREP,PREP,PREP,,,,,,,,,,
PREP,PREP+3,PREP,PREP,PREP,,,,,,,,,,
PREP,PREP+4,PREP,PREP,PREP,,,,,,,,,,
S-1GS,S-1GS,B-1GE,B-1GE,B,,,,,,1,G,E,,
V-FAO-3P,V-FIAO-3P,W-Fu-Act-Opt-3M,W-TOAW-3M,W,Fu,T,O,A,W,3,,M,,
V-FPS-1S,V-FIPS-1S,W-Fu-Pas-Con-1E,W-TOPV-1E,W,Fu,T,O,P,V,1,,E,,
V-AAM-1S,V-NNAM-1S,W-Ao-Act-Imp-1E,W-GHAG-1E,W,Ao,G,H,A,G,1,,E,,
V-AAI-1P,V-NNAI-1P,W-Ao-Act-Ind-1M,W-GHAA-1M,W,Ao,G,H,A,A,1,,M,,
V-AAI-1S,V-NNAI-1S,W-Ao-Act-Ind-1E,W-GHAA-1E,W,Ao,G,H,A,A,1,,E,,
V-AAI-2P,V-NNAI-2P,W-Ao-Act-Ind-2M,W-GHAA-2M,W,Ao,G,H,A,A,2,,M,,
V-AAI-2S,V-NNAI-2S,W-Ao-Act-Ind-2E,W-GHAA-2E,W,Ao,G,H,A,A,2,,E,,
V-AAI-3P,V-NNAI-3P,W-Ao-Act-Ind-3M,W-GHAA-3M,W,Ao,G,H,A,A,3,,M,,
V-AAI-3S,V-NNAI-3S,W-Ao-Act-Ind-3E,W-GHAA-3E,W,Ao,G,H,A,A,3,,E,,
V-2AAI-2S,V-NIAI-2S,W-2Ao-Act-Ind-2E,W-GOAA-2E,W,2Ao,G,O,A,A,2,,E,,
V-2AAI-3P,V-PIAI-3P,W-2Ao-Act-Ind-3M,W-VOAA-3M,W,2Ao,V,O,A,A,3,,M,,
V-IPI-1P-ATT,V-PNPI-1P-ATT,W-Im-Pas-Ind-1M-ATT,W-VHPA-1M-ATT,W,Im,V,H,P,A,1,,M,,ATT
V-IPI-1S-ATT,V-PNPI-1S-ATT,W-Im-Pas-Ind-1E-ATT,W-VHPA-1E-ATT,W,Im,V,H,P,A,1,,E,,ATT
V-IPI-2P-ATT,V-PNPI-2P-ATT,W-Im-Pas-Ind-2M-ATT,W-VHPA-2M-ATT,W,Im,V,H,P,A,2,,M,,ATT
V-IPI-3P-ATT,V-PNPI-3P-ATT,W-Im-Pas-Ind-3M-ATT,W-VHPA-3M-ATT,W,Im,V,H,P,A,3,,M,,ATT
V-2API-1P-ATT,V-NNPI-1P-ATT,W-2Ao-Pas-Ind-1M-ATT,W-GHPA-1M-ATT,W,2Ao,G,H,P,A,1,,M,,ATT
V-2API-1S-ATT,V-NNPI-1S-ATT,W-2Ao-Pas-Ind-1E-ATT,W-GHPA-1E-ATT,W,2Ao,G,H,P,A,1,,E,,ATT
V-2API-2P-ATT,V-NNPI-2P-ATT,W-2Ao-Pas-Ind-2M-ATT,W-GHPA-2M-ATT,W,2Ao,G,H,P,A,2,,M,,ATT
V-2API-3P-ATT,V-NNPI-3P-ATT,W-2Ao-Pas-Ind-3M-ATT,W-GHPA-3M-ATT,W,2Ao,G,H,P,A,3,,M,,ATT
V-RMM-2S,V-RCMM-2S,W-Pf-Med-Imp-2E,W-HVMG-2E,W,Pf,H,V,M,G,2,,E,,
V-FPP-GPN,V-FIPP-GPN,W-Fu-Pas-Ptc-GOM,W-TOPD-GOM,W,Fu,T,O,P,D,,G,M,O,
V-2AAO-3S,V-NNAO-3S,W-2Ao-Act-Opt-3E,W-GHAW-3E,W,2Ao,G,H,A,W,3,,E,,
V-2AAO-3P,V-NNAO-3P,W-2Ao-Act-Opt-3M,W-GHAW-3M,W,2Ao,G,H,A,W,3,,M,,
V-API-1S,V-NNPI-1S,W-Ao-Pas-Ind-1E,W-GHPA-1E,W,Ao,G,H,P,A,1,,E,,
V-ADI-2S,V-NNPI-2S,NULL,NULL,,Ao,G,H,P,A,2,,E,,
V-ADI-3P,V-NNPI-3P,W-Ao-Pas-Ind-3M,W-GHPA-3M,W,Ao,G,H,P,A,3,,M,,
V-ADI-3S,V-NNPI-3S,W-Ao-Pas-Ind-3E,W-GHPA-3E,W,Ao,G,H,P,A,3,,E,,
V-AOI-1P,V-NNPI-1P,W-Ao-Pas-Ind-1M,W-GHPA-1M,W,Ao,G,H,P,A,1,,M,,
V-AOI-1P-ATT,V-NNPI-1P-ATT,W-Ao-Pas-Ind-1M-ATT,W-GHPA-1M-ATT,W,Ao,G,H,P,A,1,,M,,ATT
V-AOI-1S,V-NNPI-1S,W-Ao-Pas-Ind-1E,W-GHPA-1E,W,Ao,G,H,P,A,1,,E,,
V-AOI-1S-ATT,V-NNPI-1S-ATT,W-Ao-Pas-Ind-1E-ATT,W-GHPA-1E-ATT,W,Ao,G,H,P,A,1,,E,,ATT
V-AOI-2P,V-NNPI-2P,W-Ao-Pas-Ind-2M,W-GHPA-2M,W,Ao,G,H,P,A,2,,M,,
V-AOI-2P-ATT,V-NNPI-2P-ATT,W-Ao-Pas-Ind-2M-ATT,W-GHPA-2M-ATT,W,Ao,G,H,P,A,2,,M,,ATT
V-AOI-3P,V-NNPI-3P,W-Ao-Pas-Ind-3M,W-GHPA-3M,W,Ao,G,H,P,A,3,,M,,
V-AOI-3P-ATT,V-NNPI-3P-ATT,W-Ao-Pas-Ind-3M-ATT,W-GHPA-3M-ATT,W,Ao,G,H,P,A,3,,M,,ATT
V-AOI-3S,V-NNPI-3S,W-Ao-Pas-Ind-3E,W-GHPA-3E,W,Ao,G,H,P,A,3,,E,,
V-API-1P,V-NNPI-1P,W-Ao-Pas-Ind-1M,W-GHPA-1M,W,Ao,G,H,P,A,1,,M,,
V-API-1S,V-NNPI-1S,W-Ao-Pas-Ind-1E,W-GHPA-1E,W,Ao,G,H,P,A,1,,E,,
V-API-2P,V-NNPI-2P,W-Ao-Pas-Ind-2M,W-GHPA-2M,W,Ao,G,H,P,A,2,,M,,
V-API-2S,V-NNPI-2S,W-Ao-Pas-Ind-2E,W-GHPA-2E,W,Ao,G,H,P,A,2,,E,,
V-API-3P,V-NNPI-3P,W-Ao-Pas-Ind-3M,W-GHPA-3M,W,Ao,G,H,P,A,3,,M,,
V-API-3S,V-NNPI-3S,W-Ao-Pas-Ind-3E,W-GHPA-3E,W,Ao,G,H,P,A,3,,E,,
ADV,CONJ,VOEG,VOEG,VOEG,,,,,,,,,,
V-2API-3S,V-NNAI-3S,W-2Ao-Act-Ind-3E,W-GHAA-3E,W,2Ao,G,H,A,A,3,,E,,
R-GSM,R-GSN,R-GOE,R-GOE,R,,,,,,,G,E,O,
V-PPI-3S,V-RIMI-3S,W-Pr-Med-Ind-3E,W-HOMA-3E,W,Pr,H,O,M,A,3,,E,,
V-2AAI-3P,V-NNAI-3P,W-2Ao-Act-Ind-3M,W-GHAA-3M,W,2Ao,G,H,A,A,3,,M,,
V-RPI-3S,V-RCMI-3S,W-Pf-Med-Ind-3E,W-HVMA-3E,W,Pf,H,V,M,A,3,,E,,
V-IPI-3P,V-PIMI-3P,W-Im-Med-Ind-3M,W-VOMA-3M,W,Im,V,O,M,A,3,,M,,
PREP,ADV,BIJW,BIJW,BIJW,,,,,,,,,,
V-PPN,V-NIMN,W-Pr-Med-Inf,W-GOMO,W,Pr,G,O,M,O,,,,,
CONJ-N,ADV-N,BIJW-N,BIJW-N,BIJW,,,,,,,,,,N
PART-N,PART-N,NULL-N,NULL-N,,,,,,,,,,,N
I-ASN,X-ASN,O-AOE,O-AOE,O,Im,,,,,,A,E,O,
V-AAS-2S,V-NNAS-2S,W-Ao-Act-Con-2E,W-GHAV-2E,W,Ao,G,H,A,V,2,,E,,
V-2AAN,V-NNAN,W-2Ao-Act-Inf,W-GHAO,W,2Ao,G,H,A,O,,,,,
V-PAM-2P,V-RIAI-2P,W-Pr-Act-Ind-2M,W-HOAA-2M,W,Pr,H,O,A,A,2,,M,,
V-2AAS-1S,V-NNAS-1S,W-Ao-Act-Con-1E,W-GHAV-1E,W,Ao,G,H,A,V,1,,E,,
V-2AAI-3S,V-NNAI-3S,W-2Ao-Act-Ind-3E,W-GHAA-3E,W,2Ao,G,H,A,A,3,,E,,
V-LPI-3S,V-PCMI-3S,W-Pv-Med-Ind-3E,W-VVMA-3E,W,Pv,V,V,M,A,3,,E,,
V-2AAP-GSM,V-NNAP-GSM,W-2Ao-Act-Ptc-GME,W-GHAD-GME,W,2Ao,G,H,A,D,,G,E,M,
V-2AAP-NSM,V-NNAP-NSM,W-2Ao-Act-Ptc-NME,W-GHAD-NME,W,2Ao,G,H,A,D,,N,E,M,
V-PPI-3P,V-RIMI-3P,W-Pr-Med-Ind-3M,W-HOMA-3M,W,Pr,H,O,M,A,3,,M,,
V-RAS-2P,V-NCAS-2P,W-Pf-Act-Con-2M,W-GVAV-2M,W,Pf,G,V,A,V,2,,M,,
V-2AAS-3S,V-NNAS-3S,W-Ao-Act-Con-3E,W-GHAV-3E,W,Ao,G,H,A,V,3,,E,,
V-2AAM-3S,V-NNAM-3S,W-2Ao-Act-Imp-3E,W-GHAG-3E,W,2Ao,G,H,A,G,3,,E,,
V-2AAM-2P,V-NNAM-2P,W-2Ao-Act-Imp-2M,W-GHAG-2M,W,2Ao,G,H,A,G,2,,M,,
V-2AAI-2P,V-NNAI-2P,W-2Ao-Act-Ind-2M,W-GHAA-2M,W,2Ao,G,H,A,A,2,,M,,
V-PAP-DPN,V-RIAI-3P,W-Pr-Act-Ind-3M,W-HOAA-3M,W,Pr,H,O,A,A,3,,M,,
V-2AAM-2S,V-NNMM-2S,W-2Ao-Med-Imp-2E,W-GHMG-2E,W,2Ao,G,H,M,G,2,,E,,
ADV,PREP+2,PREP,PREP,PREP,,,,,,,,,,
V-2AAP-GPM,V-NNAP-GPM,W-2Ao-Act-Ptc-GMM,W-GHAD-GMM,W,2Ao,G,H,A,D,,G,M,M,
ADV,ADV-N,BIJW-N,BIJW-N,BIJW,,,,,,,,,,N
V-2AAP-ASM,V-NNAP-ASM,W-2Ao-Act-Ptc-AME,W-GHAD-AME,W,2Ao,G,H,A,D,,A,E,M,
V-2APS-2P,V-NNAS-2P,W-2Ao-Act-Con-2M,W-GHAV-2M,W,2Ao,G,H,A,V,2,,M,,
A-ASM/A-APN,A-APN,A-AOM,A-AOM,A,,,,,,,A,M,O,
V-AAI-3P,V-NNPI-3P,W-Ao-Pas-Ind-3M,W-GHPA-3M,W,Ao,G,H,P,A,3,,M,,
P-1GS,S-1GSN,NULL,NULL,,,,,,,,,,,
A-NSM,A-NSM-S,A-NME-O,A-NME-O,A,,,,,,,N,E,M,O
V-2AAS-1P,V-NNAS-1P,W-Ao-Act-Con-1M,W-GHAV-1M,W,Ao,G,H,A,V,1,,M,,
V-PPM-2P,V-RIMI-2P,W-Pr-Med-Ind-2M,W-HOMA-2M,W,Pr,H,O,M,A,2,,M,,
V-PPM-2P,V-NIMM-2P,W-Pr-Med-Imp-2M,W-GOMG-2M,W,Pr,G,O,M,G,2,,M,,
D-NSF,P-NSF,P-NVE,P-NVE,P,,,,,,,N,E,V,
V-2AAI-2S,V-NNAI-2S,W-2Ao-Act-Ind-2E,W-GHAA-2E,W,2Ao,G,H,A,A,2,,E,,
ADV,P-GSM,P-GME,P-GME,P,,,,,,,G,E,M,
V-PAI-2P/V-PAM-2P,V-RIAI-2P,W-Pr-Act-Ind-2M,W-HOAA-2M,W,Pr,H,O,A,A,2,,M,,
V-PMI-2P/V-PMM-2P,V-RIMI-2P,W-Pr-Med-Ind-2M,W-HOMA-2M,W,Pr,H,O,M,A,2,,M,,
A-NPM,A-NPM-C,A-NMM-V,A-NMM-V,A,,,,,,,N,M,M,V
PRT,V-NIAS-3S,W-NULL-Act-Con-3E,W-GOAV-3E,W,,G,O,A,V,3,,E,,
V-2AAI-3P/V-2AAI-1S,V-NNAI-3P,W-2Ao-Act-Ind-3M,W-GHAA-3M,W,2Ao,G,H,A,A,3,,M,,
V-FAP-NSM,V-NIAP-NSM,W-Fu-Act-Ptc-NME,W-TOAD-NME,W,Fu,T,O,A,D,,N,E,M,
V-RPI-3P,V-RCMI-3P,W-Pf-Med-Ind-3M,W-HVMA-3M,W,Pf,H,V,M,A,3,,M,,
S-2NPM,S-2DSM,B-2DME,B-2DME,B,,,,,,2,D,E,M,
V-2AAP-NPM,V-NNAP-NPM,W-2Ao-Act-Ptc-NMM,W-GHAD-NMM,W,2Ao,G,H,A,D,,N,M,M,
PREP,A-NSN,A-NOE,A-NOE,A,,,,,,,N,E,O,
PREP/A-NSN,A-NSN,A-NOE,A-NOE,A,,,,,,,N,E,O,
V-PPS-3S,V-NIMS-3S,W-Pr-Med-Con-3E,W-GOMV-3E,W,Pr,G,O,M,V,3,,E,,
V-PAP-NSN,R-ASM,R-AME,R-AME,R,,,,,,,A,E,M,
V-RPN,V-NCMN,W-Pf-Med-Inf,W-GVMO,W,Pf,G,V,M,O,,,,,
V-RPP-ASM,V-NIMP-ASM,W-Pf-Med-Ptc-AME,W-GOMD-AME,W,Pf,G,O,M,D,,A,E,M,
V-AMN,V-NNMS-2P,W-Ao-Med-Con-2M,W-GHMV-2M,W,Ao,G,H,M,V,2,,M,,
V-PAS-2S,V-FIAS-2S,W-Ao-Act-Con-2E,W-TOAV-2E,W,Ao,T,O,A,V,2,,E,,
V-IMI-3P,V-NNMI-3P,W-Im-Med-Ind-3M,W-GHMA-3M,W,Im,G,H,M,A,3,,M,,
V-AAI-3P,V-NNAI-3P,W-Ao-Act-Ind-3M,W-GHAA-3M,W,Ao,G,H,A,A,3,,M,,
V-IAI-3P,V-NNAI-3P,W-Im-Act-Ind-3M,W-GHAA-3M,W,Im,G,H,A,A,3,,M,,
Q-GPF,Q-GPN,Q-GOM,Q-GOM,Q,,,,,,,G,M,O,
V-2AAI-1S,V-NNAI-1S,W-2Ao-Act-Ind-1E,W-GHAA-1E,W,2Ao,G,H,A,A,1,,E,,
V-2AAS-3P,V-NNAS-3P,W-Ao-Act-Con-3M,W-GHAV-3M,W,Ao,G,H,A,V,3,,M,,
I-ASN,PRT-I,PRT,PRT,PRT,,,,,,,,,,
V-PPI-1S,V-RIMI-1S,W-Pr-Med-Ind-1E,W-HOMA-1E,W,Pr,H,O,M,A,1,,E,,
V-IPI-3S,V-PIMI-3S,W-Im-Med-Ind-3E,W-VOMA-3E,W,Im,V,O,M,A,3,,E,,
A-NSF,A-NSF-S,A-NVE-O,A-NVE-O,A,,,,,,,N,E,V,O
V-2AAM-2S,V-NNAM-2S,W-2Ao-Act-Imp-2E,W-GHAG-2E,W,2Ao,G,H,A,G,2,,E,,
V-FPN,V-FIPI-2P,W-Fu-Pas-Ind-2M,W-TOPA-2M,W,Fu,T,O,P,A,2,,M,,
P-NSF/D-NSF,P-NSF,P-NVE,P-NVE,P,,,,,,,N,E,V,
V-PAI-2P/V-PAM-2P,V-NIAM-2P,W-Pr-Act-Imp-2M,W-GOAG-2M,W,Pr,G,O,A,G,2,,M,,
V-PMI-2P/V-PMM-2P,V-NIMM-2P,W-Pr-Med-Imp-2M,W-GOMG-2M,W,Pr,G,O,M,G,2,,M,,
A-GPM,A-GPM-C,A-GMM-V,A-GMM-V,A,,,,,,,G,M,M,V
V-PAI-2S,V-RIAI-2P,W-Pr-Act-Ind-2M,W-HOAA-2M,W,Pr,H,O,A,A,2,,M,,
V-2AAP-NPF,V-NNAP-NPF,W-2Ao-Act-Ptc-NVM,W-GHAD-NVM,W,2Ao,G,H,A,D,,N,M,V,
V-FDI-2S,V-FIAI-2S,W-Fu-Act-Ind-2E,W-TOAA-2E,W,Fu,T,O,A,A,2,,E,,
V-IAI-3S,V-NNAI-3S,W-Im-Act-Ind-3E,W-GHAA-3E,W,Im,G,H,A,A,3,,E,,
V-2AAP-NSF,V-NNAP-NSF,W-2Ao-Act-Ptc-NVE,W-GHAD-NVE,W,2Ao,G,H,A,D,,N,E,V,
V-AAO-3P,V-NNAO-3P,W-Ao-Act-Opt-3M,W-GHAW-3M,W,Ao,G,H,A,W,3,,M,,
V-RPP-VPM,V-NCMP-VPM,NULL,NULL,,Pf,,,,,,,,,
V-2FDI-3S/V-AAS-3S,V-NNAS-3S,W-Ao-Act-Con-3E,W-GHAV-3E,W,Ao,G,H,A,V,3,,E,,
V-PPM-2S,V-NIMM-2S,W-Pr-Med-Imp-2E,W-GOMG-2E,W,Pr,G,O,M,G,2,,E,,
A-NSM,A-NSM-N,A-NME-N,A-NME-N,A,,,,,,,N,E,M,N
V-PAP-DPN/V-PAI-3P,V-NIAP-DPN,W-Pr-Act-Ptc-DOM,W-GOAD-DOM,W,Pr,G,O,A,D,,D,M,O,
A-ASM,A-ASM-N,A-AME-N,A-AME-N,A,,,,,,,A,E,M,N
V-FAI-1S/V-AAS-1S,V-NNAS-1S,W-Ao-Act-Con-1E,W-GHAV-1E,W,Ao,G,H,A,V,1,,E,,
V-PPI-2S,V-RIMI-2S,W-Pr-Med-Ind-2E,W-HOMA-2E,W,Pr,H,O,M,A,2,,E,,
V-PAN,V-NNAN,W-Pr-Act-Inf,W-GHAO,W,Pr,G,H,A,O,,,,,
N-GSF/V-PAP-NSM,V-NIAP-NSM,W-Pr-Act-Ptc-NME,W-GOAD-NME,W,Pr,G,O,A,D,,N,E,M,
V-RPI-2S,V-RCMI-2S,W-Pf-Med-Ind-2E,W-HVMA-2E,W,Pf,H,V,M,A,2,,E,,
A-NPM,A-VPM,A-VMM,A-VMM,A,,,,,,,V,M,M,
T-NPM,T-VPM,T-VMM,T-VMM,T,,,,,,,V,M,M,
N-NPM,N-VPM,N-VMM,N-VMM,N,,,,,,,V,M,M,
V-PMI-3S,V-FIMI-3S,W-Pr-Med-Ind-3E,W-TOMA-3E,W,Pr,T,O,M,A,3,,E,,
ARAM,N-GSN,N-GOE,N-GOE,N,,,,,,,G,E,O,
ARAM,N-DSN,N-DOE,N-DOE,N,,,,,,,D,E,O,
V-FAI-3S/V-FAI-2P,V-FIAI-2P,W-Fu-Act-Ind-2M,W-TOAA-2M,W,Fu,T,O,A,A,2,,M,,
P-NSF/D-NSF,D-NSF,D-NVE,D-NVE,D,,,,,,,N,E,V,
ADV,ADV-C,BIJW-V,BIJW-V,BIJW,,,,,,,,,,V
V-AAI-3S,V-NNPI-3S,W-Ao-Pas-Ind-3E,W-GHPA-3E,W,Ao,G,H,P,A,3,,E,,
R-GSN,ADV,BIJW,BIJW,BIJW,,,,,,,,,,
V-AAS-3S,V-NNAP-DSF,W-Ao-Act-Ptc-DVE,W-GHAD-DVE,W,Ao,G,H,A,D,,D,E,V,
V-2API-3P,V-NNAI-3P,W-2Ao-Act-Ind-3M,W-GHAA-3M,W,2Ao,G,H,A,A,3,,M,,
R-ASN,T-NSM,T-NME,T-NME,T,,,,,,,N,E,M,
A-NPN,CONJ,VOEG,VOEG,VOEG,,,,,,,,,,
V-RPI-2P,V-RCMI-2P,W-Pf-Med-Ind-2M,W-HVMA-2M,W,Pf,H,V,M,A,2,,M,,
A-GPM,A-GPM-S,A-GMM-O,A-GMM-O,A,,,,,,,G,M,M,O
A-ASN/ADV,A-ASN,A-AOE,A-AOE,A,,,,,,,A,E,O,
V-PPM-3S,V-NIMM-3S,W-Pr-Med-Imp-3E,W-GOMG-3E,W,Pr,G,O,M,G,3,,E,,
V-PAI-2P,V-NIAM-2P,W-Pr-Act-Imp-2M,W-GOAG-2M,W,Pr,G,O,A,G,2,,M,,
V-FMN,V-FIMI-2P,W-Fu-Med-Ind-2M,W-TOMA-2M,W,Fu,T,O,M,A,2,,M,,
V-PAS-3S,V-RIAI-3S,W-Pr-Act-Ind-3E,W-HOAA-3E,W,Pr,H,O,A,A,3,,E,,
V-FDN,V-FIMN,W-Fu-Med-Inf,W-TOMO,W,Fu,T,O,M,O,,,,,
V-RPI-1S,V-RCMI-1S,W-Pf-Med-Ind-1E,W-HVMA-1E,W,Pf,H,V,M,A,1,,E,,
R-NSN,T-NSM,T-NME,T-NME,T,,,,,,,N,E,M,
D-GPM/D-GPN,D-GPN,D-GOM,D-GOM,D,,,,,,,G,M,O,
V-FAN,V-FIAN,W-Fu-Act-Inf,W-TOAO,W,Fu,T,O,A,O,,,,,
V-RPP-NSM,V-NIMP-NSM,W-Pf-Med-Ptc-NME,W-GOMD-NME,W,Pf,G,O,M,D,,N,E,M,
V-PPI-1P,V-RIMI-1P,W-Pr-Med-Ind-1M,W-HOMA-1M,W,Pr,H,O,M,A,1,,M,,
I-DSM/I-DSF,I-DSN,V-DOE,V-DOE,V,,,,,,,D,E,O,
V-2AAI-1P,V-NNAI-1P,W-2Ao-Act-Ind-1M,W-GHAA-1M,W,2Ao,G,H,A,A,1,,M,,
V-FMN,V-FIPI-2P,W-Fu-Pas-Ind-2M,W-TOPA-2M,W,Fu,T,O,P,A,2,,M,,
V-2AAP-DPM,V-NNAP-DPM,W-2Ao-Act-Ptc-DMM,W-GHAD-DMM,W,2Ao,G,H,A,D,,D,M,M,
A-ASN,A-ASN-N,A-AOE-N,A-AOE-N,A,,,,,,,A,E,O,N
V-RPM-2P,V-NCMM-2P,W-Pf-Med-Imp-2M,W-GVMG-2M,W,Pf,G,V,M,G,2,,M,,
V-2AAI-3S,V-NNAI-3P,W-2Ao-Act-Ind-3M,W-GHAA-3M,W,2Ao,G,H,A,A,3,,M,,
ADV,A-DSF,A-DVE,A-DVE,A,,,,,,,D,E,V,
"N-ASM,N-ASM","N-ASM,N-ASM",NULL-AME,NULL-AME,,,,,,,,A,E,M,
"N-GSM,N-GSM","N-GSM,N-GSM",NULL-GME,NULL-GME,,,,,,,,G,E,M,
V-ADI-1S,V-NNPI-1S,W-Ao-Pas-Ind-1E,W-GHPA-1E,W,Ao,G,H,P,A,1,,E,,
V-IAI-3P,V-PIAI-1S,W-Im-Act-Ind-1E,W-VOAA-1E,W,Im,V,O,A,A,1,,E,,
V-2AAP-ASN,V-NNAP-ASN,W-2Ao-Act-Ptc-AOE,W-GHAD-AOE,W,2Ao,G,H,A,D,,A,E,O,
V-2AAM-3P,V-NNAM-3P,W-2Ao-Act-Imp-3M,W-GHAG-3M,W,2Ao,G,H,A,G,3,,M,,
V-ADO-1S,V-NNMO-1S,W-Ao-Med-Opt-1E,W-GHMW-1E,W,Ao,G,H,M,W,1,,E,,
ADV-I,ADV,BIJW,BIJW,BIJW,,,,,,,,,,
ADV-C,ADV,BIJW,BIJW,BIJW,,,,,,,,,,
V-IPI-1P,V-PIMI-1P,W-Im-Med-Ind-1M,W-VOMA-1M,W,Im,V,O,M,A,1,,M,,
V-AMP-NPM,V-NNMP-NPM,W-Ao-Med-Ptc-NMM,W-GHMD-NMM,W,Ao,G,H,M,D,,N,M,M,
"N-GSM,N-GSN","N-GSM,N-GSN",NULL-GME,NULL-GME,,,,,,,,G,E,M,
V-FAI-2P,V-FIAS-2P,W-Fu-Act-Con-2M,W-TOAV-2M,W,Fu,T,O,A,V,2,,M,,
V-ADI-3P,V-NNPI-3P,W-Ao-Pas-Ind-3M,W-GHPA-3M,W,Ao,G,H,P,A,3,,M,,
V-PAI-3S,V-NIAS-3S,W-Pr-Act-Con-3E,W-GOAV-3E,W,Pr,G,O,A,V,3,,E,,
A-APN,N-APN,N-AOM,N-AOM,N,,,,,,,A,M,O,
V-FMI-3P,V-FIMS-3P,W-Fu-Med-Con-3M,W-TOMV-3M,W,Fu,T,O,M,V,3,,M,,
V-AAI-3S,V-NNAI-3S,W-Ao-Act-Ind-3E,W-GHAA-3E,W,Ao,G,H,A,A,3,,E,,
V-FPI-3S,V-FIMI-3S,W-Fu-Med-Ind-3E,W-TOMA-3E,W,Fu,T,O,M,A,3,,E,,
V-AAO-3S,V-NNAO-3S,W-Ao-Act-Opt-3E,W-GHAW-3E,W,Ao,G,H,A,W,3,,E,,
V-IPI-1S,V-PIMI-1S,W-Im-Med-Ind-1E,W-VOMA-1E,W,Im,V,O,M,A,1,,E,,
V-APS-1S,V-NNPS-1S,W-Ao-Pas-Con-1E,W-GHPV-1E,W,Ao,G,H,P,V,1,,E,,
V-RAS-1P,V-NCAS-1P,W-Pf-Act-Con-1M,W-GVAV-1M,W,Pf,G,V,A,V,1,,M,,
V-PPS-2P,V-NIMS-2P,W-Pr-Med-Con-2M,W-GOMV-2M,W,Pr,G,O,M,V,2,,M,,
V-2AAI-1S,V-NNAM-1S,W-2Ao-Act-Imp-1E,W-GHAG-1E,W,2Ao,G,H,A,G,1,,E,,
A-APM,A-APM-S,A-AMM-O,A-AMM-O,A,,,,,,,A,M,M,O
V-RPP-APM,V-NIMP-APM,W-Pf-Med-Ptc-AMM,W-GOMD-AMM,W,Pf,G,O,M,D,,A,M,M,
CONJ,CONJ-N,VOEG-N,VOEG-N,VOEG,,,,,,,,,,N
A-DSN,A-DSN-N,A-DOE-N,A-DOE-N,A,,,,,,,D,E,O,N
V-RAN,V-NNAN,W-Pf-Act-Inf,W-GHAO,W,Pf,G,H,A,O,,,,,
V-IPI-2P,V-PIMI-2P,W-Im-Med-Ind-2M,W-VOMA-2M,W,Im,V,O,M,A,2,,M,,
V-PAS-1S,V-RIAI-1S,W-Pr-Act-Ind-1E,W-HOAA-1E,W,Pr,H,O,A,A,1,,E,,
V-RAS-1S,V-NCAS-1S,W-Pf-Act-Con-1E,W-GVAV-1E,W,Pf,G,V,A,V,1,,E,,
V-2AAO-3S,V-NNAS-3S,W-2Ao-Act-Con-3E,W-GHAV-3E,W,2Ao,G,H,A,V,3,,E,,
V-FDI-1S,V-FIMS-1S,W-Fu-Med-Con-1E,W-TOMV-1E,W,Fu,T,O,M,V,1,,E,,
V-PPS-3P,V-NIMS-3P,W-Pr-Med-Con-3M,W-GOMV-3M,W,Pr,G,O,M,V,3,,M,,
V-PPM-3P,V-NIMM-3P,W-Pr-Med-Imp-3M,W-GOMG-3M,W,Pr,G,O,M,G,3,,M,,
V-AMN,V-NNMN,W-Ao-Med-Inf,W-GHMO,W,Ao,G,H,M,O,,,,,
V-PMS-2S,V-RIPS-2S,W-Pr-Pas-Con-2E,W-HOPV-2E,W,Pr,H,O,P,V,2,,E,,
V-PAM-3S,V-FNAM-3S,W-Pr-Act-Imp-3E,W-THAG-3E,W,Pr,T,H,A,G,3,,E,,
ARAM,HEB,HEB,HEB,HEB,,,,,,,,,,
V-2API-1P,V-NNAI-1P,W-2Ao-Act-Ind-1M,W-GHAA-1M,W,2Ao,G,H,A,A,1,,M,,
V-2AAS-2P,V-NNAS-2P,W-Ao-Act-Con-2M,W-GHAV-2M,W,Ao,G,H,A,V,2,,M,,
COND,PRT,PRT,PRT,PRT,,,,,,,,,,
V-RPP-GSF,V-NIMP-GSF,W-Pf-Med-Ptc-GVE,W-GOMD-GVE,W,Pf,G,O,M,D,,G,E,V,
V-RPP-NSF,V-NIMP-NSF,W-Pf-Med-Ptc-NVE,W-GOMD-NVE,W,Pf,G,O,M,D,,N,E,V,
V-2AMI-1P,V-NNMI-1P,W-2Ao-Med-Ind-1M,W-GHMA-1M,W,2Ao,G,H,M,A,1,,M,,
V-RPI-1P,V-RCMI-1P,W-Pf-Med-Ind-1M,W-HVMA-1M,W,Pf,H,V,M,A,1,,M,,
ADV-C,A-ASM-C,A-AME-V,A-AME-V,A,,,,,,,A,E,M,V
V-PNI-2P,V-NIMM-2P,W-Pr-Med-Imp-2M,W-GOMG-2M,W,Pr,G,O,M,G,2,,M,,
V-PPS-1S,V-NIMS-1S,W-Pr-Med-Con-1E,W-GOMV-1E,W,Pr,G,O,M,V,1,,E,,
PRT-I,X-NSN,O-NOE,O-NOE,O,,,,,,,N,E,O,
V-2APS-1P,V-NNAS-1P,W-2Ao-Act-Con-1M,W-GHAV-1M,W,2Ao,G,H,A,V,1,,M,,
T-VPM,T-NPM,T-NMM,T-NMM,T,,,,,,,N,M,M,
V-PAP-VPM,V-NIAP-NPM,W-Pr-Act-Ptc-NMM,W-GOAD-NMM,W,Pr,G,O,A,D,,N,M,M,
V-PAI-1P,V-NIAS-1P,W-Pr-Act-Con-1M,W-GOAV-1M,W,Pr,G,O,A,V,1,,M,,
V-2AAS-3S,V-NNAO-3S,W-Pr-Act-Opt-3E,W-GHAW-3E,W,Pr,G,H,A,W,3,,E,,
ADV,ADV-S,BIJW-O,BIJW-O,BIJW,,,,,,,,,,O
V-PPM-2P,V-RIMI-2P,W-Pr-Med-Ind-2M,W-HOMA-2M,W,Pr,H,O,M,A,2,,M,,
V-RAM-2P,V-NCAM-2P,W-Pf-Act-Imp-2M,W-GVAG-2M,W,Pf,G,V,A,G,2,,M,,
A-NPM,N-VPM,N-VMM,N-VMM,N,,,,,,,V,M,M,
T-VPF,T-VPF,NULL,NULL,,,,,,,,,,,
V-FDI-3P,V-FIAI-3P,W-Fu-Act-Ind-3M,W-TOAA-3M,W,Fu,T,O,A,A,3,,M,,
V-2AAI-2P,V-NNAI-2P,W-2Ao-Act-Ind-2M,W-GHAA-2M,W,2Ao,G,H,A,A,2,,M,,
R-ASN,CONJ,VOEG,VOEG,VOEG,,,,,,,,,,
V-IAI-1P,V-RIAI-1P,W-Im-Act-Ind-1M,W-HOAA-1M,W,Im,H,O,A,A,1,,M,,
V-PMP-APM,V-NIAP-APM,W-Pr-Act-Ptc-AMM,W-GOAD-AMM,W,Pr,G,O,A,D,,A,M,M,
N-GSN,N-ASN,N-AOE,N-AOE,N,,,,,,,A,E,O,
V-APO-3S,V-NNPS-3S,W-2Ao-Pas-Con-3E,W-GHPV-3E,W,2Ao,G,H,P,V,3,,E,,
V-RAS-2S,V-NCAS-2S,W-Pf-Act-Con-2E,W-GVAV-2E,W,Pf,G,V,A,V,2,,E,,
A-GSF,A-GSF-S,A-GVE-O,A-GVE-O,A,,,,,,,G,E,V,O
V-PPS-1P,V-NIMS-1P,W-Pr-Med-Con-1M,W-GOMV-1M,W,Pr,G,O,M,V,1,,M,,
V-FAI-3S/V-PAI-3S,V-FIAI-3S,W-Fu-Act-Ind-3E,W-TOAA-3E,W,Fu,T,O,A,A,3,,E,,
V-RAM-2P,V-NCAM-2P,W-Pf-Act-Imp-2M,W-GVAG-2M,W,Pf,G,V,A,G,2,,M,,
V-ADI-2P,V-NNMM-2P,W-Ao-Med-Imp-2M,W-GHMG-2M,W,Ao,G,H,M,G,2,,M,,
T-NSN/T-ASN,T-NSN,T-NOE,T-NOE,T,,,,,,,N,E,O,
N-NSN/N-ASN,N-NSN,N-NOE,N-NOE,N,,,,,,,N,E,O,
V-2APM-2P,V-NNPS-2P,W-2Ao-Pas-Con-2M,W-GHPV-2M,W,2Ao,G,H,P,V,2,,M,,
V-PMI-3S/V-PMI-2P,V-RIMI-3S,W-Pr-Med-Ind-3E,W-HOMA-3E,W,Pr,H,O,M,A,3,,E,,
V-PPP-NPM,V-NCMP-NPM,W-Pr-Med-Ptc-NMM,W-GVMD-NMM,W,Pr,G,V,M,D,,N,M,M,
V-2API-2P,V-NNAI-2P,W-2Ao-Act-Ind-2M,W-GHAA-2M,W,2Ao,G,H,A,A,2,,M,,
V-2AAS-2P/V-2AAM-2P,V-NNAM-2P,W-2Ao-Act-Imp-2M,W-GHAG-2M,W,2Ao,G,H,A,G,2,,M,,
V-2FPI-3S,V-FIPI-3P,W-2Fu-Pas-Ind-3M,W-TOPA-3M,W,2Fu,T,O,P,A,3,,M,,
V-FDP-NPM,V-FIMP-NPM,W-Fu-Med-Ptc-NMM,W-TOMD-NMM,W,Fu,T,O,M,D,,N,M,M,
R-DSF,T-NSF,T-NVE,T-NVE,T,,,,,,,N,E,V,
V-PAI-1P/V-PAS-1P,V-RIAI-1P,W-Pr-Act-Ind-1M,W-HOAA-1M,W,Pr,H,O,A,A,1,,M,,
V-PAI-3S/V-PAS-3S,V-RIAI-3S,W-Pr-Act-Ind-3E,W-HOAA-3E,W,Pr,H,O,A,A,3,,E,,
A-GSN,A-GSN-N,A-GOE-N,A-GOE-N,A,,,,,,,G,E,O,N
D-ASN,D-ASM,D-AME,D-AME,D,,,,,,,A,E,M,
