griUniekeid,van,tot,indent,tekst,grVertaalid
518,2,3,1,"<div>a. Als het eindpunt niet is aangegeven, voor personen,&nbsp;<b><i>vertrekken</i></b>.</div>",0
518,3,3,2,"<div>Voor niet-personen, <b><i>weggaan</i></b>.</div>",1
518,4,4,1,"<div>b. Als het eindpunt is aangegeven (meestal met&nbsp;<a class=""ghw"" name=""G_l_1467"" contenteditable=""false""><span class=""ncv-GH""><span class=""translit"">eis</span><span class=""Greek"">εις</span></span></a>),&nbsp;<b><i>gaan</i></b>&nbsp;(naar).</div>",2
518,5,5,0,"<div><b>2. Nadruk op het punt dat bereikt wordt, <i>komen</i>.</b></div>",4
573,2,3,1,"<div>a. Teruggeven aan de oorspronkelijke of vorige eigenaar, <b><i>teruggeven</i></b>.</div>",0
573,3,3,2,"<div>Als het in de context specifiek over geld gaat, dan past beter <b><i>terugbetalen</i></b>.</div>",2
573,4,5,1,"<div>b. Teruggeven op basis van wat iemand gedaan heeft, vergoeden, <b><i>vergelden</i></b>.</div>",7
573,5,5,2,"<div>Wanneer ook vermeldt wordt wat als ""vergoeding"" gegeven wordt, dan past beter <b><i>geven</i></b>.</div>",1
573,6,7,1,"<div>c. Iets teruggeven of doen voor iemand op basis van overtuiging of verplichting, <b><i>voldoen</i></b>.</div>",5
573,7,7,2,"<div>Enkele uitdrukkingen gaan in het Nederlands met <b><i>geven</i></b>, zoals <i>rekenschap geven</i> of een <i>getuigenis geven</i>.</div>",6
573,9,9,1,"<div>a. Wanneer gesproken wordt over wat bij verkoop teruggekregen is, <b><i>terugkrijgen</i></b>.</div>",3
603,7,7,1,"<div>a. Destructie van mensen, sterven, <b><i>omkomen</i></b>.</div>",3
603,8,8,1,"<div>b. Van mensen en zaken, maar als precieze aard van destructie onduidelijk is, <b><i>te gronde gaan</i></b>.</div>",6
603,5,5,1,"<div>c. Van mensen en zaken, maar als precieze aard van destructie onduidelijk is, <b><i>te gronde richten</i></b>.</div>",7
603,4,4,1,"<div>b. Destructie van andere zaken, <i><b>vernietigen</b>.</i></div>",0
603,3,3,1,"<div>a. Destructie van mensen, doen sterven, <i style=""font-weight: bold;"">doen omkomen</i>.</div>",5
2679,3,3,2,"<div>a. Als er sprake is van een periode voor landbouw, <b><i>seizoen</i></b>.</div>",3
2679,4,4,2,"<div>b. Als er geen sprake van is, <b><i>periode</i></b>.</div>",0
2679,6,6,2,"<div>a. Algemeen, <b><i>moment</i></b>.</div>",2
2679,7,7,2,"<div>b. Als het gaat om een moment waarop je een kans hebt om te grijpen, <b><i>gelegenheid</i></b>.</div>",1
2679,8,8,2,"<div>c. Als het gaat om de juiste tijd om iets de toen, <b><i>bestemde tijd</i></b>.</div>",4
2832,7,7,1,"<div>a. Herstellen van mensen, <b><i>terecht brengen</i></b>.</div>",1
2832,8,8,1,"<div>b. Herstellen van spullen, <b><i>herstellen</i></b>.</div>",3
2832,5,5,1,"<div>c. Als de nadruk ligt op het veranderen van de ene naar de andere staat, <b><i>aanpassen</i></b>.</div>",4
2832,4,4,1,"<div>b. Iets als geheel gereedmaken voor een doel, taak, <b><i>bereiden</i></b>.</div>",2
2832,3,3,1,"<div>a. Voorzien in wat nodig is voor een doel, taak, <b><i>toerusten</i></b>.</div>",0
518,6,6,0,"<div><b>3. Beweging vanaf een staat, iets dat voorbij is, <i>voorbij gaan</i>.</b></div>",3
17,2,2,1,"<div>a. Van de tempel, <i><b>niet met hand gemaakt</b></i>.</div>",0
17,3,3,1,"<div>b. Van de besnijdenis, <b><i>niet met handen verricht</i></b>.</div>",1
23,4,4,2,"<div>In de uitdrukking ""tot op deze dag"", <b><i>tot op</i></b>.</div>",3
23,5,5,2,"<div>In de uitdrukking ""binnen ... dagen"", <b><i>binnen</i></b>.</div>",4
23,6,6,1,"<div>d. Algemener, over tijd of afstand tot een volgend punt, <b><i>tot</i></b>.</div>",1
23,3,3,2,"<div>Indien het punt zelf meegerekend wordt, <b><i>tot ... toe</i></b>.</div>",2
23,2,5,1,"<div>a. Specifiek over de tijd tot een volgend punt, <b><i>totdat</i></b>.</div>",0
40,1,1,0,"<div><b>1. Niet rechtvaardig handelen (met iemand), <i>onrecht doen</i></b>.</div>",0
40,2,2,0,<div><b>2. Door uitbreiding van betekenis: <i>schade berokkenen</i></b>.</div>,1
46,1,2,0,"<div><b>1. De test niet doorstaan en daarmee niet goed, <i>onbeproefd</i></b>.</div>",0
46,2,2,1,"<div>In de context van een wedstrijd,<b> <i>gediskwalificeerd</i>.</b></div>",2
46,3,3,0,"<b>2. Door uitbreiding van betekenis, niet geschikt voor een doel,&nbsp;<i>ongeschikt</i></b>.<br>",1
50,1,1,0,"<div>Letterlijk betekent dit woord <i>zonder kracht, zonder vermogen zijn om iets te doen</i>, en wordt gebruikt om te zeggen dat iets <b><i>onmogelijk is</i></b>.</div>",0
51,2,2,0,"<div><b>2. Door uitbreiding van de betekenis, is is <i>onmogelijk</i></b>.</div>",1
51,1,1,0,"<div><b>1. Zonder kracht of vermogen iets te kunnen doen, <i>krachteloos</i></b>.</div>",0
54,1,1,0,"<div>Net als in het Hebreeuws kan dit woord zowel op een gier als een adelaar wijzen. Deze werden in oude literatuur ook wel onder dezelfde groep geschaard. In de teksten van Openbaring zou, met het beeld van snelheid, wellicht eerder aan een adelaar gedacht kunnen worden, maar vooralsnog is overal vertaald: <b><i>gier</i></b>.</div>",0
61,1,1,0,"<div>1. Actief,<b> Warme, positieve gevoelens voor iemand hebben, <i>liefhebben</i></b>.</div>",0
61,2,3,0,"<div>2. Passief, <b><i>geliefd worden</i> of <i>zijn</i></b>.</div>",2
61,3,3,1,<div>Als iemand als zodanig wordt aangesproken: <b><i>geliefde</i></b>.</div>,1
62,1,1,0,"<div><b>1. Warme en positieve gevoelens voor iemand, <i>liefde</i></b>.</div>",0
62,2,2,0,"<div><b>2. Religieuze maaltijden gehouden door de vroege Christenen om hun geloof, zorgen en onderlinge liefde te delen, <i>liefdesmalen</i></b>.</div>",1
84,2,2,1,<div>a. <b><i>Onwetend zijn</i></b> (betreffende iets)</div>,0
84,3,3,1,"<div>b. <b><i>Onbekend zijn</i></b> (met iets, voor iemand)</div>",1
86,2,2,1,"<div>a. De staat beschrijvend, <i style=""font-weight: bold;"">zonder kennis</i>.</div>",0
86,3,3,1,"<div>b. Zelfstandig gebruikt, het zonder kennis zijn, <b><i>onwetendheid</i></b>.</div>",1
88,10,10,2,"<div>b. Als andere woorden aangeven waar heen bewogen wordt, <b><i>gaan</i></b>.</div>",5
88,9,9,2,"<div>a. Van een punt af bewegen, <b><i>heengaan</i></b>.</div>",3
88,7,7,2,"<div>e. In een proces, iemand <b><i>voorleiden</i></b>.</div>",6
88,6,6,2,"<div>d. Indien de beweging niet naar een punt toe maar van een punt af is, <b><i>wegbrengen</i></b>.</div>",8
88,5,5,2,"<div>c. Mensen met iemand mee laten gaan, <b><i>meevoeren</i></b>.</div>",1
88,4,4,2,"<div>b. Indien het punt niet genoemd wordt, <b><i>meebrengen</i></b>.</div>",2
88,3,3,2,<div>a. Iets of iemand ergens heen <b><i>leiden</i></b>.</div>,0
88,12,12,2,"<div>a. Als tussenwerpsel, kom nu toch, <b><i>kom</i></b>.</div>",4
88,13,13,2,"<div>b. In de uitdrukking ""rechtszittingen op de markt houden"", <b><i>houden</i></b>.</div>",7
90,1,1,0,"<div><b>1. Algemeen: een strijd met een oppositie, <i>strijd</i></b>.</div>",0
90,2,2,0,<div><b>2. Specifiek in sport: <i>wedstrijd</i></b>.</div>,1
94,2,2,1,"<div><b>1. De mensen van de markt</b>, het volk van de markt, vaak ik negatieve zin, <b><i>gespuis van de markt</i></b>.</div>",0
94,3,3,1,"<div><b>2. Dagen dat er recht gesproken werd op de markt, <i>rechtszittingen op de markt</i></b>.</div>",1
122,1,1,0,"<div><b>Een lange, onbepaalde tijd, een (wereld)<i>tijdperk</i></b>. Oorspronkelijk beschreef het woord de tijd van het leven, en in de loop van eeuwen is dit woord de wereldtijdperken die de hele tijdsspanne omvatten gaan beschrijven. Zo is het woord ook in het NT gebruikt, voor de (wereld)tijdperken, die samen de hele tijdsspanne van begin (<a class=""l"">1Kor 2:7</a>; <a class=""l"">2Tim 1:9</a>) tot eind (<a class=""l"">Heb 9:26</a>) beschrijven.</div>",0
123,1,1,0,"<div>Bijvoeglijk naamwoord bij <a class=""ghw"" name=""G_l_122"" contenteditable=""false""><span class=""ncv-GH""><span class=""translit"">aiōn</span><span class=""Greek"">αιων</span></span></a>, dat een lange onbepaalde tijd aanduidt, een (wereld)tijdperk, zodat dit bijvoeglijk naamwoord aangeeft dat iets <b><i>gedurende de tijdperken</i></b> is.</div>",0
125,3,3,1,"<div>b. In bepaalde uitdrukkingen, bijv. ""stem verheffen"", <b><i>verheffen</i></b>.</div>",7
125,11,11,0,"<div><b>3. Het omhoog komen, loskomen, van een lap die ergens op genaaid is, <i>loskomen</i></b>.</div>",6
125,4,4,1,"<div>c. <b style=""font-style: italic;"">Optillen</b>.</div>",3
125,5,5,1,"<div>d. Bij de wonderbaarlijke vermenigvuldiging van de broden en vissen, het oprapen van de stukken, <b><i>oprapen</i></b>.</div>",5
125,6,6,1,"<div>e. Het omhoog halen van het anker, <i><b>hijsen</b></i>.</div>",8
125,8,8,1,"<div>a. <i style=""font-weight: bold;"">Meenemen</i>.</div>",4
125,9,9,1,"<div>b. Als de nadruk meer ligt op het verkrijgen, of in uitdrukkingen als ""op je nemen"", <b><i>nemen</i></b>.</div>",2
125,10,10,1,"<div>c. Als de nadruk ligt op dat iemand iets niet meer heeft erna, <b><i>wegnemen</i></b>.</div>",1
125,2,2,1,"<div>a. <b style=""font-style: italic;"">Heffen</b>.</div>",0
139,1,2,0,"<div><b>1. De oorzaak van iets, <i>oorzaak</i></b>.</div>",0
139,2,2,1,<div><b><i>Reden</i></b></div>,1
139,4,4,1,<div>a. <b><i>Reden voor een aanklacht</i></b>.</div>,3
139,5,5,1,<div>b. <b><i>Beschuldiging</i></b>.</div>,2
141,2,2,0,"<div><b>1. De oorzaak voor iets, <i>grondoorzaak</i></b>.</div>",0
141,3,3,0,"<div><b>2. De basis voor een juridische zaak, <i>basis voor een aanklacht</i></b>.</div>",1
161,5,5,1,<div>a. <b><i>Horen</i></b></div>,1
161,3,3,1,"<div>b. Een boodschap die zich verspreid, <b><i>gerucht</i></b>.</div>",2
161,2,2,1,<div>a. <b><i>Gehoor</i></b> of (het) <b><i>gehoorde</i></b>.</div>,0
161,6,6,1,"<div>b. In de uitdrukking ""ten aanhoren van"", <b><i>aanhoren</i></b>.</div>",3
165,2,2,1,"<div>a. Algemeen, <b><i>horen</i></b>.</div>",0
165,3,3,1,"<div>b. Als in een context van horen en opnemen of uitvoeren in het Nederlands horen niet goed past, <b><i>luisteren</i></b>.</div>",2
165,4,4,1,"<div>c. Bij het horen van een taal, niet alleen horen, maar ook begrijpen, <b><i>verstaan</i></b>.</div>",1
172,2,2,1,<div>a. <b><i>Nauwkeurig</i></b>.</div>,0
172,3,3,1,"<div>b. Aangaande onze wandel, <b><i>nauwgezet</i></b>.</div>",1
172,4,4,1,"<div>c. Iets goed weten, <b><i>precies</i></b>.</div>",2
178,2,2,1,"<div>a. De uiterste punten van de aarde, <b><i>uiterste</i></b>.</div>",0
178,3,3,1,"<div>b. Het uiterste punt van een staf of vinger, <b><i>uiteinde</i></b>.</div>",1
192,1,2,0,"<div><b>In overeenstemming met de feiten, <i>waar</i></b>.</div>",0
192,2,2,1,"<div>Bijvoeglijk gebruikt, <b><i>naar waarheid</i></b>.</div>",1
209,2,2,1,"<div>Het Grieks gebruikt tweemaal het woord waar wij ""één"" en ""ander"" gebruiken, <b><i>een/ander</i></b>.</div>",1
209,1,2,0,"<div><b>Duidt op wat verschilt van een ander iets, en komt overeen met ons woord <i>ander</i></b>.</div>",0
214,2,2,1,<div>a. <b><i>Vreemd</i></b></div>,0
214,3,3,1,"<div>b. Als het meer neutraal slechts wijst erop dat het van een ander is, <b><i>van anderen, andermans</i></b>.</div>",1
229,1,1,0,"<div><b>1. Geen aandacht hebben voor, <i>zich niet bekommeren om</i></b>.</div>",0
229,2,2,0,"<div><b>2. Geen aandacht hebben voor, met als resultaat het verwaarlozen van iets, <i>veronachtzamen</i></b>.</div>",1
262,4,4,1,<div>a. <b><i>Elk</i></b>.</div>,3
262,5,5,1,"<div>b. Met <a class=""ghw"" name=""G_l_3398"" contenteditable=""false""><span class=""ncv-GH""><span class=""translit"">meros</span><span class=""Greek"">μερος</span></span></a>, deel, <b><i>om de</i></b> (beurt).</div>",2
262,2,2,0,"<div><b>1. Tot op een plaats, vaak met</b>&nbsp;<a class=""ghw"" name=""G_l_3403"" contenteditable=""false""><span class=""ncv-GH""><span class=""translit"">meson</span><span class=""Greek"">μεσον</span></span></a>, <b>midden, <i>in het</i> (midden), <i>te</i> (midden van)</b>.</div>",1
262,6,6,1,"<div>c. In een verdeling, ""twee aan twee"", <b><i>aan</i></b>.</div>",4
263,3,3,1,"<div>a. <b style=""font-style: italic;"">Omhooggaan</b>.</div>",0
263,4,4,1,"<div>b. Indien niet het vertrek vanaf een punt maar aankomst op een punt de nadruk heeft, <b><i>omhoogkomen</i></b>.</div>",6
263,5,5,1,"<div>c. Indien het gaat om een directer omhoog stappen, ergens in stappen, <b><i>klimmen</i></b>.</div>",2
263,6,6,1,"<div>d. Omhoog klimmen om een rijtuig in te gaan, <b><i>bestijgen</i></b>.</div>",4
263,7,7,1,"<div>e. Van rook, <b><i>opstijgen</i></b>.</div>",1
263,8,8,0,"<div><b>2. Het opkomen van planten, of figuurlijk opkomen in iemands hart, <i>opkomen</i></b>.</div>",5
267,1,1,0,"<div><b>1. Letterlijk: de blik omhoog wenden, <i>opzien</i></b>.</div>",1
267,2,2,0,"<div><b>2. Het zicht terugkrijgen, <i>ziende worden</i>.</b></div>",2
269,2,2,1,"<div>Indien een ander woord het luide uitdrukt, slechts <b><i>roepen</i></b>.</div>",1
269,1,2,0,"<div><b>1. De stem verheffen, <i>luid (uit)roepen</i></b>.</div>",0
273,1,1,0,"<div><b>1. Iets positief ontvangen, <i>aanvaarden</i></b>.</div>",0
273,2,2,0,"<div><b>2. Gastvrij zijn naar iemand, <i>verwelkomen</i></b>.</div>",1
280,2,2,0,"<div><b>2. Gebruikt voor verwanten, voor intieme banden, <i>goede</i> (vrienden)</b>.</div>",1
280,1,1,0,"<div><b>1. Iets dat in een behoefte of nood voorziet, <i>noodzakelijk</i></b>.</div>",0
282,1,1,0,"<div><b>1. Door een behoefte of nood ergens toe dwingen of gedwongen worden, <i>noodzaken</i></b>.</div>",0
282,2,2,0,"<div><b>2. Als de nood niet direct duidelijk is, dan is het algemener <i>dwingen</i></b>.</div>",1
283,2,2,1,<div>a. <b><i>Noodzaak</i></b></div>,0
283,3,3,1,<div>b. <b><i>Nood</i></b></div>,1
283,4,4,0,<div><b>2. Algemener: <i>dwang</i></b>.</div>,2
287,1,1,0,"<div><b>1. Van een lager tot een hoger punt brengen, <i>omhoog leiden</i></b>.</div>",0
287,2,2,0,"<div><b>2. Een offer ""omhoog leiden"", een offer <i>brengen</i></b>.</div>",1
287,3,3,0,"<div><b>3. In de scheepvaart, <i>uitvaren</i></b>.</div>",2
289,3,3,1,"<div>b. Anders, <b><i>wegdoen</i></b>.</div>",2
289,2,2,1,"<div>a. Als het over mensen gaat, <b><i>ombrengen</i></b>.</div>",1
289,4,4,0,"<div>2. Mediaal, <b>letterlijke betekenis, <i>optillen</i></b>.</div>",0
295,1,2,0,"<div><b>Het wegnemen van iets dat afdekt, <i>bedekking wegnemen</i></b>.</div>",0
295,2,2,1,"<div><b>In het perfectum, als de handeling al voltooid is, <i>niet bedekt</i></b>.</div>",1
298,1,1,0,"<div><b>1. Algemeen, het ergens neerliggen, ergens <i>liggen</i></b>.</div>",1
298,2,2,0,"<div><b>2. Specifiek, liggen bij een (lig)tafel, <i>aanliggen</i></b>.</div>",0
300,2,2,1,"<div>a. Iets dat zelf niet actief kan gaan liggen, <i><b>neerleggen</b></i>.</div>",0
300,3,3,1,"<div>b. Anders, <b><i>doen neerliggen</i></b>.</div>",3
300,5,5,1,<div>a. <b><i>Neerliggen</i></b></div>,2
300,6,6,1,"<div>b. Bij een maaltijd, <i><b>achterover leunen</b></i></div>",1
301,1,2,0,"<div><b>1. De stem verheffen, <i>luid schreeuwen</i></b>.</div>",0
301,2,2,1,"<div>Indien een ander woord het luid aangeeft, alleen nog <b><i>schreeuwen</i></b>.</div>",1
302,1,2,0,"<div><b>Onderzoeken, navragen, <i>vragend onderzoeken</i></b>.</div>",0
302,2,2,1,"<div>Als niet alleen het onderzoeken maar ook de uitkomst in beeld is, <b><i>beoordelen</i></b>.</div>",1
306,1,2,0,"<div><b>1. Iets/iemand oppakken en meenemen of dragen, iets tot jezelf nemen, <i>opnemen</i></b>.</div>",0
306,2,2,1,"<div>Indien mensen ergens opgepikt worden, <b><i>ophalen</i></b>.</div>",1
323,1,2,0,"<div>1. Intransitief, <b>rust nemen van moeite, werk, <i>rusten</i></b>.</div>",0
312,2,2,0,"<div><b>Ergens vandaan vertrekken, </b><b style=""font-style: italic;"">opbreken</b><b>, ook figuurlijk voor het leven verlaten.</b></div>",0
323,2,2,1,"<div>Van emoties, laten rusten, emoties <b><i>stillen</i></b>.</div>",1
323,3,3,0,"<div>2. Transitief, <b><i>rust geven</i></b> (actief), <b><i>krijgen</i></b> (passief).</div>",2
327,1,1,0,"<div><b>1. Zenden naar iemand met een hogere autoriteit (opwaarts), <i>zenden</i></b>.</div>",1
327,2,2,0,"<div><b>2. Zenden naar een vorige locatie, <i>terugzenden</i></b>.</div>",0
330,1,1,0,"<div><b>1. Iets omhoog dragen of leiden, <i>omhoog brengen</i></b>.</div>",0
330,2,2,0,"<div><b>2. Iets omhoog brengen om het te dragen, (een last) <i>op zich nemen</i></b>.</div>",1
330,3,3,0,"<div><b>3. Als technische term voor het brengen van offers, <i>offeren</i></b>.</div>",2
333,2,2,1,<div>a. <b><i>Volmaken</i></b></div>,0
333,3,3,1,"<div>b. Bij gebrek vullen wat ontbreekt, <b><i>aanvullen</i></b>.</div>",3
333,4,4,0,"<div><b>2. Figuurlijk volmaken van een belofte, <i>vervullen</i></b>.</div>",1
333,5,5,0,"<div><b>3. Een plaats vullen, <i>innemen</i></b>.</div>",2
347,1,1,0,"<div><b>1. Letterlijk, <i>omkeren</i></b>.</div>",2
347,2,3,0,"<div><b>2. Verkeren in een bepaalde staat van leven, zich op een bepaalde manier gedragen, <i>zich gedragen</i></b>.</div>",1
347,3,3,1,<div>In een staat (en houding) <b><i>verkeren</i></b>.</div>,3
350,1,1,0,"<div><b>1. Het omhoog komen van de zon, <i>opgaan</i></b>.</div>",0
350,2,2,0,"<div><b>2. Het omhoog komen ergens uit, <i>opkomen</i></b>.&nbsp;</div>",1
357,1,1,0,"<div><b>1. Het omhoog gaan van sterren en de zon, <i>het opgaan</i></b>.</div>",1
357,2,2,0,"<div><b>2. De plek waar de zon opkomt, <i>het oosten</i></b>.</div>",0
362,1,1,0,"<div><b>1. Tot leven komen uit de dood, <i>weer leven</i></b>.</div>",1
362,2,2,0,"<div><b>2. Tot leven komen na een tijd van sluimeren, <i>opleven</i></b>.</div>",0
382,1,1,0,"<div><b>1. Het waaien, <i>wind</i></b>.</div>",0
382,2,2,0,"<div><b>2. Als geografische locatie, de vier windrichtingen, <i>windrichting</i></b>.</div>",1
398,1,1,0,"<div><b>1. Iets/iemand laten gaan, verlaten, <i>loslaten</i></b>.</div>",0
398,2,2,0,<div><b>2. Iets dat vast zat <i>losmaken</i></b>.</div>,1
400,2,2,0,"<div>2. Transitief, <b>iets/iemand rechtop doen staan, <i>doen opstaan</i></b>.</div>",1
400,1,1,0,"<div>1. Intransitief, <b>rechtop gaan staan, <i>opstaan</i></b>.</div>",0
403,1,1,0,"<div><b>1. Een positie boven iets anders, <i>boven</i></b>.</div>",0
403,2,2,0,"<div><b>2. De bovenkant van een vat, <i>rand</i></b>.</div>",2
403,3,3,0,"<div><b>3. Van een plant, boven de grond komen, <i>uit</i>(spruiten)</b>.</div>",1
405,2,2,1,"<div>Over begeerte, dwaas, <b><i>lichtvaardig</i></b>.</div>",1
405,1,2,0,"<div><b>Dwaas, zonder nadenken, <i>onnadenkend</i></b>.</div>",0
411,2,2,0,"<div><b>2. Het niet hebben van een wet, <i>zonder wet</i></b>.</div>",1
411,1,1,0,"<div><b>1. Gedragend tegen geldige normen, tegen de wet, <i>wetteloos</i></b>.</div>",0
417,1,1,0,"<div><b>1. Over een positie met meer status, <i>hoger(op)</i></b>.</div>",0
417,2,2,0,"<div><b>2. Over iets dat eerder is in een serie, <i>daarvoor</i></b>.</div>",1
418,1,1,0,"<div><b>1. Vanaf een hogere plaats bekeken, <i>van boven</i></b>.</div>",0
418,2,2,0,"<div><b>2. In de tijd gezien, beginnend bij een bepaald punt aan het begin, <i>van voren</i></b>.</div>",1
422,1,2,0,"<div><b>Teruggeven als vergoeding voor eerder handelen, <i>vergelden</i></b>.</div>",0
422,2,2,1,<div><b><i>Teruggeven</i></b>.</div>,1
426,1,1,0,"<div><b>1. Sterk ergens aan gehecht zijn, vasthouden aan, <i>houden bij</i></b>.</div>",1
426,2,2,0,"<div><b>2. Ergens veel aandacht voor hebben, <i>opkomen voor</i></b>.</div>",0
438,1,3,0,"<div><b>1. Een persoon, onderdeel van de mensheid, <i>mens</i></b>.</div>",0
438,2,2,1,"<div>In de tweede naamval, bijvoeglijk gebruikt, <i><b>menselijk</b></i>.</div>",1
438,3,3,1,"<div>De mens als collectief gebruikt, als representatief voor een groep, <b><i>mensheid</i></b>.</div>",2
438,4,4,0,"<div><b>2. Meer naar de oorspronkelijke betekenis van het woord, ""iemand met mannelijk gezicht"", een <i>man</i></b>.</div>",3
446,1,1,0,"<div><b>Letterlijk: iets er tegenover zetten, dus tegenstaan, <i>weerstand bieden</i></b>.</div>",0
1760,1,1,0,"<div><b>Voldoende hulp geven, uit de nood helpen, <i>hulp verlenen</i></b>.</div>",0
449,1,1,0,"<div><b>Iemand vastpakken om te helpen, de beurt overnemen door te helpen, <i>ondersteunen</i></b>. Dit kan zijn omdat iemand hulpbehoevend is, of als slaaf naar een meester toe.</div>",0
464,1,2,0,"<div><b>Iets er tegenover zetten, <i>zich verzetten tegen</i></b>.</div>",0
464,2,2,1,"<div>Passender wanneer van God gesproken wordt, <b><i>weerstaan</i></b>.</div>",1
497,3,4,0,"<div><b>3. Als technische term in de handel, genoeg gegeven worden om prijs te betalen, <i>vergoed krijgen</i></b>.</div>",2
497,4,4,1,<div><b><i>Ontvangen hebben</i></b>.</div>,3
497,5,5,0,"<div>Een moeilijke tekst vinden we in Mark 14:41. De exacte betekenis van de uitroep daar van Jezus wordt betwist. Sommige vertalingen vatten het op als een uitroep uit de spreektaal die we in een enkele latere Griekse tekst vinden, die zoveel betekent als ""het is genoeg"", mogelijk naar de betekenis van 3. hierboven. Anderen zien er een letterlijkere betekenis van punt 3 in, ""hij kreeg vergoed"", verwijzend naar de betaling aan Judas. Anderen verwijzen naar een andere uitspraak uit de Griekse spreektaal waar het woord zoveel betekent als ""hinder"", verwijzend naar de hinder van het feit dat Zijn discipelen steeds in slaap vallen. Vooralsnog is gekozen voor de eerste optie, <b><i>(het is) genoeg</i></b>.</div>",1
497,1,1,0,"<div><b>1. Ruimtelijk, op een afstand van een positie zijn, <i>vandaan zijn</i></b>.</div>",0
497,2,2,0,"<div><b>2. Figuurlijk, in gedrag op een afstand blijven van, <i>vandaan blijven</i></b>.</div>",4
506,1,2,0,"<div><b>Ongehoorzaam zijn, <i>weerspannig zijn</i></b>.</div>",0
506,2,2,1,"<div>Zelfstandig gebruikt, <b><i>weerspannige</i></b>.</div>",1
508,2,2,1,<div>a. <b><i>Wachten op</i></b></div>,0
508,3,3,1,"<div>b. Met de plaats waaruit wat verwacht wordt komt in de context, past beter <b><i>verwachten</i></b>.</div>",1
508,4,4,1,"<div>c. Als ontbreekt waarop gewacht wordt, alleen <b><i>wachten</i></b>.</div>",2
508,5,5,0,"<div><b>2. Niet alleen wachten op, ook ontvangen, <i>verwelkomen</i></b>.</div>",3
509,1,1,0,"<div><b>1. Van kleren, of iets dat je aandoet, <i>afstropen</i></b>.</div>",0
509,2,2,0,"<div><b>2. Het ontdoen van macht of wapens van een partij, <i>ontmantelen</i></b>.</div>",1
516,2,2,1,<div>a. <b><i>Voor</i></b></div>,1
516,3,3,1,<div>b. <b><i>Ten overstaan van</i></b></div>,3
516,4,4,1,<div>c. <b><i>Tegenover</i></b></div>,2
516,5,5,0,"<div><b>2. Tegenover iets of iemand in intentie, vijandelijk, <i>tegenovergesteld</i></b>.</div>",0
521,2,2,1,"<div>a. Van lichaamsdelen, <b><i>afhakken</i></b></div>",0
521,3,3,1,"<div>b. Algemener, <b><i>wegnemen</i></b></div>",1
524,4,4,0,"<div>2. Mediaal, <b>jezelf doen verdwijnen, <i>verdwijnen</i></b>.</div>",0
524,3,3,1,<div>b. Het gezicht <b><i>verbergen</i></b>.</div>,1
524,2,2,1,<div>a. <b><i>Doen verdwijnen</i></b></div>,2
531,2,3,0,"<div><b>1. Afstand nemen van, iets laten zoals het is, zijn gang laten gaan,&nbsp;<i>laten</i></b>.</div>",0
531,3,3,1,"<div>Iets overlaten voor een ander, bij nageslacht, <b><i>nalaten</i></b>.</div>",7
531,5,5,1,<div>a. <b><i>Loslaten</i></b></div>,1
531,6,6,1,<div>b. <b><i>Laten gaan</i></b></div>,2
531,7,7,1,<div>c. <b><i>Achterlaten</i></b></div>,3
531,8,8,1,<div>d. <b><i>Verlaten</i></b></div>,4
531,10,10,1,<div>a. <b><i>Vergeven</i></b></div>,5
531,11,11,1,"<div>b. Bij schuld, <b><i>kwijtschelden</i></b></div>",8
535,1,2,0,"<div>1. Intransitief, <b>afstand nemen van iets of iemand, <i>afstand nemen</i></b>.</div>",0
535,2,2,1,"<div>Iets/iemand afstand laten nemen van iemand, <b><i>wegnemen</i></b>.</div>",1
535,3,3,0,"<div>2. Transitief, <b>iemand laten bewegen vanaf zijn positie, van bondgenootschap laten wisselen, <i>doen afvallen</i></b>.</div>",2
540,1,1,0,"<div><b>1. Algemeen, zonder geluid, <i>klankloos</i></b>.</div>",1
540,2,2,0,"<div><b>2. Bij stemgeluid, <i>stemloos</i></b>.</div>",0
551,1,2,0,"<div><b>1. Niet vertrouwen op, niet geloven in, <i>ongelovig zijn</i></b>.</div>",0
551,2,2,1,"<div>Met een object erbij, iemand <b><i>niet geloven</i></b>.</div>",2
551,3,3,0,"<div><b>2. Niet te vertrouwen zijn, het vertrouwen schaden, <i>ontrouw zijn</i></b>.</div>",1
553,1,1,0,"<div><b>1. Zonder geloof zijn, <i>ongelovig</i></b>.</div>",0
553,2,2,0,"<div><b>2. Niet te geloven, <i>ongeloofwaardig</i></b>.</div>",1
557,1,1,0,"<div>1. Letterlijk. <b>Ergens vanaf stappen, uit een schip stappen, <i>(af)stappen</i></b>.</div>",0
557,2,2,0,"<div>2. Figuurlijk. <b>Uitkomen op een bepaalde situatie, <i>uitlopen</i></b>.</div>",1
566,2,2,0,"<div>1. Algemeen, <b>tonen aan anderen, <i>tentoon stellen</i></b>.</div>",1
566,4,4,1,<div>a. <b><i>Bewijzen</i></b></div>,0
566,5,5,1,<div>b. <i><b>Tonen</b></i></div>,2
570,1,2,0,"<div><b>Op weg gaan vanaf je huis, <i>reizen</i></b>.</div>",0
570,2,2,1,"<div>Als in de context het meer gaat over het pint van vertrek, <b><i>op reis gaan</i></b>.</div>",1
584,1,1,0,"<div><b>1. Iets opnieuw doen staan, naar een oorspronkelijke staat terugbrengen, <i>herstellen</i></b>.</div>",0
584,2,2,0,"<div><b>2. Terugbrengen naar een eerdere plek, <i>terugbrengen</i></b>.</div>",1
585,2,2,1,<div>a. <b><i>Reserveren</i></b></div>,0
585,3,3,1,<div>b. <b><i>Bewaren</i></b></div>,1
592,2,2,1,<div>a. <b><i>Weggehouden</i></b></div>,0
592,3,3,1,<div>b. <b><i>Verborgen</i></b></div>,1
597,1,2,0,"<div><b>1 Iets van een bron, van iemand, in ontvangst nemen, <i>krijgen</i></b>.</div>",0
597,3,3,0,"<div><b>2. Iemand van een plaats nemen, terzijde nemen, <i>apart nemen</i></b>.</div>",1
599,2,2,1,"<div>a. Van zaken, <b><i>destructie</i></b></div>",1
599,3,3,1,"<div>b. Van mensen, als de precieze aard van de destructie niet duidelijk is, <b><i>ondergang</i></b></div>",0
599,4,4,0,"<div><b>2. Destructie die met veroorzaakt, van stoffen, <i>verspilling</i></b>.</div>",2
600,2,2,1,"<div>a. Indien de nadruk ligt op het weggaan van waar iets nog is, <b><i>achterlaten</i></b>.</div>",0
600,3,3,1,"<div>b. Indien de nadruk ligt op dat iets ergens blijft waar je later terug kan komen, <b><i>overblijven</i></b>.</div>",1
603,10,10,1,<div>a. <i>Actief</i> - <b><i>verliezen</i></b></div>,4
573,10,10,1,"<div>b. Wanneer er gesproken wordt over de hele ruil, <b><i>verkopen</i></b>.</div>",4
603,11,11,1,<div>b. <i>Mediaal - <b>verloren gaan</b></i></div>,1
608,1,1,0,"<div>1. Algemeen betekent dit woord <b><i>laten gaan,</i>&nbsp;iemand ergens heen laten gaan</b>. In juridische contexten laten gaan van een schuld of aanklacht. In &nbsp;de context van het huwelijk het laten gaan van meestal de vrouw, scheiden.</div>",0
608,2,2,0,"<div>2. Passief - <b>Iemand laten gaan van een pijnlijke situatie, iemand vrijzetten, <i>bevrijden</i></b>.</div>",1
608,3,3,0,"<div>3. Mediaal - <b>van een positie weggaan, <i>uiteen gaan</i></b>.</div>",2
609,1,1,0,"<div><b>1. Het vrijkopen van een gevangene, <i>vrijkoping</i></b>.</div>",0
609,2,2,0,"<div><b>2. Door uitbreiding van de betekenis, algemener, <i>verlossing</i></b>.</div>",1
623,1,1,0,"<div>Oorspronkelijk ""zonder middelen"", in onze tekst<b> in een staat van verwarring, ontsteltenis of onzekerheid zijn, <i>geen raad weten</i></b>.</div>",0
625,1,1,0,"<div><b>Letterlijk: tot wees maken, <i>verweesd zijn</i></b>.</div>",0
628,1,2,0,"<div>Letterlijk - <b>iets ergens uit/van weg trekken, een zwaard trekken</b>. Figuurlijk - i<b>emand ergens van wegtrekken, van iemand vervreemden. <i>(Weg)trekken</i></b></div>",0
628,2,2,1,"<div>Jezelf wegtrekken uit een situatie, <b><i>terugtrekken</i></b>.</div>",1
630,2,2,1,"<div>In de frase ""boekrol van scheiding"", <b><i>scheiding</i></b>.</div>",1
630,1,2,0,"<div>In algemeen recht een <b>officieel bewijs van afstand doen</b>. Bijvoorbeeld gebruikt door een verkoper die ermee officieel vastlegt zelf afstand ergens van te doen, en het over te dragen aan de koper. In het NT gebruikt als<b> officieel document waarin een man afstand doet van zijn vrouw, een <i>scheidbrief</i></b>.</div>",0
633,2,2,1,"<div>a. Algemeen, <b><i>benadelen</i></b>.</div>",0
633,4,4,0,"<div><b>2. Als uitbreiding van 1., voorkomen dat iemand ergens voordeel uit heeft, <i>onthouden</i></b>.</div>",1
637,1,1,0,"<div><b>1. Algemeen, iets laten afkeren van iets, <i>(van)afkeren</i></b></div>",0
637,2,2,0,"<div>2. Passief, met actieve betekenis, <b>iets laten omkeren, <i>terugbrengen</i></b>.</div>",1
642,1,2,0,"<div><b>Iets weg- of afleggen, wegdoen, <i>afleggen</i></b>.</div>",0
642,2,2,1,"<div>Iemand in de gevangenis wegdoen, <b><i>wegzetten</i></b>.</div>",1
646,1,2,0,"<div><b>1. Het weg- of afleggen van iets, het wegdoen van iets, <i>(het) afleggen</i></b>.</div>",0
646,2,2,1,"<div>Van vuiligheid, <b><i>afhalen</i></b>.</div>",1
648,2,2,1,"<div>Indien aangegeven dat ergens aan &nbsp;of voor gestorven word, <b><i>afsterven</i></b>.</div>",1
648,1,2,0,"<div><b>Ophouden te leven, op aarde, of het toekomstige leven verliezen, <i>sterven</i></b>.</div>",0
671,3,3,1,<div>a. <b><i>Van oorsprong</i></b></div>,0
671,4,4,1,"<div>b. Bijvoeglijk gebruikt, <b><i>oorspronkelijk</i></b></div>",1
671,1,1,0,"<div><b>1. Dat iets al langere tijd bestaat, en nu nog steeds bestaat, <i>van oorsprong af</i></b>.</div>",3
671,5,5,1,"<div>c. Over mensen, <b><i>van oudsher</i></b></div>",2
672,4,4,1,"<div>a. Het figuur of orgaan dat de autoriteit heeft,&nbsp;<b><i>overheid</i></b></div>",2
672,2,2,0,"<div><b>2. Het punt waar twee zijden elkaar tegenkomen </b>(waar een object lijkt te beginnen)<b>, <i>hoekpunt</i>.</b></div>",3
672,1,1,0,"<div><b>1. Het startpunt van iets, van een handeling, proces, staat van zijn etc., <i>begin</i></b>.</div>",0
672,5,5,1,"<div>b. De autoriteit,&nbsp;<b><i>gezag</i></b></div>",1
683,2,2,0,"<div>2. Mediaal –<b> Als overheid optreden</b> (waar handelingen en beslissingen beginnen), <b><i>vorst zijn</i></b>.</div>",1
683,1,1,0,"<div>1. Actief – <b>Een handeling, proces, staat van zijn etc. starten, <i>beginnen</i></b>.</div>",0
693,1,1,0,"<div><b>1. Tijdelijk niet te werken hebben, of een houding van niet werken hebben, <i>niet werkend</i></b>.</div>",0
693,2,2,0,"<div><b>2. Onproductief, voor werk waardeloos zijn, <i>onwerkzaam</i></b>.</div>",1
695,1,1,0,"<div><b>1. Algemeen, het metaal, <i>zilver</i></b>.</div>",0
695,2,2,0,"<div><b>2. Specifiek, zilver om mee te betalen, <i>zilverstukken</i></b>.</div>",1
706,2,2,0,"<div>2. Mediaal - <b>genoeg hebben, tevreden zijn, <i>voldoende hebben</i></b>.</div>",1
706,1,1,0,"<div>1. Actief - <b>genoeg zijn, <i>voldoende zijn</i></b>.</div>",0
726,2,2,1,<div>a. <b><i>Momenteel</i></b></div>,0
726,3,3,1,<div>b. <b><i>Nu</i></b></div>,1
726,4,4,1,<div>c. <b><i>Huidig</i></b></div>,2
757,1,1,0,"<div>1. Letterlijk - <b>niet wankelend, stevig, <i>verzekerd</i></b>.</div>",0
757,2,2,0,"<div>2. Figuurlijk - <b>dat iets vast staat, <i>zeker</i></b>.</div>",1
759,2,2,0,"<div><b>2. Iemand zo vervoeren dat men zeker is dat iemand gevangen blijft, <i>verzekerd</i></b>.</div>",1
759,1,1,0,"<div><b>1. Dat iets met zekerheid is, <i>zeker</i></b>.</div>",0
762,1,1,0,"<div><b>Dat iemand niet tot een oplossing wil komen, onvermurwbaar, <i>onverzoenlijk</i></b>.</div>",0
776,1,1,0,"<div><b>1. Van bliksem, dat de hele lucht verlicht, <i>bliksemlicht</i></b>.</div>",0
776,2,2,0,"<div><b>2. Van een lamp, een <i>lichtstraal</i></b>.</div>",1
777,1,1,0,"<div><b>1. Van bliksem, dat de hele lucht verlicht, <i>flitsen</i></b>.</div>",0
777,2,2,0,"<div><b>2. Van kleding, <i>lichtgeven</i></b>.</div>",1
787,1,2,0,"<div><b>1. Intens ergens naar kijken, staren, <i>strak aankijken</i></b>.</div>",0
787,2,2,1,"<div>Met het voorzetsel <a class=""ghw"" name=""G_l_1467"" contenteditable=""false""><span class=""ncv-GH""><span class=""translit"">eis</span><span class=""Greek"">εις</span></span></a>, naar, <b><i>strak kijken (naar)</i></b>.</div>",1
805,1,1,0,"<div><b>1. Een staat zonder eer of respect, <i>oneer</i></b>.</div>",0
805,2,2,0,"<div><b>2. Bijvoeglijk gebruikt, <i>oneervol</i></b>.</div>",1
806,1,1,0,"<div><b>1. Iets zonder eer of respect, <i>ongeëerd</i></b>.</div>",0
806,2,2,0,"<div><b>2. In afgezwakte vorm, iets dat minder aanzien of respect heeft, dat onbelangrijk is of lijkt, <i>minder eervol</i></b>.</div>",1
824,1,1,0,"<div>1. Intern - <b>de staat van zelf genoegen nemen met wat je hebt, zelf-redzaam zijn, <i>tevredenheid</i></b>.</div>",0
824,2,2,0,"<div>2. Extern - <b>de staat van hebben wat voldoende is, <i>zelf genoeg (hebben)</i></b>.</div>",1
834,2,3,0,"<div>2. Transitief - <b>iemand groter laten worden, <i>(laten) groeien</i></b>.</div>",1
834,1,1,0,"<div>1. Intransitief - <b>groter worden, <i>groeien</i></b>.</div>",0
834,3,3,1,"<div>Van planten, <b><i>tot groei brengen</i></b>.</div>",2
837,1,2,0,"<div><b>1. Dat iets in overeenstemming is in waarde of achting met hetgeen waarmee het vergeleken wordt, <i>waardig</i></b>.</div>",0
837,2,2,1,"<div>Impliciet dat iets waardig is om te doen, oftewel, de moeite <b><i>waard</i></b>.</div>",2
837,3,3,0,"<div><b>2. Dat iets overeenkomstig past in de situatie, <i>gepast</i> is</b>.</div>",1
849,4,4,0,"<div><b>2. In een subtielere beweging, iets ergens op zijn plek brengen, <i>leggen</i></b>.</div>",2
849,3,3,1,"<div>Van bomen en hun vruchten, <b><i>afwerpen</i></b>.</div>",1
849,2,2,1,"<div>Van mensen, die zich ergens neer laten ploffen, <b><i>neerwerpen</i></b>.</div>",3
849,1,3,0,"<div><b>1. Iets in beweging zetten door een krachtige beweging, <i>werpen</i></b>.</div>",0
851,1,1,0,"<div><b>1. Waterritueel met als doel het reinigen van iets, <i>(het) onderdompelen</i></b>.</div>",1
851,2,2,0,"<div><b>2. Bij mensen, het waterritueel met als doel hernieuwing of een relatie bevestigen, <i>(het) dopen</i></b>.</div>",0
853,1,1,0,"<div><b>1. Ritueel wassen door onderdompeling in water van voorwerpen, <i>onderdompelen</i></b>.</div>",1
853,2,2,0,"<div><b>2. Het gebruik van water voor hernieuwing of het bevestigen van een relatie, <i>dopen</i></b>.</div>",0
868,1,1,0,"<div><b>1. Dat iets gewicht heeft, of in figuurlijke zin belangrijk of ernstig of moeilijk is, <i>zwaar</i></b>.</div>",0
868,2,2,0,"<div><b>2. Dat iets een slecht of moeilijk karakter heeft, <i>wreed</i></b>.</div>",1
870,1,1,0,"<div><b>1. Het toebrengen van pijn of lijden, martelen, <i>kwellen</i></b>.</div>",0
870,2,2,0,"<div><b>2. De toegebrachte pijn of lijden, marteling, <i>kwelling</i></b>.</div>",1
873,1,1,0,"<b>De toegebrachte pijn of lijden, marteling,&nbsp;<i>kwelling</i></b>.",0
875,3,3,1,<div>b. <b><i>Koninklijk</i></b></div>,1
875,2,2,1,<div>a. <b><i>Van de koning</i></b></div>,0
876,2,2,1,"<div>Zelfstandig gebruikt, <b><i>koning (zijn)</i></b>.</div>",1
876,1,2,0,"<div><b>De macht van een koning of heerser uitoefenen, <i>heersen</i></b>.</div>",0
882,1,1,0,"<div><b>1. Optillen om mee te nemen, </b><i style=""font-weight: bold;"">(weg)dragen</i>.</div>",1
882,2,2,0,"<div><b>2. Een last optillen en dragen, <i>(ver)dragen</i></b>.</div>",0
883,1,1,0,"<div><b>Aangaande een diep, uiterst punt ergens van, in tijd, vroegste punt, <i>vroeg</i></b>.</div>",1
885,1,1,0,"<div><b>1. De afstand onder een oppervlakte, <i>diepte</i></b>.</div>",0
885,2,2,0,"<div><b>2. Bijvoeglijk gebruikt, <i>diep</i></b>.</div>",1
894,1,1,0,"<div><b>1. Iets verafschuwen omdat het verwerpelijk of smerig is, <i>gruwen</i></b>.</div>",0
894,2,2,0,"<div><b>2. Zelfstandig gebruikt, <i>gruwelijke</i></b>.</div>",1
905,1,1,0,"<div><b>1. Algemeen betekent dit woord de beweging van een stap (omhoog), een <i>stap</i></b>.</div>",1
905,2,2,0,"<div><b>2. Door uitbreiding van de betekenis, een stap omhoog op een verhoogd platform, een <i>podium</i></b>.</div>",0
923,1,2,0,"<div><b>Een kleine geschreven boodschap, een document, of een langere boekrol, <i>(kleine) boekrol</i></b>.</div>",0
923,2,2,1,"<div>In combinatie met ""rol"", <b><i>boek</i></b>.</div>",1
927,2,2,0,"<div><b>2. Wat nodig is om leven te onderhouden, <i>levensonderhoud</i></b>.</div>",0
927,1,1,0,"<div><b>1. Het leven en het leiden van het leven, <i>leven</i></b>. Onderscheiden van&nbsp;<a class=""ghw"" name=""G_l_5499"" contenteditable=""false""><span class=""ncv-GH""><span class=""translit"">zōē</span><span class=""Greek"">ζωη</span></span></a>, wat meer het de staat van levend zijn inhoudt.</div>",1
934,1,2,0,"<div><b>Denigrerende en smadende woorden, <i>lastering</i></b>.</div>",0
934,2,2,1,"<div>Bijvoeglijk gebruikt, <b><i>lasterlijk</i></b>.</div>",1
935,1,2,0,"<div><b>Dat iets denigrerend of smadend is, <i>lasterlijk</i></b>.</div>",1
935,2,2,1,"<div>Van personen, <b><i>lasteraar</i></b>.</div>",0
939,2,2,1,<div>a. <b><i>Kijken</i></b>.</div>,1
939,3,3,1,<div>b. <b><i>Zien</i></b>.</div>,3
939,5,5,1,<div>a. <b><i>Uitkijken</i></b></div>,0
939,6,6,1,<div>b. <b><i>Toezien</i></b></div>,2
939,7,8,0,"<div><b>3. Een blik werpen op, </b><i style=""font-weight: bold;"">uitkijken</i>.</div>",4
942,2,2,1,"<div>a. <b style=""font-style: italic;"">(om hulp) roepen</b>.</div>",0
942,3,3,1,"<div>b. Van vreugde, <b><i>uitroepen</i></b>.</div>",1
945,1,1,0,"<div><b>1. Het in een nood of behoefte voorzien, <i>hulp</i></b>.</div>",0
945,2,2,0,"<div><b>2. Wat nodig is voor de hulp, <i>hulpmiddelen</i></b>.</div>",1
958,4,4,1,<div>c. <b><i>Besluit</i></b></div>,2
958,3,3,1,<div>b. <b><i>Voornemen</i></b></div>,3
958,2,2,1,<div>a. <b><i>Raad</i></b> (al is het in deze betekenis minder gebruikelijk in het Nederlands)</div>,0
958,5,5,1,"<div>d. Over de bedenkingen van het hart, <b><i>raadslagen</i></b>.</div>",1
962,2,2,1,<div>a. <b><i>Bedoelen</i></b></div>,0
962,3,3,1,<div>b. De <b><i>bedoeling hebben</i></b>.</div>,1
968,3,3,1,<div>b. <b><i>Korte tijd</i></b></div>,1
968,2,2,1,<div>a. <b><i>Beetje</i></b></div>,0
968,4,4,1,<div>c. <b><i>Kort</i></b></div>,2
970,2,2,1,<div>a. Algemeen - <b><i>traag zijn</i></b></div>,0
970,3,3,1,"<div>b. Indien door omstandigheden plannen uitgesteld worden, <b><i>vertraagd zijn</i></b>.</div>",1
973,2,2,0,"<div>2. Transitief - <b>zorgen dat iets nat wordt door regen, <i>beregenen</i></b>.</div>",1
973,1,1,0,"<div>1. Intransitief - <b>het vallen van regendruppels, <i>regenen</i></b>.</div>",0
980,2,2,1,<div>a. <b><i>Eten</i></b></div>,0
980,3,3,1,<div>b. <b><i>Voedsel</i></b></div>,1
980,4,4,1,<div>c. <b><i>Maaltijd</i></b></div>,3
980,5,5,0,"<div><b>2. Het wegeten van materiaal, <i>rotting</i></b>.</div>",2
1006,1,1,0,"<div><b>1. Een teken dat aangebracht door snijden, kerven, branden of anders, een <i>merkteken</i></b>.</div>",0
1006,2,2,0,"<div><b>2. Beeltenis die ontstaan is door kerven, een <i>beeld</i></b>.</div>",1
1010,3,3,1,<div>a. <b><i>Genade</i></b></div>,0
1010,4,4,1,<div>b. <b><i>Gunst</i></b></div>,3
1010,6,6,1,<div>a. <b><i>Dank</i></b></div>,2
1010,7,7,1,<div>b. <b><i>Dankbaar(heid)</i></b></div>,1
1013,1,1,0,"<div>1. Intransitief - <b>Vrij als gunst iets geven, iets kwijtschelden, <i>genade schenken</i></b>.</div>",0
1013,2,2,0,"<div>2. Transitief - <b>Iets geven om een gunstige stemming op te wekken, <i>als gunst schenken</i></b>.</div>",1
1017,1,1,0,"<div><b>1. Lippen, <i>lip</i></b>.</div>",0
1017,2,2,0,"<div><b>2. De lippen van een rivier, <i>oever</i></b>.</div>",1
1020,2,2,0,"<div><b>2. Specifiek, het seizoen voor slecht weer, <i>winter</i></b>.</div>",0
1020,1,1,0,"<div><b>1. Algemeen, slecht weer, <i>storm</i></b>.</div>",1
1025,2,2,1,<div>a. <b><i>Slechter</i></b></div>,0
1025,3,3,1,<div>b. <b><i>Erger</i></b></div>,2
1025,4,4,1,<div>c. <b><i>(van) kwaad (tot erger)</i></b></div>,1
1026,2,2,1,"<div>a. Van gebouwen, <b><i>met handen gemaakt</i></b></div>",0
1026,3,3,1,"<div>b. Van een handeling, <b><i>met hand verricht</i></b></div>",1
1051,4,4,1,"<div>c. Kennis, het kunnen <b><i>vatten</i></b>.</div>",3
1051,3,3,1,<div>b. <b><i>Ruimte hebben</i></b></div>,1
1051,2,2,1,<div>a. <b><i>Ruim zijn</i></b></div>,0
1051,5,5,0,"<div><b>2. Plaats of ruimte innemen, <i>binnenkomen</i></b>.</div>",2
1054,1,1,0,"<div><b>1. Scheiding maken door ruimte ertussen te maken, <i>scheiden</i></b>.</div>",0
1054,2,2,0,"<div><b>2. Scheiding maken door weg te gaan, <i>vertrekken</i></b>.</div>",1
1061,1,1,0,"<div><b>1. Toepassen van, gebruik maken van hulpmiddelen, gelegenheden etc., <i>gebruiken</i></b>.</div>",0
1061,2,2,0,"<div><b>2. Door uitbreiding van de betekenis, op een bepaalde manier omgaan met, <i>handelen</i></b>.</div>",1
1063,2,2,1,<div>a. <b><i>Behoefte</i></b></div>,0
1063,3,3,1,<div>b. Iets is <b><i>nodig</i></b></div>,1
1079,1,1,0,"<div><b>1. Ergens een tijd blijven, <i>lang blijven</i></b>.</div>",1
1079,2,2,0,"<div><b>2. Ergens langer blijven dan verwacht, <i>uitblijven</i></b>.</div>",0
1110,4,4,1,"<div>c. Met object, voor iemand iets besteden, <b><i>bekostigen</i></b></div>",1
1110,3,3,1,"<div>b. In negatieve zin, <b><i>verspillen</i></b></div>",0
1110,2,2,1,"<div>a. Algemeen, <b><i>besteden</i></b></div>",2
1135,1,1,0,"<div><b>1. Aanduidend dat iets met goedkeuring wordt ontvangen, <i>aangenaam</i></b>.</div>",0
1135,2,2,0,"<div><b>2. Aanduidend dat iets met goedkeuring wordt ontvangen in je aanwezigheid, <i>welkom</i></b>.</div>",1
1143,1,2,0,"<div><b>Het volk van een bepaald gebied, met name een Hellenistische stad, dat bij elkaar kwam voor economische of politieke zaken en besluiten, <i>bevolking</i></b>.</div>",0
1143,2,2,1,"<div>Als het expliciet in de zin gebruikt wordt dat de bijeenkomst een oordeel moet vellen, <b><i>volksraad</i></b>.</div>",1
1144,1,1,0,"<div><b>1. Behorend bij de staat, <i>publiek</i></b>.</div>",0
1144,2,2,0,"<div><b>2. Bijwoordelijk gebruikt, iets dat in het openbaar gebeurt, <i>publiekelijk</i></b>.</div>",1
1147,7,7,1,<div>a. <b><i>Moeten</i></b></div>,1
1147,5,5,0,"<div><b>2. Met dezelfde beweging als iets vastbinden, iemand omwikkelen met iets, <i>wikkelen</i></b>.</div>",5
1147,4,4,1,<div>c. <b><i>Vastzetten</i></b></div>,3
1147,2,2,1,<div>a. <b><i>Binden</i></b></div>,0
1147,3,3,1,<div>b. <b><i>Vastbinden</i></b></div>,4
1147,8,8,1,<div>b. <b><i>Past</i></b></div>,2
1156,1,1,0,"<div>1. Letterlijk betekent het villen, het vel eraf halen. In onze literatuur komt het alleen figuurlijk voor, <b>een striem maken door te slaan, <i>striemen</i></b>.</div>",0
1156,2,2,0,"<div><b>2. In afgezwakte zin, <i>slaan</i></b>.</div>",1
1161,2,2,0,<div>2. Figuurlijk - <b>een <i>band</i></b>.</div>,1
1161,1,1,0,"<div><b>1. Iets dat beperkt door vastbinden of vastmaken, een </b><i><b>boei</b>.</i></div>",0
1165,1,1,0,<div>1. Van plaats - <b><i>hierheen</i></b>.</div>,0
1165,2,2,0,<div>2. Van tijd - <b>(tot) <i>nu toe</i></b>.</div>,1
1172,2,2,1,"<div>De rechterkant,&nbsp;<b><i>rechter(kant)</i></b>.</div>",2
1172,1,3,0,"<div><b>Ruimtelijk tegenstelling tot links, <i>rechts</i></b>.</div>",0
1172,3,3,1,"<div>Aan de rechterkant, ook figuurlijk, <i style=""font-weight: bold;"">rechter(hand)</i>.</div>",1
1178,2,2,1,"<div>a. Op het land, <b><i>doorstappen</i></b>.</div>",0
1178,3,3,1,"<div>b. Over het water, <b><i>oversteken</i></b>.</div>",1
1179,1,1,0,"<div>Letterlijk betekent het woord ""dooreenwerpen"", maar in het NT alleen figuurlijk gebruikt: <b>een (aan)klacht geven over iemand, <i>verdacht maken</i></b>.</div>",0
1180,1,2,0,"<div><b>Ergens in volharden ergens op staan, <i>(er) op staan</i></b>.</div>",0
1180,2,2,1,"<div>Met <a class=""ghw"" name=""G_l_4026"" contenteditable=""false""><span class=""ncv-GH""><span class=""translit"">peri+2</span><span class=""Greek"">περι+2</span></span></a>, over/aangaande, <b><i>staan</i></b>.</div>",1
1182,1,1,0,"<div><b>Degene die verdacht maakt</b> (zie&nbsp;<a class=""ghw"" name=""G_l_1179"" contenteditable=""false""><span class=""ncv-GH""><span class=""translit"">diaballō</span><span class=""Greek"">διαβαλλω</span></span></a>), <b>in het NT vooral de voornaamste opponent, de <i>tegenwerker</i></b>.</div>",0
1203,2,2,0,"<div>1. Algemeen - <b>een taak uitvoeren of nood vervullen, al dan niet met het idee van tussenpersoon en beweging, <i>dienen</i></b>.</div>",0
1203,3,3,0,"<div>2. Specifiek - <b>als tussenpersoon een brief overbrengen, <i>brengen</i></b>.</div>",1
1204,2,2,1,<div>a. De <b><i>dienst</i></b>.</div>,0
1204,3,3,1,<div>b. Het <b><i>dienst(werk)</i></b>.</div>,1
1204,4,4,1,<div>c. Het <b><i>dienen</i></b>.</div>,2
1208,2,2,1,<div>a. <b><i>Onderscheiden</i></b></div>,0
1208,3,3,1,<div>b. <b><i>Onderscheid maken</i></b></div>,3
1208,4,4,0,"<div><b>2. In juridische zin, door nauwkeurig te onderscheiden een oordeel treffen, <i>berechten</i></b>.</div>",2
1208,5,5,0,"<div><b>3. In relationele zin, twist hebben met iemand, <i>twisten</i></b>.</div>",4
1208,6,6,0,"<div><b>4. In tweestrijd zijn, onzeker ergens over zijn, <i>twijfelen</i></b>.</div>",1
1209,2,2,0,"<div><b>2. Een woordenstrijd met iemand, het <i>twisten</i></b>.</div>",1
1209,1,1,0,"<div><b>1. Het onderscheid dat door scheiden gemaakt is, <i>onderscheiding</i></b>.</div>",0
1211,1,1,0,"<div><b>1. Deelnemen aan een woordenwisseling, iets bespreken, <i>discussiëren</i></b>.</div>",0
1211,2,2,0,"<div><b>2. Onderwijzend, vaak met het uitwisselen van standpunten, <i>spreken</i></b>.</div>",1
1220,2,2,1,<div>a. <b><i>Voortduren</i></b></div>,0
1220,3,3,1,<div>b. <b><i>Blijven</i></b></div>,1
1226,2,2,1,<div>a. <b><i>Denkvermogen</i></b></div>,0
1226,3,3,1,<div>b. <b><i>Denkwijze</i></b></div>,1
1226,4,4,1,<div>c. <b><i>Inzicht</i></b></div>,2
1227,2,2,1,<div>a. <b><i>Open doen</i></b></div>,0
1227,3,3,1,<div>b. <b><i>Open maken</i></b></div>,1
1227,4,4,1,<div>c. <b><i>Openen</i></b></div>,2
1233,3,3,0,"<div><b>3. Ergens van verschillen in waarde, in het voordeel van jezelf, meer waard zijn dan, <i>van belang zijn</i></b>.</div>",1
1233,2,2,0,"<div>2. Figuurlijk - <b>niet gelijk zijn aan iets anders,<i> verschillen</i></b>.</div>",2
1233,1,1,0,"<div>1. Letterlijk - <b>iets dragen door een plaats heen, <i>dragen door</i></b>.</div>",0
1235,1,1,0,"<div>1. Figuurlijk, <b>ergens van ongelijk zijn, verschillend,&nbsp;<i>onderscheiden</i></b>.</div>",1
1235,2,2,0,"<div><b>2. Ergens van verschillen in waarde, in je eigen voordeel, <i>voortreffelijk</i></b>.</div>",0
1236,2,3,1,<div>a. <b><i>Verrotten</i></b></div>,0
1236,3,3,2,<div>Expliciet veroorzakend: <b><i>doen verrotten</i></b>.</div>,3
1236,4,4,1,"<div>b. Van de denkzin, <b><i>verdorven</i></b></div>",1
1236,5,5,1,"<div>c. Van schepen, <b><i>vergaan</i></b></div>",2
1246,2,2,1,<div>a. Van stoffen: <b><i>openscheuren</i></b></div>,0
1246,3,3,1,<div>b. Van ketenen: <b><i>kapot trekken</i></b></div>,1
1251,2,2,1,"<div>a. Van een persoon, <b><i>verscheuren</i></b>.</div>",0
1251,3,3,1,"<div>b. Van ketenen, <b><i>in stukken trekken</i></b>.</div>",1
1254,2,2,1,<div>a. Iemand iets&nbsp;<b><i>opleggen</i></b></div>,0
1254,3,3,1,"<div>b. Zelfstandig gebruikt, het <b><i>opgelegde</i></b></div>",1
1254,4,4,1,<div>c. <b><i>Opdragen</i></b>.</div>,2
1257,1,2,0,"<div><b>1. Iets afbrengen of laten afwijken van een bepaalde (religieuze) norm, <i>verdraaien</i></b>.</div>",0
1257,2,2,1,"<div>Van het geloof, <b><i>wegdraaien</i></b>.</div>",1
1277,1,2,0,"<div><b>Het onderwijzen of dat wat onderwezen wordt, <i>onderwijzing</i></b>.</div>",0
1277,2,2,1,"<div>In de uitdrukking ""wind van leer"", <b><i>leer</i></b>.</div>",1
1287,2,2,1,<div>a. <b><i>Doorkomen</i></b></div>,0
1287,3,3,1,"<div>b. Met een voorzetsel, <b><i>(door) komen</i></b></div>",2
1287,5,5,1,"<div>d. Indien het gaat om door een watergebied te gaan, <b><i>oversteken</i></b></div>",1
1298,3,3,0,"<div><b>3. Afgezwakt, een algemene afspraak, <i>voorschrift</i></b>.</div>",2
1298,2,2,0,"<div><b>2. Een daad die overeenkomt met wat recht of rechtvaardig is, <i>rechtvaardige daad</i></b>.</div>",1
1298,1,1,0,"<div><b>1. Een eis of gebod dat aangeeft wat recht en rechtvaardig is, <i>rechtseis</i></b>.</div>",0
1311,2,2,1,<div>a. <b><i>Vervolgen</i></b></div>,0
1311,3,3,1,"<div>b. Indien niet bij mensen, <b><i>najagen</i></b></div>",2
1311,4,4,1,"<div>c. Met een voorzetsel, <b><i>jagen</i></b></div>",1
1327,1,2,0,<div><b><i>Tweemaal</i></b></div>,0
1327,2,2,1,"<div>In de uitdrukking ""één- en andermaal"", <b><i>andermaal</i></b></div>",1
1335,1,1,0,"<div><b>1. Een ander iets doen toekomen, <i>geven</i></b></div>",0
1335,3,3,1,"<div>a. Wraak oefenen, <b><i>oefenen</i></b>.</div>",1
1335,4,4,1,"<div>b. Een offer brengen, <b><i>brengen</i></b>.</div>",2
1335,5,5,1,"<div>c. Een inspanning leveren, <b><i>leveren</i></b>.</div>",4
1335,6,6,1,"<div>d. Je ergens onder begeven, <b><i>begeven</i></b>.</div>",3
1342,1,2,0,"<div><b>1. Iets als aannemelijk beschouwen, denken, <i>menen</i></b>.</div>",2
1342,2,2,1,"<div>Elliptisch, menen (dat iemand komt), <b><i>verwachten</i></b></div>",4
1342,3,4,0,"<div><b>2. Voor iemands begrip zo lijken te zijn, herkennen als, <i>schijnen</i></b>.</div>",0
1342,4,4,1,"<div>Als iets herkend worden, <b><i>(in) aanzien (zijn)</i></b>.</div>",1
1344,1,1,0,"<div><b>1. Iets kritisch onderzoeken om de echtheid te bepalen, <i>toetsen</i></b>.</div>",0
1344,2,2,0,"<div><b>2. Door onderzoek bepalen dat iets goed is, <i>geschikt vinden</i></b>.</div>",1
1345,1,2,0,"<div><b>De ervaring van het ondergaan van een test, met nadruk op het resultaat ervan, het beproefd zijn, <i>beproefdheid</i></b>.</div>",0
1345,2,2,1,"<div>Een succesvol resultaat ter bevestiging, <b><i>bewijs</i></b>.</div>",1
1347,1,2,0,"<div><b>Echt of waardig bevonden via een test of beproeving, <i>beproefd</i></b>.</div>",0
1347,2,2,1,"<div>Als er van een test niet direct sprake lijkt, <b><i>geschikt</i></b>.</div>",1
1356,2,2,1,"<div>a. Als bijwoord, <b><i>om niet</i></b>.</div>",0
1356,3,3,1,"<div>b. Als bijv.n.w., zonder reden, meer specifiek, zonder ervoor betaald te hebben, <b><i>gratis</i></b>.</div>",1
1361,1,1,0,"<div><b>1. De handeling van geven, <i>(het) geven</i></b>.</div>",0
1361,2,2,0,"<div><b>2. Dat wat er gegeven wordt, de <i>gave</i></b>.</div>",1
1366,2,2,0,"<div><b>2. Zonder nadruk op bezit zijn van iets, vooral hard werken voor, dienen, <i>slaven</i></b>.</div>",1
1366,1,1,0,"<div><b>1. Bezit zijn van iemand, als slaaf werken voor, <i>slaaf zijn</i></b>.</div>",0
1367,1,2,0,"<div><b>Iemand <i>tot slaaf maken</i></b>, letterlijk, of figuurlijk iemand gebonden maken aan bepaalde manier van doen of denken, aan iemand anders zijn overtuiging.</div>",0
1367,2,2,1,"<div>Door verslaving gebonden zijn ergens aan, <b><i>verslaafd</i></b>.</div>",1
1378,2,2,1,<div>a. <b><i>Kunnen</i></b></div>,0
1378,3,3,1,"<div>b. Als deelwoord, <b><i>in staat (zijn)</i></b></div>",2
1378,4,4,1,"<div>c. Met een object, iemand het vermogen geven, <b><i>in staat stellen</i></b>.</div>",1
1378,5,5,1,"<div>d. Met ellipsis, iets kunnen (verdragen), <b><i>aankunnen</i></b>.</div>",3
1379,1,1,0,"<div><b>1. Het vermogen iets te kunnen doen, <i>kracht</i></b>.</div>",0
1379,2,2,0,"<div><b>2. Het vermogen iets te kunnen, in geld of capaciteiten, <i>vermogen</i></b>.</div>",1
1379,3,3,0,"<div><b>3. Het vermogen inhoudt over te brengen, bij geluid, <i>betekenis</i></b>.</div>",2
1382,2,2,1,<div>a. Intransitief – <b>machtig zijn</b></div>,0
1382,3,3,1,<div>b. Transitief – <b>bij machte zijn</b></div>,1
1383,2,2,1,<div>a. Transitief –&nbsp;<b><i>bij machte (zijn)</i></b></div>,0
1383,3,3,1,<div>b. Intransitief – <b><i>krachtig</i></b></div>,2
1383,4,4,1,"<div>c. Als deelwoord, <b><i>bekwaam</i></b></div>",3
1383,5,5,0,"<div><b>2. Door uitbreiding van betekenis, dat iets kan gebeuren, <i>mogelijk</i></b>.</div>",1
1400,2,2,0,"<div><b>2. Minder actief, niet ingrijpen, iets laten gebeuren, <i>laten</i></b>.</div>",1
1400,1,1,0,"<div><b>1. Iemand toestaan iets te doen, <i>toelaten</i></b>.</div>",0
1404,1,1,0,"<div><b>1. Bezitten, vasthouden, ervaren en in diverse andere nuances, <i>hebben</i></b>.</div>",0
1404,3,3,1,"<div>a. Zwanger <b><i>zijn</i></b>, zoveel jaar <b><i>zijn</i></b>, in een bepaalde staat <b><i>zijn</i></b> etc.</div>",1
1404,4,5,1,"<div>b. Iets op een bepaalde manier hebben en blijven hebben, <b><i>houden</i></b>, of iets menen, iemand voor iets <b><i>houden</i></b>.</div>",3
1404,5,5,2,"<div>In een iets uitgebreidere formulering, <b><i>menen</i></b> dat iemand iets is.</div>",8
1404,6,7,1,"<div>c. Als nadruk niet alleen op het in bezit hebben maar ook op het in bezit komen ligt, <b><i>verkrijgen</i></b>.</div>",5
1404,7,7,2,"<div>In de uitdrukking ""aan zijn voleinding komen"", <b><i>komen</i></b>.</div>",7
1404,8,8,1,"<div>d. De positie of mogelijkheden hebben iets te doen, <b><i>kunnen</i></b>.</div>",9
1404,9,9,1,"<div>e. Van dingen die opeenvolgend zijn, aangevend dat ze dicht bij elkaar liggen, <b><i>volgend</i></b>.</div>",6
1411,2,2,1,"<div>In een enkele context, waar wel dit idee in zit, past in het Nederlands beter <b><i>nu</i></b>.</div>",1
1411,1,2,0,"<div><b>1. Verwijzend naar een voortijdige situatie, dat iets al zo is op het moment waarover geschreven of gesproken wordt, reeds, <i>al</i></b>.</div>",0
1412,6,6,1,"<div>a. Zelf opstaan, <b><i>overeind komen</i></b>.</div>",2
1412,4,4,1,"<div>c. Zoals dood in de Bijbel wordt omschreven als slapen, is dit woord verbonden met het tegenovergestelde,&nbsp;<b><i>opwekken</i></b>.</div>",0
1412,3,3,1,"<div>b. Zelf wakker worden, <b><i>ontwaken</i></b>.</div>",1
1412,2,2,1,"<div>a. Een ander wakker maken, <b><i>wekken</i></b>.</div>",3
1412,7,7,1,"<div>b. Iets overeind doen staan, <b><i>oprichten</i></b>.</div>",5
1412,8,8,1,"<div>c. Een schaap uit een put halen, <b><i>omhoog tillen</i></b>.</div>",4
1423,2,2,0,"<div><b>2. Scheiding brengen naar iets of iemand, iets of iemand <i>verlaten</i></b>.</div>",0
1423,1,1,0,"<div><b>1. Iets laten bestaan na een bepaald moment, <i>overlaten</i></b>.</div>",1
1442,8,8,1,<div>a. <b><i>Weten</i></b></div>,2
1442,9,9,1,<div>b. <b><i>Kennen</i></b></div>,6
1442,6,6,1,"<div>d. Cognitief (zie ook betekenis 2) waarnemen,&nbsp;<b><i>bekijken</i></b>.</div>",9
1442,5,5,1,"<div>c. Iets dat je aandacht pakt, <b><i>opmerken</i></b>.</div>",4
1442,4,4,1,<div>b. Afhankelijk van de zin past beter <b><i>zien</i></b>.</div>,1
1442,3,3,2,"<div>In het Hebreeuws spraakgebruik kan het werkwoord herhaald worden, waarschijnlijk om nadruk te geven. Dit werkt in het Nederlands niet, maar door één van de twee werkwoorden voorop te plaatsen en een hulpwerkwoord in te voegen wordt hetzelfde bereikt, het tweede werkwoord is dan weggelaten.</div>",8
1442,2,3,1,<div>a. <b><i>Waarnemen</i></b></div>,0
1442,10,10,1,<div>c. <b><i>Bekend zijn</i></b></div>,5
1442,11,11,1,<div>d. <b><i>Besef hebben</i></b></div>,3
1442,12,12,1,<div>e. <b><i>Begrijpen</i></b></div>,7
1448,1,1,0,"<div><b>1. Het kijken naar iets, de <i>waarneming</i></b>.</div>",0
1448,3,3,1,<div>a. <b><i>Gedaante</i></b></div>,2
1448,4,4,1,"<div>b. Manieren waarop iets voorkomt, <b><i>vorm</i></b></div>",1
1450,2,2,1,<div>a. <b><i>Zonder reden</i></b></div>,0
1450,3,3,1,<div>b. <b><i>Tevergeefs</i></b></div>,1
1459,10,10,1,"<div>h. In de uitdrukking ""(van) gelijk handwerk te zijn"", voor de duidelijk omgeschreven naar ""gelijk handwerk <b><i>doen</i></b>""</div>",10
1459,8,8,1,"<div>f. Bezit, aangeduid met de constructie ""aan (iemand) is een (iets)"", in het Nederlands, <b><i>hebben</i></b>.</div>",8
1459,9,9,1,"<div>g. In de uitdrukking ""niet ziende zijn"", voor de duidelijkheid omgeschreven naar ""niet <i><b>kunnen</b></i> kijken"".</div>",9
1459,6,6,1,"<div>d. Ergens voor langere tijd zijn, <b><i>blijven</i></b>.</div>",6
1459,7,7,1,"<div>e. Boven iemand zijn, ofwel, boven iemand <b><i>staan</i></b>.</div>",7
1459,5,5,1,"<div>c. In combinaties met naamvallen en voorzetsels of context die herkomst aanduiden, <b><i>komen</i></b>.</div>",5
1459,3,3,1,"<div>a. In de uitdrukking ""dit is"", ofwel, ""dit betekent"", <b><i>betekenen</i></b>.</div>",1
1459,4,4,1,"<div>b. Verbinding met een groep uitdrukkend, in combinatie met <a class=""ghw"" name=""G_l_1467"" contenteditable=""false""><span class=""ncv-GH""><span class=""translit"">eis</span><span class=""Greek"">εις</span></span></a>, <b><i>behoren</i></b> (tot).</div>",4
1459,1,1,0,"<div><b>De basisbetekenis van het werkwoord is <i>zijn</i></b>, met alle verschillende nuances, van bestaan, als iets zijn, verbonden zijn met etc.</div>",0
1459,11,11,0,"<div>Een enkele keer is het woord onvertaald gelaten, meestal als het werkwoord als hulpwerkwoord gebruikt is met een deelwoord. Dan geeft het werkwoord de tijd aan van het werkwoord, en wordt de handeling verder bepaald door het deelwoord.</div>",3
1469,1,2,0,"<div><b><i>Aandachtig luisteren</i>, met de nuance te handelen naar wat je hoort</b>.</div>",0
1469,2,2,1,"<div>Indien het gaat om het reageren op wat in gebed of smeking gevraagd wordt, <b><i>verhoren</i></b>.</div>",1
1473,2,3,1,<div>a. <b><i>Binnenkomen</i></b></div>,0
1473,3,3,2,"<div>Indien er ook nog een extra voorzetsel <a class=""ghw"" name=""G_l_1467"" contenteditable=""false""><span class=""ncv-GH""><span class=""translit"">eis</span><span class=""Greek"">εις</span></span></a>&nbsp;staat en dit weergeven lastig gaat, dan alleen nog <b><i>komen</i></b>.</div>",1
1473,4,4,1,<div>b. <b><i>(in) gaan</i></b></div>,2
1475,2,2,0,"<div><b>2. De handeling van het naar binnen gaan, <i>het ingaan</i></b>.</div>",1
1475,1,1,0,"<div><b>1. De plaats waar naar binnen wordt gegaan, <i>ingang</i></b>.</div>",0
1478,3,3,0,"<div>2. Figuurlijk – <b>Ergens binnen komen, <i>erbij komen</i></b>.</div>",2
1478,1,2,0,<div>1. Letterlijk – <b>Ergens <i>naar binnen gaan</i></b>.</div>,0
1483,5,5,1,<div>a. <b><i>Drijven</i></b> (ergens uit/in)</div>,1
1483,7,7,1,<div>c. (Iets/ergens) <b><i>(uit) halen</i></b></div>,4
1485,1,1,0,"<div>Algemeen betekent dit woord<b> het uitwerpen van een object uit een gebied. </b>In het NT komen we het alleen tegen in de scheepvaart, het overboord gooien van lading, <i style=""font-weight: bold;"">overboord</i>.</div>",1
1502,3,3,1,"<div>Het Grieks gebruikt dit verwijswoord vrijer dan in het Nederlands lijkt te passen, zodat het soms toch met een persoonlijk voornaamwoord vertaald is, <b><i>hij/zij/het</i></b> etc.</div>",2
1502,1,3,0,"<div><b>Verwijzend naar een ding, persoon of zaak op enige afstand van het besprokene, <i>die/dat</i></b></div>",0
1502,2,2,1,"<div>In combinatie met de tweede naamval, die aangeeft van wie iets is, is <b>van die</b> soms samengevoegd tot <b><i>diens</i></b>.</div>",1
1508,2,2,1,"<div>a. Met als object wat gereinigd moet worden, <b><i>grondig reinigen</i></b>.</div>",0
1508,3,3,1,"<div>b. Met als object wat zelf onzuiver is en weggenomen moet worden, <b><i>uitzuiveren</i></b>.</div>",1
1516,2,2,1,"<div>a. Van bomen, <b><i>omhakken</i></b>.</div>",0
1516,3,3,1,"<div>b. Van andere zaken, takken, handen, <b><i>afhakken</i></b>.</div>",2
1516,4,4,0,"<div><b>2. Figuurlijke uitbreiding van de betekenis, iets scheiden, weghalen, <i>wegnemen</i></b>.</div>",1
1525,1,2,0,"<div><b>De handeling van het uitkiezen, <i>uitkiezing</i></b>.</div>",0
1525,2,2,1,"<div>Bijvoeglijk gebruikt, <b><i>uitgekozen</i></b>.</div>",1
1538,1,2,0,"<div><b>1. Iets ergens uit dragen, <i>naar buiten brengen</i></b>.</div>",0
1538,2,2,1,"<div>Als er een extra voorzetsel staat en dit in het Nederlands niet goed weergegeven kan worden, alleen <b><i>brengen</i></b>.</div>",1
1543,5,5,0,"<div><b>2. In de scheepvaart, een technische term om te omschrijven dat een schip afdrijft</b> (mogelijk in <a class=""l"">Hand 27:32</a>) <b>of vastloopt ergens op, <i>terechtkomen</i></b>.&nbsp;</div>",3
1543,4,4,1,"<div>Als er nog een extra voorzetsel staat, en dit in het Nederlands moeilijk in de vertaling past, alleen <b><i>vallen</i></b>.</div>",2
1543,3,3,1,"<div>b. Door Nederlands idioom past soms beter <b><i>afvallen</i></b>, ook weer in figuurlijk gebruik iets kwijtraken.</div>",1
1543,2,2,1,"<div>a. Ergens uit vallen, of figuurlijk dat iets uitvalt, verslechterd of faalt, <b><i>vallen uit/uitvallen</i></b>.</div>",0
1549,1,3,0,"<div><b>In beweging zijn van een punt en, al dan niet gespecificeerd, naar een ander punt, <i>uitgaan</i></b>.</div>",0
1549,2,2,1,"<div>In de context past het in het Nederlands soms beter explicieter te zijn, <b><i>naar buiten gaan</i></b>.</div>",1
1549,3,3,1,"<div>Als er nog een extra voorzetsel bij staat en dit past niet goed in de vertaling, slechts <b><i>komen</i></b>.</div>",2
1554,1,1,0,"<div><b>1. Een gemoedstoestand van verbijstering of een sterke emotionele ervaring, buiten zichzelf zijn, <i>ontzetting</i></b>.</div>",0
1554,2,2,0,"<div><b>2. Buiten zichzelf zijn, niet bewust van het moment, maar iets anders waarnemen, vaak een goddelijke boodschap, <i>trance</i></b>.</div>",1
1557,1,2,0,"<div><b>Iets langer maken tot zijn volle lengte, <i>uitstrekken</i></b>.</div>",0
1557,2,2,1,"<div>Bij een anker van een schip, <b><i>uitbrengen</i></b>.</div>",1
1562,1,2,0,"<div><b>Een sterke emotionele reactie op een verassend of verbazingwekkend iets, <i>diep ontzag hebben </i>of<i> krijgen</i></b>.</div>",1
1562,2,2,1,"<div>Waar in de context de overwegend positieve toon van ""ontzag"" niet past, <b><i>overrompeld zijn</i></b>.</div>",2
1565,2,2,0,"<div><b>1. Informatie geven door iets zorgvuldig na te gaan, <i>uiteenzetten</i></b>.</div>",0
1565,3,3,0,"<div><b>2. Een kind buiten zetten, achter laten, <i>te vondeling leggen</i></b>.</div>",1
1569,1,1,0,"<div><b>1. Voorzien van voedsel, <i>voeden</i></b>.</div>",0
1569,2,2,0,"<div><b>2. Een kind opvoeden, <i>groot brengen</i></b>.</div>",1
1572,1,1,0,"<div><b>Moeite doen om iets te vinden of te leren, <i>zoeken</i></b>. De betekenis van het werkwoord ligt dicht bij <a class=""ghw"" name=""G_l_5495"" contenteditable=""false""><span class=""ncv-GH""><span class=""translit"">zēteō</span><span class=""Greek"">ζητεω</span></span></a>, maar het verschil zou erin kunnen liggen dat bij dit woord al min of meer bekend is wat gezocht wordt en waar het te vinden is, maar men het daar uit wil krijgen, <b><i>(iets er uit) zoeken</i></b>.</div>",0
1576,1,2,0,"<div><b>1. De vruchten die aan een olijfboom groeien, <i>olijven</i></b>. Ook gebruikt als naam voor de Olijfberg.</div>",0
1576,2,2,1,"<div>Indien verwezen naar de olijfberg zonder toevoeging van het woord <a class=""ghw"" name=""G_l_3758"" contenteditable=""false""><span class=""ncv-GH""><span class=""translit"">oros</span><span class=""Greek"">ορος</span></span></a>, berg, dan vertaald als <b><i>olijfberg</i></b>.</div>",2
1576,3,3,0,"<div><b>2. De bomen zelf, <i>olijfboom</i></b>.</div>",1
1581,2,2,1,"<div>a. Bijvoeglijk gebruikt, <b><i>licht</i></b></div>",0
1581,3,3,1,"<div>b. Zelfstandig gebruikt, <b><i>lichtheid</i></b></div>",1
1586,3,3,0,"<div>2. Actief – <b>voortdrijven, bij schepen, <i>roeien</i></b>.</div>",1
1586,2,2,0,"<div>1. Mediaal – <b>passieve betekenis, <i>voortgedreven worden</i></b>.</div>",0
1587,1,1,0,<div>1. Actief – <b><i>barmhartig zijn</i></b></div>,0
1592,3,3,0,"<div><b>2. Iemand erop wijzen dat zijn gedrag of gedachtengangen verkeerd zijn door er iets tegenin te brengen, iemand <i>aantonen verkeerd te zitten</i>.</b></div>",1
1592,2,2,1,"<div>Indien in de zin verder al gespecificeerd is als wat ze aangetoond worden, alleen <b><i>aantonen</i></b>.</div>",2
1592,1,2,0,"<div><b>1. Bewijs ergens tegenin brengen, iets aan het licht brengen als verkeerd, <i>aantonen als verkeerd</i></b>.</div>",0
1597,1,2,0,<div><b><i>Barmhartigheid</i></b></div>,0
1597,2,2,1,"<div>Bijvoeglijk gebruikt, <b><i>barmhartig</i></b>.</div>",1
1611,1,1,0,"<div><b>Aramees voor ""mijn God"", getranslitereerd als <i>eloi</i></b>.</div>",0
1612,1,1,0,"<div><b>Het uitkijken naar iets met enige (al dan niet terechte) zekerheid op de vervulling er van, <i>hoop</i></b>.</div>",0
1613,1,1,0,"<b>Het uitkijken naar iets met enige (al dan niet terechte) zekerheid op de vervulling er van,&nbsp;<i>hopen</i></b>.",0
1615,1,2,0,"<div><b>Reflexief persoonlijk voornaamwoord eerste persoon, <i>mijzelf</i></b>.</div>",0
1615,2,2,1,"<div>In sommige grammaticale constructies gebruikt als onderwerp, <b><i>ikzelf</i></b>.</div>",1
1616,1,2,0,"<div><b>Algemeen ""in een gebied stappen"", ergens in stappen, in het NT vooral in een boot, <i>stappen in</i></b>.</div>",0
1616,2,2,1,"<div>Als in de context al een extra voorzetsel staat en het niet goed in de vertaling past, alleen <b><i>stappen</i></b>.</div>",1
1618,1,2,0,"<div><b>Iets onderdompelen in een vloeistof, <i>indopen</i></b>.</div>",0
1618,2,2,1,"<div>Als er in de context nog een voorzetsel staat en dit in de vertaling niet goed past, alleen <b><i>dopen</i></b>.</div>",1
1619,1,1,0,"<div>Van dit woord, dat maar één maal voorkomt in het NT, is moeilijk vast te stellen wat er bedoeld wordt. De basisbetekenis is voet zetten op, binnengaan in een nieuw gebied, en wordt in de LXX gebruikt bij binnentreden van veroverde gebieden. Het woord wordt gebruikt voor het inwijden in mysteriereligies, wat in de context zou passen, maar komt dan altijd voor in combinatie met <i>tempel</i>, niet los zoals hier. Daarom is hier gekozen voor een andere betekenis die dit woord kan hebben, waarbij het binnengaan figuurlijk is: <b>binnengaan in nieuwe kennis, <i>zich verdiepen in</i></b>.</div>",0
1621,1,2,0,"<div><b>De blik ergens op richten, en daardoor bewust kijken, <i>aankijken</i></b>.</div>",0
1621,2,2,1,"<div>Als in de context een voorzetsel staat en dat niet goed in de vertaling past, alleen <b><i>kijken</i></b>.</div>",1
1627,1,2,0,"<div><b>Blijven in een plaats voor een bepaalde periode, of blijven in een bepaalde staat of toestand, <i>blijven in</i></b>.</div>",0
1627,2,2,1,"<div>Als in de context een extra voorzetsel staat en het past niet goed in de vertaling, alleen <b><i>blijven</i></b>.</div>",1
4960,2,2,1,"<div>a. In de natuurlijke wereld, <b><i>elementen</i></b>.</div>",1
4960,3,3,1,"<div>b. In onderwijs, de beginselen waarop iets gebouwd is, zoals de <i>letters</i> van het alfabet of de <i>fundamentele principes</i> van een theorie of van de waarheid, <b><i>grondbeginselen</i></b>.</div>",0
4306,2,2,1,"<div>a. Wind, <b><i>windvlaag</i></b>.</div>",2
4306,3,3,1,"<div>b. Het uitblazen van lucht, <b><i>adem</i></b>.</div>",1
4306,4,4,0,"<div><b>2. Dat wat leven geeft aan het lichaam, adem, <i>geest</i></b>.</div>",0
2745,1,1,0,"<div>Dit woord duidt op het neerwerpen van iets. In andere Griekse teksten wordt dit naast letterlijk neerwerpen ook gebruikt voor het leggen van stenen voor een fundament, waardoor andere vertaling ook <i>grondlegging</i> vertalen. Ook gebruikt voor het zaaien van zaad. Hier steeds weergegeven als <b><i>neerwerping</i></b>.</div>",0
1630,1,4,0,"<div>Persoonlijk voornaamwoord eerste persoon voor andere dan de eerste naamval, zie <a class=""ghw"" name=""G_l_1436"" contenteditable=""false""><span class=""ncv-GH""><span class=""translit"">egō</span><span class=""Greek"">εγω</span></span></a>, langere vorm van <a class=""ghw"" name=""G_l_3524"" contenteditable=""false""><span class=""ncv-GH""><span class=""translit"">mou/moi/me</span><span class=""Greek"">μου/μοι/με</span></span></a>, <b><i>mij</i></b>.</div>",0
1630,2,2,1,"<div>Indien gebruikt om bezit aan te duiden, meestal met de tweede naamval of na <a class=""ghw"" name=""G_l_2737"" contenteditable=""false""><span class=""ncv-GH""><span class=""translit"">kata+4</span><span class=""Greek"">κατα+4</span></span></a>, dan kan het soms beter passen ""van mij"" af te korten tot <b><i>mijn</i></b>.</div>",1
1630,3,3,1,"<div>In bepaalde grammaticale constructies is dit woord in de vierde naamval juist het onderwerp, of in een andere naamval in een tussenzin, en wordt dus vertaald met <b><i>ik</i></b>.</div>",3
1630,4,4,1,<div>In een vergelijking in Filemon vertalen we in het Nederlands <b>als <i>mijzelf</i></b>.</div>,2
1634,1,2,0,"<div><b>Iemand met woorden belachelijk maken, </b><b style=""font-style: italic;"">spotten</b>.</div>",0
1634,2,2,1,<div>In de passieve vorm moeten we in het Nederlands gaan naar <b><i>bespotten</i></b>.</div>,1
1639,1,1,0,"<div><b>Ademen op, <i>blazen op</i> iemand</b>, met als doel de geest overbrengen. Zo ook in andere Griekse teksten, waar dit woord gebruikt wordt voor het beschrijven van hoe een god de levensadem op lichamen blaast om ze leven te geven. In het NT om de heilige geest over te brengen.</div>",0
1641,1,2,0,"<div><b>Ergens <i>in vallen</i></b>, letterlijk in een gebied of plaats, of figuurlijk in een bepaalde gesteldheid of ervaring.</div>",0
1641,2,2,1,"<div>Indien er een extra voorzetsel <a class=""ghw"" name=""G_l_1653"" contenteditable=""false""><span class=""ncv-GH""><span class=""translit"">en</span><span class=""Greek"">εν</span></span></a>&nbsp;bij staat, dan vertalen we dit in het Nederlands niet dubbel, maar alleen <b><i>vallen</i></b>.</div>",1
1642,1,2,0,"<div><b>Door ergens in verstrengeld te zijn niet meer van weg kunnen</b>, in figuurlijke zin, <b>ergens betrokken in zijn of worden, <i>verwikkeld zijn</i></b>.</div>",0
1646,1,1,0,"<div>1. Intransitef – <b>Je bezighouden met kopen en verkopen, <i>handelen</i></b>.</div>",0
1646,2,2,0,"<div>2. Transitief – <b>Iemand kopen of verkopen, <i>verhandelen</i></b>.</div>",1
1648,1,1,0,"<div><b>Plaats waar handel wordt gedreven</b>, hier in combinatie met <a class=""ghw"" name=""G_l_3675"" contenteditable=""false""><span class=""ncv-GH""><span class=""translit"">oikos</span><span class=""Greek"">οικος</span></span></a>, huis, <b><i>markt</i></b>(huis).</div>",0
1652,2,2,1,"<div>Met voorzetsel, <b><i>spuwen</i></b> (in/op)</div>",1
1652,1,2,0,"<div><b>Spuwen op/in iets of iemand</b>, zonder voorzetsel, <b>iemand <i>bespuwen</i></b>.</div>",0
1664,2,2,1,"<div>Waar het niet om een gezindheid of gevoel gaat, past in het Nederlands betonen niet, en is vertaald met <b><i>tonen</i></b>.</div>",1
1664,1,2,0,"<div>In tegenstelling tot&nbsp;<a class=""ghw"" name=""G_l_1119"" contenteditable=""false""><span class=""ncv-GH""><span class=""translit"">deiknumi</span><span class=""Greek"">δεικνυμι</span></span></a>, tonen, is bij dit woord wat wordt laten zien niet direct zichtbaar, maar indirect af te leiden uit handelen of omstandigheden, (iemand) iets <b><i>betonen</i></b>.</div>",0
1667,1,1,0,"<div>1. Transitief – <b>iemand kleding aandoen, iemand <i>aankleden</i></b>.</div>",0
1667,2,2,0,<div>2. Reflexief – <b><i>zich kleden</i> (in iets)</b>.</div>,1
1671,1,2,0,"<div><b>Vol glans of heerlijkheid, <i>heerlijk</i></b>.</div>",0
1671,2,2,1,"<div>Van mensen, <b><i>in aanzien</i></b>.</div>",1
1672,3,3,2,"<div>Als staat van zijn, iets aangedaan hebbend, dus <b><i>gekleed zijn</i></b>.</div>",2
1672,4,4,1,"<div>b. Een plaats of huis binnen gaan, met een negatieve bijklank, binnengaan op een slinkse manier, (binnen) <b><i>glippen</i></b>.</div>",1
1674,1,2,0,"<div><b>Iemand of iets de kracht geven een bepaalde taak te kunnen doen, <i>kracht geven</i></b>.</div>",0
1674,2,2,1,<div>Als passieve gebiedende wijs past beter <b><i>wordt krachtig gemaakt</i></b></div>,1
1681,1,2,0,"<div><b>Het actief zijn van iets of iemand, de <i>werkzaamheid</i></b>.</div>",0
1681,2,2,1,"<div>Als iets dat gestuurd kan worden, <b><i>inwerking</i></b>.</div>",1
1683,2,2,0,"<div><b>2. De mogelijkheden van iemand of iets aan het werk zetten, werkzaam doen zijn, <i>bewerken</i></b>.</div>",1
1683,1,1,0,"<div><b>1. De mogelijkheden van iemand/iets die werken, <i>werkzaam zijn</i></b>.</div>",0
1686,1,3,0,"<div><b>Ergens in zijn of bestaan in, <i>is in</i></b>.</div>",0
1686,2,2,1,"<div>Indien in de context nog een ander voorzetsel van plaats staat, dan vertaald met, <b><i>is (er)</i></b>.</div>",1
1686,3,3,1,"<div>Indien in de zin vaker herhaald dan in het Nederlands past, dan weggelaten,&nbsp;<b>✶</b>.</div>",2
1688,1,1,0,"<div>1. Transitief – <b>iemand (weer) sterk maken, krachten teruggeven, iemand <i>sterken</i></b>.</div>",0
1688,2,2,0,"<div>2. Intransitief, reflexief – <b>zelf weer sterk worden, krachten terugkrijgen, <i>aansterken</i></b>.</div>",1
1700,2,2,0,"<div>2. Mediaal – <b>passieve betekenis, <i>lastig gevallen worden</i></b>.</div>",0
1700,1,1,0,"<div>1. Actief – <b>iets/iemand lastig vallen, of voor andere onderwerpen dan mensen, <i>last bezorgen</i></b>.</div>",1
1701,1,2,0,"<div><b>Overgeleverd zijn aan een situatie, gedwongen (Heb 2:15), of als opgelegde maatregel voor wat tegen iemand gehouden wordt, <i>vervallen</i> (tot)</b>.</div>",0
1701,2,2,1,"<div>Overgeleverd aan ""het lichaam en bloed van de Heer"", daarbij past beter <b><i>onderhevig</i></b> <b>(aan)</b>.</div>",1
1718,1,1,0,"<div><b>1. Een officiële of autoritieve opdracht, een bevel, <i>gebod</i></b>.</div>",0
1718,2,2,0,"<div><b>2. Waar het minder lijkt te gaan over wat een hoger geplaatst iemand heeft geboden, maar voorgeschreven is, <i>voorschrift</i></b>.</div>",1
1720,3,3,1,"<div>b. Zelfstandig gebruikt, <b><i>binnenkant</i></b>.</div>",1
1720,2,2,1,"<div>a. Als bijwoord van plaats, <b><i>binnen</i></b>.</div>",0
1722,1,1,0,"<div><b>1. Iemand doen omdraaien van schaamte, <i>beschamen</i></b>.</div>",0
1722,2,2,0,"<div><b>2. Naar iemand toe draaien in erkenning van iemands positie, <i>respecteren</i></b>.</div>",1
1727,1,2,0,"<div><b>Iets om iemand heen wikkelen, iemand <i>wikkelen in</i> iets</b>.</div>",0
1727,2,2,1,"<div>Als er in het vers nog een extra voorzetsel staat, dan past het in het Nederlands beter allen te vertalen met <b><i>wikkelen</i></b>.</div>",1
1733,1,1,0,"<div><b>1. Aangeven iets te zullen doen, met de verplichting dit ook na te komen, <i>beloven</i></b>.</div>",0
1733,2,2,0,"<div><b>2. Aangeven ergens voor te staan, iets propageren of <i>uitdragen</i></b>.</div>",1
1735,1,2,0,"<div><b>Een staat of gebeurtenis laten gebeuren bij iemand, iets <i>over</i> iemand <i>brengen</i></b>.</div>",0
1735,2,2,1,"<div>Indien in de zin nog een extra voorzetsel staat, past het in het Nederlands niet dit te herhalen, en wordt er alleen vertaald met <b><i>brengen</i></b>.</div>",1
1740,1,2,0,"<div><b>Iets omhoog doen bewegen, <i>opheffen</i></b>.</div>",0
1740,2,2,1,"<div>In het Nederlandse spraakgebruik past in uitdrukkingen als ""stem verheffen"", ""zich verheffen (tegen)"" beter <b><i>verheffen</i></b>.</div>",1
1741,1,1,0,"<div>1. Mediaal – <b>actieve/reflexieve betekenis, je ergens door verlegen of onbehaaglijk voelen, <i>je schamen</i> (voor)</b>.</div>",0
1741,2,2,0,<div>2. Passief – <b>ergens door <i>beschaamd worden</i></b>.</div>,1
1748,1,1,0,"<div><b>1. Letterlijk een omhoog voeren naar een punt, gewoonlijk in de betekenis <i>terug (omhoog) gaan</i></b>.</div>",0
1748,2,2,0,<div><b>2. In de scheepvaart gebruikt om voor <i>de zee opgaan</i></b>.</div>,1
1750,2,2,1,"<div>Indien in de zin nog een extra voorzetsel staat past het niet dubbel te vertalen, dan alleen <b><i>rusten</i></b>.</div>",1
1750,1,2,0,"<div><b>Rust vinden, letterlijk of figuurlijk, vertrouwen, op iets of iemand, <i>rusten op</i></b>.</div>",0
1765,3,3,0,"<div><b>3. Specifieker, een plek vasthebben, ergens <i>blijven</i></b>.</div>",2
1765,2,2,0,"<div><b>2. Specifieker, de aandacht vasthebben op iets, <i>gericht zijn (op)</i></b>.</div>",1
1765,1,1,0,"<div><b>1. De algemene betekenis van dit werkwoord is iets vasthebben of -houden, <i>vasthebben</i></b>.</div>",0
1770,1,2,0,"<div><b>De ogen ergens op fixeren, zich ergens mee bezig houden, <i>acht slaan op</i></b>.</div>",0
1770,2,2,1,"<div>Als er in de zin nog een extra voorzetsel staat, dit niet dubbel vertalen, maar slechts <b><i>acht slaan</i></b>.</div>",1
1779,4,4,1,"<div>c. Figuurlijk, dat iets gebeurt bij iets of iemand, <b><i>komen over</i></b>.</div>",2
1779,3,3,1,"<div>b. Indien het gaat om op een punt komen, maar niet noodzakelijk ergens bovenop komen, alleen <b><i>komen</i></b>.</div>",1
1779,2,2,1,"<div>a. In combinatie met nog een voorzetsel, dan alleen <b><i>komen</i></b>.</div>",0
1781,1,1,0,"<div><b>1. Een vraag stellen (over)</b>. Het voornaamste verschil met <a class=""ghw"" name=""G_l_1946"" contenteditable=""false""><span class=""ncv-GH""><span class=""translit"">erōtaō</span><span class=""Greek"">ερωταω</span></span></a>, vragen, is dat hier de nadruk meer ligt op waar naar gevraagd wordt, i.p.v. de vraag zelf. Daarom vertaald als <b><i>navragen</i></b>.</div>",0
1781,2,2,0,"<div><b>2. Een verzoek doen, iets van iemand <i>vragen</i></b>.</div>",1
1785,3,3,1,"<div>b. Voor meerdere mensen, dus <i style=""font-weight: bold;"">tegelijk</i>.</div>",1
1785,2,2,1,"<div>a. Ter uitsluiting van andere momenten, <b><i>eens voor altijd</i></b>.</div>",0
1792,3,4,1,"<div>b. Indien op of boven iets of iemand, <b><i>staan op</i></b>.</div>",2
1792,4,4,2,"<div>Indien er in de zin nog een extra voorzetsel staat, dit niet dubbel vertalen, dan alleen <b><i>staan</i></b>.</div>",3
1792,2,2,1,"<div>a. Algemeen, <b><i>staan bij</i></b>.</div>",0
1792,5,5,0,"<div><b>2. In zin van tijd, dat een gebeurtenis nabij is, <i>aanstaande zijn</i></b>.</div>",1
1798,1,1,0,"<div><b>1. Ergens op klimmen of stappen, een schip of een lastdier, <i>opstappen</i></b>.</div>",0
1798,2,2,0,"<div><b>2. Voet op een gebied zetten, een gebeid <i>betreden</i></b>.</div>",1
1799,5,5,1,"<div>In het lastige vers in Marcus betekent dit woord mogelijk dat Petrus zichzelf op de grond werpt, maar het Grieks is cryptisch.</div>",3
1799,4,4,1,"<div>Bij het zetten op een lap wordt dit woord in een iets afgezwakte betekenis gebruikt, <b><i>zetten (op)</i></b>.</div>",5
1799,3,3,1,<div>Bij een strop past het in het Nederlands beter te zeggen die <b><i>om</i> iemand te <i>werpen</i></b>.</div>,1
1799,1,5,0,"<div><b>1. Iets ergens op of over werpen, <i>werpen op</i></b>.</div>",0
1799,2,2,1,"<div>Indien er in de zin nog een extra voorzetsel staat, dit niet dubbel vertalen, maar alleen <b><i>werpen</i></b>.</div>",2
1803,1,2,0,"<div><b>Ergens goed op letten, de blik of de aandacht op vestigen, <i>kijken (naar)</i></b>.</div>",0
1799,6,6,0,"<div><b>2. Een deel dat op je geworpen wordt, dat je toekomt, <i>toekomen</i></b>.</div>",4
518,1,4,0,"<div><b>1. Bewegen vanaf een punt, <i>vertrekken, gaan naar</i>.</b></div>",NULL
518,2,3,1,"<div>a. Als het eindpunt niet is aangegeven, voor personen,&nbsp;<b><i>vertrekken</i></b>.</div>",0
518,3,3,2,"<div>Voor niet-personen, <b><i>weggaan</i></b>.</div>",1
518,4,4,1,"<div>b. Als het eindpunt is aangegeven (meestal met&nbsp;<a class=""ghw"" name=""G_l_1467"" contenteditable=""false""><span class=""ncv-GH""><span class=""translit"">eis</span><span class=""Greek"">εις</span></span></a>),&nbsp;<b><i>gaan</i></b>&nbsp;(naar).</div>",2
518,5,5,0,"<div><b>2. Nadruk op het punt dat bereikt wordt, <i>komen</i>.</b></div>",4
573,2,3,1,"<div>a. Teruggeven aan de oorspronkelijke of vorige eigenaar, <b><i>teruggeven</i></b>.</div>",0
573,3,3,2,"<div>Als het in de context specifiek over geld gaat, dan past beter <b><i>terugbetalen</i></b>.</div>",2
573,4,5,1,"<div>b. Teruggeven op basis van wat iemand gedaan heeft, vergoeden, <b><i>vergelden</i></b>.</div>",7
573,5,5,2,"<div>Wanneer ook vermeldt wordt wat als ""vergoeding"" gegeven wordt, dan past beter <b><i>geven</i></b>.</div>",1
573,6,7,1,"<div>c. Iets teruggeven of doen voor iemand op basis van overtuiging of verplichting, <b><i>voldoen</i></b>.</div>",5
573,7,7,2,"<div>Enkele uitdrukkingen gaan in het Nederlands met <b><i>geven</i></b>, zoals <i>rekenschap geven</i> of een <i>getuigenis geven</i>.</div>",6
573,8,10,0,"<div>2. <i>Mediaal</i> - In de middenvorm verschuift aan wie teruggegeven wordt, namelijk aan het onderwerp. Dan wordt de betekenis niet teruggeven, maar <b><i>terugkrijgen</i></b>. In alle gevallen gaat het in de context om een verkoop, een ruil.</div>",NULL
573,9,9,1,"<div>a. Wanneer gesproken wordt over wat bij verkoop teruggekregen is, <b><i>terugkrijgen</i></b>.</div>",3
573,1,7,0,"<div>1. <i>Actief</i> - Algemene betekenis van het woord is, zoals het trefwoord, <b><i>teruggeven</i></b>, waarbij het ""terug"" verschillende redenen kan hebben.</div>",NULL
603,7,7,1,"<div>a. Destructie van mensen, sterven, <b><i>omkomen</i></b>.</div>",3
603,8,8,1,"<div>b. Van mensen en zaken, maar als precieze aard van destructie onduidelijk is, <b><i>te gronde gaan</i></b>.</div>",6
603,6,8,0,<div>2. <i>Mediaal</i> - <b>Destructie ondervinden</b>.</div>,NULL
603,5,5,1,"<div>c. Van mensen en zaken, maar als precieze aard van destructie onduidelijk is, <b><i>te gronde richten</i></b>.</div>",7
603,4,4,1,"<div>b. Destructie van andere zaken, <i><b>vernietigen</b>.</i></div>",0
603,3,3,1,"<div>a. Destructie van mensen, doen sterven, <i style=""font-weight: bold;"">doen omkomen</i>.</div>",5
603,2,5,0,<div>1. <i>Actief</i> -&nbsp;<b>Destructie veroorzaken</b>.</div>,NULL
2679,3,3,2,"<div>a. Als er sprake is van een periode voor landbouw, <b><i>seizoen</i></b>.</div>",3
2679,4,4,2,"<div>b. Als er geen sprake van is, <b><i>periode</i></b>.</div>",0
2679,5,8,1,"<div>2. <b>Tijdstippen</b>, vaak met de notie dat het om het geschikte of juiste moment gaat.</div>",NULL
2679,6,6,2,"<div>a. Algemeen, <b><i>moment</i></b>.</div>",2
2679,7,7,2,"<div>b. Als het gaat om een moment waarop je een kans hebt om te grijpen, <b><i>gelegenheid</i></b>.</div>",1
2679,8,8,2,"<div>c. Als het gaat om de juiste tijd om iets de toen, <b><i>bestemde tijd</i></b>.</div>",4
2679,2,4,1,"<div>1.&nbsp;<b>Lange periode binnen een&nbsp;</b><a class=""ghw"" name=""G_l_122"" style=""color: rgb(0, 0, 0);""><span class=""ncv-GH""><span class=""Greek"">αιων</span></span></a><b>&nbsp;of a</b><b>lgemene perioden</b></div>",NULL
2679,1,8,0,"<div>Met dit woord worden tijdseenheden aangeduid, en wordt gebruikt voor 1) langere perioden waar een&nbsp;<a class=""ghw"" name=""G_l_122"" contenteditable=""false""><span class=""ncv-GH""><span class=""translit"">aiōn</span><span class=""Greek"">αιων</span></span></a>&nbsp;in verdeeld kan worden, al dan niet met een bepaald karakter, of algemeen perioden, een <i>periode</i>,&nbsp;<i>seizoen</i>, 2) of voor <i>momenten</i> en <i>gelegenheden</i>.</div>",NULL
2832,6,8,0,<div>2. <b>Het terugbrengen in een conditie om goed te kunnen functioneren.</b></div>,NULL
2832,7,7,1,"<div>a. Herstellen van mensen, <b><i>terecht brengen</i></b>.</div>",1
2832,8,8,1,"<div>b. Herstellen van spullen, <b><i>herstellen</i></b>.</div>",3
2832,5,5,1,"<div>c. Als de nadruk ligt op het veranderen van de ene naar de andere staat, <b><i>aanpassen</i></b>.</div>",4
2832,4,4,1,"<div>b. Iets als geheel gereedmaken voor een doel, taak, <b><i>bereiden</i></b>.</div>",2
2832,3,3,1,"<div>a. Voorzien in wat nodig is voor een doel, taak, <b><i>toerusten</i></b>.</div>",0
2832,2,5,0,"<div>1. <b>Geschikt maken voor een doel, een taak.</b></div>",NULL
2072,2,2,0,"<div>1. <b>Het voorbereiden voor een taak of doel, <i>volkomen toerusten</i></b>.</div>",NULL
2072,3,3,0,"<div>2. <b>Het tot een einde brengen van een periode, </b><i style=""font-weight: bold;"">voleindigd zijn</i>.</div>",NULL
2072,1,1,0,"<div>Dit werkwoord is afgeleid van&nbsp;<a class=""ghw"" name=""G_l_728"" style=""color: rgb(0, 0, 0);""><span class=""ncv-GH""><span class=""Greek"">αρτιον</span></span></a>,&nbsp;<i>toegerust</i>, geschikt voor een functie, en beschrijft het tot een einde brengen van iets, bijvoorbeeld een periode van training of voorbereiding, klaar voor wat gaat komen, en heeft als trefwoord ook&nbsp;<b><i>volkomen toerusten</i></b>.</div>",NULL
518,6,6,0,"<div><b>3. Beweging vanaf een staat, iets dat voorbij is, <i>voorbij gaan</i>.</b></div>",3
17,1,3,0,<div><b>Niet met (mensen)handen gemaakt of gedaan</b>.</div>,NULL
17,2,2,1,"<div>a. Van de tempel, <i><b>niet met hand gemaakt</b></i>.</div>",0
17,3,3,1,"<div>b. Van de besnijdenis, <b><i>niet met handen verricht</i></b>.</div>",1
23,4,4,2,"<div>In de uitdrukking ""tot op deze dag"", <b><i>tot op</i></b>.</div>",3
23,5,5,2,"<div>In de uitdrukking ""binnen ... dagen"", <b><i>binnen</i></b>.</div>",4
23,6,6,1,"<div>d. Algemener, over tijd of afstand tot een volgend punt, <b><i>tot</i></b>.</div>",1
23,3,3,2,"<div>Indien het punt zelf meegerekend wordt, <b><i>tot ... toe</i></b>.</div>",2
23,2,5,1,"<div>a. Specifiek over de tijd tot een volgend punt, <b><i>totdat</i></b>.</div>",0
23,1,6,0,"<div>Algemeen duidt dit woord op <b>een interval tussen twee punten</b>, meestal in de tijd <b><i>totdat</i></b> of tot een volgend punt aanbreekt, een enkele keer spreekt het over de afstand of ruimte tussen twee punten.</div>",NULL
40,1,1,0,"<div><b>1. Niet rechtvaardig handelen (met iemand), <i>onrecht doen</i></b>.</div>",0
40,2,2,0,<div><b>2. Door uitbreiding van betekenis: <i>schade berokkenen</i></b>.</div>,1
46,1,2,0,"<div><b>1. De test niet doorstaan en daarmee niet goed, <i>onbeproefd</i></b>.</div>",0
46,2,2,1,"<div>In de context van een wedstrijd,<b> <i>gediskwalificeerd</i>.</b></div>",2
46,3,3,0,"<b>2. Door uitbreiding van betekenis, niet geschikt voor een doel,&nbsp;<i>ongeschikt</i></b>.<br>",1
50,1,1,0,"<div>Letterlijk betekent dit woord <i>zonder kracht, zonder vermogen zijn om iets te doen</i>, en wordt gebruikt om te zeggen dat iets <b><i>onmogelijk is</i></b>.</div>",0
51,2,2,0,"<div><b>2. Door uitbreiding van de betekenis, is is <i>onmogelijk</i></b>.</div>",1
51,1,1,0,"<div><b>1. Zonder kracht of vermogen iets te kunnen doen, <i>krachteloos</i></b>.</div>",0
54,1,1,0,"<div>Net als in het Hebreeuws kan dit woord zowel op een gier als een adelaar wijzen. Deze werden in oude literatuur ook wel onder dezelfde groep geschaard. In de teksten van Openbaring zou, met het beeld van snelheid, wellicht eerder aan een adelaar gedacht kunnen worden, maar vooralsnog is overal vertaald: <b><i>gier</i></b>.</div>",0
61,1,1,0,"<div>1. Actief,<b> Warme, positieve gevoelens voor iemand hebben, <i>liefhebben</i></b>.</div>",0
61,2,3,0,"<div>2. Passief, <b><i>geliefd worden</i> of <i>zijn</i></b>.</div>",2
61,3,3,1,<div>Als iemand als zodanig wordt aangesproken: <b><i>geliefde</i></b>.</div>,1
62,1,1,0,"<div><b>1. Warme en positieve gevoelens voor iemand, <i>liefde</i></b>.</div>",0
62,2,2,0,"<div><b>2. Religieuze maaltijden gehouden door de vroege Christenen om hun geloof, zorgen en onderlinge liefde te delen, <i>liefdesmalen</i></b>.</div>",1
84,1,3,0,"<div><b>(Iets of iemand) niet kennen, niet weten.</b></div>",NULL
84,2,2,1,<div>a. <b><i>Onwetend zijn</i></b> (betreffende iets)</div>,0
84,3,3,1,"<div>b. <b><i>Onbekend zijn</i></b> (met iets, voor iemand)</div>",1
86,1,3,0,<div><b>Een staat van zonder kennis zijn</b></div>,NULL
86,2,2,1,"<div>a. De staat beschrijvend, <i style=""font-weight: bold;"">zonder kennis</i>.</div>",0
86,3,3,1,"<div>b. Zelfstandig gebruikt, het zonder kennis zijn, <b><i>onwetendheid</i></b>.</div>",1
88,10,10,2,"<div>b. Als andere woorden aangeven waar heen bewogen wordt, <b><i>gaan</i></b>.</div>",5
88,9,9,2,"<div>a. Van een punt af bewegen, <b><i>heengaan</i></b>.</div>",3
88,8,10,1,"<div><b>2. In afgezwakte zin, als alleen de beweging nog in beeld is</b></div>",NULL
88,7,7,2,"<div>e. In een proces, iemand <b><i>voorleiden</i></b>.</div>",6
88,6,6,2,"<div>d. Indien de beweging niet naar een punt toe maar van een punt af is, <b><i>wegbrengen</i></b>.</div>",8
88,5,5,2,"<div>c. Mensen met iemand mee laten gaan, <b><i>meevoeren</i></b>.</div>",1
88,4,4,2,"<div>b. Indien het punt niet genoemd wordt, <b><i>meebrengen</i></b>.</div>",2
88,3,3,2,<div>a. Iets of iemand ergens heen <b><i>leiden</i></b>.</div>,0
88,2,7,1,<div><b>1. Iets of iemand brengen naar een punt</b>.</div>,NULL
88,1,13,0,"<div><b>De beweging van iets richten op een punt, iets of iemand meenemen of meebrengen.</b></div>",NULL
88,11,13,1,<div>3. In enkele uitdrukkingen</div>,NULL
88,12,12,2,"<div>a. Als tussenwerpsel, kom nu toch, <b><i>kom</i></b>.</div>",4
88,13,13,2,"<div>b. In de uitdrukking ""rechtszittingen op de markt houden"", <b><i>houden</i></b>.</div>",7
90,1,1,0,"<div><b>1. Algemeen: een strijd met een oppositie, <i>strijd</i></b>.</div>",0
90,2,2,0,<div><b>2. Specifiek in sport: <i>wedstrijd</i></b>.</div>,1
94,1,3,0,<div><b>Dat wat van de markt is.</b></div>,NULL
94,2,2,1,"<div><b>1. De mensen van de markt</b>, het volk van de markt, vaak ik negatieve zin, <b><i>gespuis van de markt</i></b>.</div>",0
94,3,3,1,"<div><b>2. Dagen dat er recht gesproken werd op de markt, <i>rechtszittingen op de markt</i></b>.</div>",1
122,2,2,0,"<div>De oorspronkelijke betekenis van levenstijd is mogelijk nog in een enkele tekst te zien. In <a class=""l"">Joh 13:8</a> en <a class=""l"">1Kor 8:13</a> lezen we dat Petrus en Paulus iets niet willen doen ""voor het tijdperk"", wat mogelijk vertaald kan worden als ""nooit van mijn leven"".</div>",NULL
122,1,1,0,"<div><b>Een lange, onbepaalde tijd, een (wereld)<i>tijdperk</i></b>. Oorspronkelijk beschreef het woord de tijd van het leven, en in de loop van eeuwen is dit woord de wereldtijdperken die de hele tijdsspanne omvatten gaan beschrijven. Zo is het woord ook in het NT gebruikt, voor de (wereld)tijdperken, die samen de hele tijdsspanne van begin (<a class=""l"">1Kor 2:7</a>; <a class=""l"">2Tim 1:9</a>) tot eind (<a class=""l"">Heb 9:26</a>) beschrijven.</div>",0
123,1,1,0,"<div>Bijvoeglijk naamwoord bij <a class=""ghw"" name=""G_l_122"" contenteditable=""false""><span class=""ncv-GH""><span class=""translit"">aiōn</span><span class=""Greek"">αιων</span></span></a>, dat een lange onbepaalde tijd aanduidt, een (wereld)tijdperk, zodat dit bijvoeglijk naamwoord aangeeft dat iets <b><i>gedurende de tijdperken</i></b> is.</div>",0
125,3,3,1,"<div>b. In bepaalde uitdrukkingen, bijv. ""stem verheffen"", <b><i>verheffen</i></b>.</div>",7
125,11,11,0,"<div><b>3. Het omhoog komen, loskomen, van een lap die ergens op genaaid is, <i>loskomen</i></b>.</div>",6
125,4,4,1,"<div>c. <b style=""font-style: italic;"">Optillen</b>.</div>",3
125,5,5,1,"<div>d. Bij de wonderbaarlijke vermenigvuldiging van de broden en vissen, het oprapen van de stukken, <b><i>oprapen</i></b>.</div>",5
125,6,6,1,"<div>e. Het omhoog halen van het anker, <i><b>hijsen</b></i>.</div>",8
125,7,10,0,<div><b>2. Door uitbreiding van betekenis: iets opheffen om het mee te nemen</b>.</div>,NULL
125,8,8,1,"<div>a. <i style=""font-weight: bold;"">Meenemen</i>.</div>",4
125,9,9,1,"<div>b. Als de nadruk meer ligt op het verkrijgen, of in uitdrukkingen als ""op je nemen"", <b><i>nemen</i></b>.</div>",2
125,10,10,1,"<div>c. Als de nadruk ligt op dat iemand iets niet meer heeft erna, <b><i>wegnemen</i></b>.</div>",1
125,1,6,0,<div><b>1. Iets heffen naar een hogere positie</b>.</div>,NULL
125,2,2,1,"<div>a. <b style=""font-style: italic;"">Heffen</b>.</div>",0
139,1,2,0,"<div><b>1. De oorzaak van iets, <i>oorzaak</i></b>.</div>",0
139,2,2,1,<div><b><i>Reden</i></b></div>,1
139,3,5,0,<div><b>2. De basis voor een juridische zaak</b></div>,NULL
139,4,4,1,<div>a. <b><i>Reden voor een aanklacht</i></b>.</div>,3
139,5,5,1,<div>b. <b><i>Beschuldiging</i></b>.</div>,2
141,1,1,0,"<div>Dit woord heeft zeer vergelijkbare betekenissen met het verwante <a class=""ghw"" name=""G_l_139"" contenteditable=""false""><span class=""ncv-GH""><span class=""translit"">aitia</span><span class=""Greek"">αιτια</span></span></a>.</div>",NULL
141,2,2,0,"<div><b>1. De oorzaak voor iets, <i>grondoorzaak</i></b>.</div>",0
141,3,3,0,"<div><b>2. De basis voor een juridische zaak, <i>basis voor een aanklacht</i></b>.</div>",1
161,5,5,1,<div>a. <b><i>Horen</i></b></div>,1
161,4,6,0,<div><b>2. De handeling van het horen zelf</b></div>,NULL
161,3,3,1,"<div>b. Een boodschap die zich verspreid, <b><i>gerucht</i></b>.</div>",2
161,2,2,1,<div>a. <b><i>Gehoor</i></b> of (het) <b><i>gehoorde</i></b>.</div>,0
161,1,3,0,"<div><b>1. Dat waarmee we horen, of juist dat wat we horen</b>.</div>",NULL
161,6,6,1,"<div>b. In de uitdrukking ""ten aanhoren van"", <b><i>aanhoren</i></b>.</div>",3
165,2,2,1,"<div>a. Algemeen, <b><i>horen</i></b>.</div>",0
165,3,3,1,"<div>b. Als in een context van horen en opnemen of uitvoeren in het Nederlands horen niet goed past, <b><i>luisteren</i></b>.</div>",2
165,4,4,1,"<div>c. Bij het horen van een taal, niet alleen horen, maar ook begrijpen, <b><i>verstaan</i></b>.</div>",1
165,1,4,0,"<div><b>1. Het gehoor gebruiken, <i>horen</i>, als passieve reactie op</b> <a class=""ghw"" name=""G_l_3181"" contenteditable=""false""><span class=""ncv-GH""><span class=""translit"">legō</span><span class=""Greek"">λεγω</span></span></a>, <b>zeggen/spreken</b>.</div>",NULL
172,1,4,0,"<div><b>Strikt volgens een bepaalde norm of standaard, aandachtig iets doen</b>.</div>",NULL
172,2,2,1,<div>a. <b><i>Nauwkeurig</i></b>.</div>,0
172,3,3,1,"<div>b. Aangaande onze wandel, <b><i>nauwgezet</i></b>.</div>",1
172,4,4,1,"<div>c. Iets goed weten, <b><i>precies</i></b>.</div>",2
178,1,3,0,<div><b>Het uiterste punt ergens van</b></div>,NULL
178,2,2,1,"<div>a. De uiterste punten van de aarde, <b><i>uiterste</i></b>.</div>",0
178,3,3,1,"<div>b. Het uiterste punt van een staf of vinger, <b><i>uiteinde</i></b>.</div>",1
192,1,2,0,"<div><b>In overeenstemming met de feiten, <i>waar</i></b>.</div>",0
192,2,2,1,"<div>Bijvoeglijk gebruikt, <b><i>naar waarheid</i></b>.</div>",1
209,2,2,1,"<div>Het Grieks gebruikt tweemaal het woord waar wij ""één"" en ""ander"" gebruiken, <b><i>een/ander</i></b>.</div>",1
209,1,2,0,"<div><b>Duidt op wat verschilt van een ander iets, en komt overeen met ons woord <i>ander</i></b>.</div>",0
214,1,3,0,"<div><b>Wat van iemand anders is, en dus vreemd</b>.</div>",NULL
214,2,2,1,<div>a. <b><i>Vreemd</i></b></div>,0
214,3,3,1,"<div>b. Als het meer neutraal slechts wijst erop dat het van een ander is, <b><i>van anderen, andermans</i></b>.</div>",1
229,1,1,0,"<div><b>1. Geen aandacht hebben voor, <i>zich niet bekommeren om</i></b>.</div>",0
229,2,2,0,"<div><b>2. Geen aandacht hebben voor, met als resultaat het verwaarlozen van iets, <i>veronachtzamen</i></b>.</div>",1
262,3,6,0,"<div><b>2. Het afgaan van een volgorde, een rij</b>.</div>",NULL
262,4,4,1,<div>a. <b><i>Elk</i></b>.</div>,3
262,5,5,1,"<div>b. Met <a class=""ghw"" name=""G_l_3398"" contenteditable=""false""><span class=""ncv-GH""><span class=""translit"">meros</span><span class=""Greek"">μερος</span></span></a>, deel, <b><i>om de</i></b> (beurt).</div>",2
262,2,2,0,"<div><b>1. Tot op een plaats, vaak met</b>&nbsp;<a class=""ghw"" name=""G_l_3403"" contenteditable=""false""><span class=""ncv-GH""><span class=""translit"">meson</span><span class=""Greek"">μεσον</span></span></a>, <b>midden, <i>in het</i> (midden), <i>te</i> (midden van)</b>.</div>",1
262,1,1,0,"<div>Het woord betekent letterlijk <b>op, opwaarts, tot op</b>, maar komt vooral voor in specifieke gebruiken en afgeleide betekenissen.</div>",NULL
262,6,6,1,"<div>c. In een verdeling, ""twee aan twee"", <b><i>aan</i></b>.</div>",4
263,2,7,0,<div><b>1. In beweging zijn met als richting omhoog</b>.</div>,NULL
263,1,1,0,"<div>Letterlijk duidt dit woord op een omhoog stappen, in algemene zin gaat het om <b>een beweging omhoog maken</b>.</div>",NULL
263,3,3,1,"<div>a. <b style=""font-style: italic;"">Omhooggaan</b>.</div>",0
